15:52:28 06.12.2011
hierarhy - mst: 100.00
hierarhy - kmeans: 52.19
------CLUSTER------
percent:28.91
size:668
Altesar,w1nd2k10,f14,ribak333,calc,Wayfaerer,extrimal999,TOPTIK,Aibolit_YuRi,saderaf,yanik01,ktv25,Udisurma,helionix,ximikyss,Kaiar,DenShmel,SerGor82,PAWNER,Kil_Ja_Den,ZINTES,Lekon,gjkz1111,Doctor007,kazan1980,ggDieu,kabugi,PyroHard,zxacs,Dokura,gryu,Yurawan,loony23,mopII,1978nbvf1978,PrototypeXII,Zanozabl,benzin661,cablagame,ra4okigor,dukhnovskijjsergejjl,vampirrrrrrr,arrrrrrr,aleksedmitriev,nisan33,egalancev,helloyin,Gastrol,yefimovyefim,pipec123,timofius3,ed1975,StonEDeviL,maxim23komarov,xDENxx,azuroleg,still26,Galeon123,PRADOS,seredaaleksandr,Chesko75,vlad76s,Coshevar,sekator74,qwertpolik,jesssa,mariya24,adillco,PENZA_1,trokachev,agroflora,AntonioTomango,omash211,vtlzzzd,Danto,SenSeles,chaykovskiy9,vasya29111999,DarcSaruman,b00l,Pash777,UguuSeha,w1978a,Slikkk,HOMEP2212,dimaushakov,irinabl2008,Balthasar89,Gabriel86,HappyDethday,alexeevyuriy,lerdan,lipaninsergejj,sertech,TTupaT,Compagno,Lisha,avtobukh,ZARIZA,Trolf,McBodik,Viruf,pilart,zyc,Vatrang,KoTRiK,windec,Laedan,Mirotvarec,_Spriggan,semnizovcev,zahar_berkut,Gerbik,qqwweer,RustemKH,2012fg,rjrnj,imansipe11,Alexalonekot,dimnchester,Melianel,Anderfaker,staffi_09,Timbor,SuperFifa,bkcat,AntonyMontana,LordZ,gt1kran,kolyanchik333,affacor,diversant650,gervet,bububul,Baloda,nukuta1111c,xam861,00003,Korveil,ramazan05avarec,Garmat,full12300,blak84,2223,Zerobubus,devate,neboaleksej,Kensun,DarkApple,LGato,evgen19,AspenALL,sabrae,Alreq,azz09,anton199415,GIDRAxPONIKA,DANIK567,VIstar,Novatro,Gradiol,kira1995,crazyall,Zooluu,djizakec,16kot96,askerovisik,dukshta77,demon5500,crakcer,sid01,mat2012_685,Danji68,badabum1,Zakavirka,drakar77,maxterrus,erkazan,RAA78,JazzOFF,Slonim_47,dedall82,zveroboi666,FullAI,7666722,lincoco,skorpion11,Grammozeka,Mneriel,SweetWS,zondau,gremlen1,starychok,Nejron,Flaming77,LINKON1983,Necrogamer,Burou,greg2007_533,kandybon,fds,L1gApwnz,adminLSV,vospitalka,kandybkin,Virys3000,braian,terenn,voronprk,Berit,Foxder,Lavernia,Monto92,valley2000,ussasha,Charonchik,Fricc,KaRaHDaIII,F00R,losharic,AmenOsa,fess19740228,raggaragga,netnet,KBAHT1,Zlydzen,Bolomut,daymonri,adnon,stots,Alenka55,piroteh,vok232,topdawg,IBlackRavenI,Surgeon65,garibuns,dhaan,Kadr_2010,D33B29,Palabin,cuntaris,GrocKHeLL,aynagul,slavkaaaaru,Larkon,DumBass_97,svayzist,Bergg,faitles,krtaras,torpedadaa,02i011,bigmain,bboorrss,daniiltarasov08,Veronicy,ace74,smit257,saturos,PutiTeng,NasherAlagonder,WTYPMAH,Lady_Storm,PsideAxe,z00l,kalraman,Ymnyi,ytyut11,Atomic_NSK,DervishPustinnik,Engell,IOnibakuI,Bambabarik,dumf,igorput2,Lord_Enigma,Poulal,Comandore4e,AirMaster,ferwest,Sanek_Suhov,mario445,andi0374,polis256,Kerei,alexandrm84,kolya469836,intaco,Doctor198,janikk,hhfgfg,inkognita,semenatr,r3al1ty,Denizzz666,megaherz007,orfumap,sanek2208,Keechka,warhamer1991,greisa,prkcity,TRUPOVOZCIK,bsnsf70,RichardDiRiddick,Ivent,BlackAxe,Jgy4iyPereC,dima9000,mikhailisakv253,majikai,dubmaks,Kalisto_way,xFerusx,lavad2006,Lion1999,Businka80,bak10000,talosta,gogfa,lentiay2008,artsapog,Mamlin3,kazakhstan_alga,evgenybelobaev,artsapog29,qwer2001,mordak123,sten666,AlcoKot88,a3apHuk,deanis_400,37813781,crusler,Lirik32,dimon765679567,re_re,plavniy2,dav1570,Hostelko,max05,arturatnagylov,sovrus1,1558plnva,2gar,WAD1M,vfvfvfvf,VelesSlav,big192,ruslanik1991,bsangel,zabik963,Afeli12,xayal755,xERITIKx,SyperSniper,AlexJON,Angel2010,semka132,IThunderI,JuanPablo,luk105,grozaman,SirOutOfMana,nwolf27,petyaxya,byrmax,g00gleb1m,ecolog03,Laserdanse,Amorfius,kyharskajanastja,Varkann,nikita09061998,bak21000,felix11000,Fommka,7878998,bandrabur,Zmei21,RedJarl,jonff,wtx,Kaban5,pain1457,bolt909,gena3108,Pontorez,xChirikx,avenger33,victorija02,apto,DeKraft,sevichrap,HanstrubaLL,tema111111,Alex_VIP,romkafomkala,xANARHIAx,IDISUDA,Bulker,zaval98,SinguLyar,kapnord,victor133,postrekhin,ravels4,izolda661,Harmon,Archeriuss,13467,EvilPussy,shinyTOY,VipDON,karsh,kurok88,corenowsky,makssema,cergeebka,9194114502,Lukako,BlekDrago,aNd2912,Agito94,Edd999,140194,gyron,vladi4ka67890,Omgwaar,imns_russia,alengina,reanimator95,Kenworth,technik666_626,ganjamen12,rewww,CyMpaK42RU,sashka543,swistulja,prorider2012,dr17021987,lexman239,alla_2,giorg2001,Matue,ProstoO,ksergeyi,antonishin00,volk199v,vano100,oleg3183,lukka69,shaman1970911,sergeaver,Barat777,kowheg,dmb37,Jopoliz,Liseka,Pashtet231,zez2,TEMON2439,Werona,mikl55555,Dionisius,GreyJoker,vovashac,AlexTar,ren1811,123456gg,Inferno23,tashakont,ash243,Starpom007,jjhhj,Rogaliki,marfel,podshafe,funkytonight,kirian123,wkzd,lazutkinaleksejj,acmacter,nszwww,Stakan250,prspect,Violetenigma,malish2000,cres,astar82,denilin,opoparbat,Sviaznoj,olegstr,kingn1666,katapult1,ZOMBIss,Syharuki,olgamalets,DarkRamzeS,igtisam,Hooligan_MRFC,dylib,askofen,ghnkjliu,Legolaist,SIrin564,Jim1978,vafli98,batrakD,1509ego,smiv73090319762007,maximus124,UITROMANIN,squard,Pavuk,VVik,Rossolan,bajan373,Pawlowin,Vovan869,ildar21,delpwn,yaroslavtarzan,Klub2bheads,amotin,andzelaend,slugazla,AxxxL,Ceolit,Forewerman,elenacheprasva,GREGORS,Turius,Fadglec,apo1990,salawat2000,sasasha,EnuA,maxiv608,Romillionaire,jojoniv,Warwinner,kv235,Parasonik,Merlin1,aaaaaap,sukamraz,Sinedroin,aliceti,govadine,dimademan84,druid_111,V0v1k911,Ackot,Gotrik,rjcvfc27,Aserfer,CorNoR,preslii,bbkkb,kazanxeva1988,valkoin,boroboro,1234r,CIGAR,Gutts,Kardon_warlg,Zaharie,darrenda,SD44,Kras2v4ik,DON1221,SAASDASD,Frisk700,DESTINY13,badnesia,aHaHaC42,hitman999666,KonGa,lubany72,Daemon712,ArXiTeKtOrR,nata29074,alex11ru,Anlaress,drago9,danila00,squaritel,Dontesss,1kadamaga,pivasik777,HAGAN,ATLANT1,Alien2012,Maikeru,JanneDARK,x8545,jefekt,Helena1980,RUSSIAN009,AngelSphere,vasia0990,Gromgaar,BDOOM,Mar1o,igrsmukhin3,VvoVva,burunduchok2000,maruto007,d504,aEroSm1Th,dopemk,18alex95,sania9663,Satiyen,ZavBaz,Sashketz,bazinga,Tyki,_VARLON_,Dominans,Night_Fantasy,Sevrer,Madorki,TELEC2010,filipp128,Adolf1234,nathing,Oliti,TYRES777,vet24,hstopor,polyakov21,Wazzano,spider1,tarabarerraw,Gotay,grahiks,blegart,Mentnew,Alik999,nicknam,karaganda08,176712,unhollysaint,PatrushevD,bak20000,60JIT,Zlato2010,MaIDarI,mbm1,Serui_Grom,logalex,Old_Butcher,TomRedl,sphereking,Irbisa,SaH4e3,Varro,takker_vir,whiteangle,zukuzoo,FreeDarkSoul,schpunt,sid8686,ZIPUSNY
gate;colony_count;level;liga;rank;bo;archeology;building;science;ra
0.00;0.00;2.12;2.00;4515.18;0.16;39.71;723.27;226.53;1.84
------CLUSTER------
percent:13.15
size:304
Zuldik,d_l,SwwS_Sp,Anlain,Skermort,Avolog,96go,SIIR29,Alien501,AndreP,svetlyachek,sezik,_serg_simon,xaak,gramm100,LeXxXeL,totaldeath,gutalin49,fxdes,moroz76,DarkDracula,Soleym,fibo,COOLED,kirgiz,Serjant_RU,mikpir,Torasque,Vladimir_ch,XALIFF,Asuha,Mawka,Ranser,DDeN,Maximus79,gordonfrimen21,moperator,pawelch,Muskuls,feeiia,dim321,avb96,Dimitrus,mif_ugra,kardinalAleko,tnova10,Teeto,Leonya,Uffenn,Lukast,saint2004,LONEKNIGHT,Yuraner2,Rus43,krek26,PORLEAN,rustopik,T0Pdog,senior_web,is1n,c_b_rsashko,13uncall,Garik29,Westa84,birryuk,MAKENTOSH,Ogrim,SH_VLAD,AlexBat,Bure10,VolodymyrDB,_Vasilisa_,vinograd_81,FreeTaxi,mmm4a,Booch_Z,Macho_men,MasterLeo,Romale,OPTEL,Zoldy,Efftushkin,levev,olya888,adad15320,Fetus,BIGESTT,abkbys,ornament,Kab_an,Gromotiag,DuXon,vik111,SpiritSpace,Maikmv,vans_k,prizrak116,alexaner_p1,MrPonch,Intelegent7771,diablohell,Anton_Loz,Zors,tsalex,olegatorru,kstar,serco,svesla,Olegik,SIvanych,Super_loh,aichyna,Hak,Surokus,MsStels,Ksenik,Aiurr,Kosha,pretor_,uralbatyr,unitindex,SBBG1,Viconte,otav,Fox_F16,pyxidis,Kiberpank,guriton,soho911,trenzel,rus2008,DDDiii,KORN_HOLIO90,Lord_Vik,JOHNNNY,Tipalol,alex_pol,Bax_99,Forte1,KATALA,bore25,Crofab,nettoo,AlexTG,elfa1,zxcvbn206,Vikmih34,KilzzZ,apizartron2009,sadvakasoff,terehusha,RVL,McCrane,vasilik,chulok,ypppa,damiroff,SOFCHIK,jhrf,Ursuladog,DEN_WR,Kabernet,VDanil,ImpFR,YuriyCh,a13k13,ARCHIBALIUS,devily,Encephalon,PA3,prussen,vitalik1111111111,2Sacrifice2,PEACOCK,pyogai,polkq12,VasVas_1,PUHVINNIVINNI,Dar1001,Neroin,Mirror_time,GHTKFN,Gines,ssvserg,_Genius_,Xiden,zz8088,the_dark_killer,_admiral_,sanganjubas,lizardlp,behappy2008,Lev4,KnightDark,vasall,caviarchuki,Nasgil,valdemar1,catraveller,xapxap,sidvk,Cheshirs_cat,Staryk,ours,k0n1k,shustrikV,tiloman,seim,sajapin,unistar2003,Swaco,danneks,admintdbs,sinco01,iswa10,sava68,setanchik,cherchen,jukkotik,dimaaf,izloti,schwab,dmi5572,yu_s_ka,iluzij,vandermast2000,D1vine,Wyatt_Earp,tredermlz,pet7597,vetal2603,deniskafrol87,Jumas,pyogai1,olega1313,harma,alex7kristal,blurps,cobra555,graf1korde,Qadzila,InfernoKiller,ColuN_K,Viking777,Uranum_238,medovayts,KBB2008,dr_horror,Tanikkk,Stranna,Espiritus,tj15,rey_xenos,Heruwims,dezm0nd,NASDEC,miswege,Dastaros,mig199,hard59,Dasymaster,Rise4,YaceK,sardus,aleks06,nikto7878,andov,WragII,Spherekillers,FuckWorl,Nikolay2006,leomir,Gluk_XXL,melgard1974,erilia,gavrik32,doctor_evtanaziolog,Pretvoritel,weew,Nazvi,Rasim,Prenom,ZaDumka,KosmitoLOG,Endorphin11,nowbess13,bb02,KosmoStalker,iryskax,Kuroi_Neko,Wanderer_Avengers,Aict,Modonas,AStratos,Daine,DOOM83,spurt,LTUAirways,denand,KAIY,ike444,zlatazaz,American_33,helig
gate;colony_count;level;liga;rank;bo;archeology;building;science;ra
1.00;4.00;40.23;3.00;781103.56;614.75;44815.32;104090.14;46830.94;4.21
------CLUSTER------
percent:11.08
size:256
MuTaToRu,Niicka,pupsik219,KassanStVendetta,panpan,YuresYur,GorAndre,_rain_man_,Kingle,folkfair,dastin2,jenus,Bockpechiy,stefanenko20060,blackbosk,wdb221,flamesturm,VITALIYK,_bappakyda_,Shadwarrior,Goblin_Joker,aleksandrK,lakifaust,Shveik,Marklar,atzek,T_K_S,Weana,ZaraK,domok,elen2008,vodolejru,SteffID,JJTT,MrPrezident,Vingilot,ROTKERID,ORIOH,alial20081,radsh,Neckros,priest1212,lheu4,angel_Patriot,ability2006,ixux_655,Eldin,Justas123,Prezenter,Falstaff,PowerGhost,ROVER357,ProDavec_MANDARINOV,dsgsdg3,MakuShock,kul,aregon,CMJKTYRF,HALOIN,Furiya,RibkaOxi,lihoyzlodey,Spline,vik95,karabasis,Indenix,kvaziboss,lebourdon,chegun,Vlad_M,Quendi72rus,versusVB,hottab2009,dark1239,GSB,homosapiens_ww1,basset77,samaly,amore1981,DDT,anna61,KROKUSTIK,sovero_2000,Marrrks,Dowmntime,MegaStroitel,Lopolik,Nice_guy_kapa,AtomRider,kosolap2009,ELie,DUPLETN,pavlinchik1982,bumahska,SolarWind,Pokrovsky,REKAVER,SUNBOG,mmmm2105,zero20000,davasp,Strannnik2007,saper59,Lagshmiwara,mazs8,PTOLEMEY_XII,BloodyFire,Wolf226,aron,RSHA,gleb_stav,dio73,GeniusQ2,stray088,Geska,Enigmaman,Kaligan,GaoLingun,v0k,_Lord_Darth_Vader_,Alemann,shefalex,devona30,glavremontnet,ShadowBuilder,Mirinda,Sokol_2009,starsphoenix,Bert_Brigden,red_gremlin,carpintero,comrad_cheater,SoulFinder,rurix,Locast,Chernysh,Kamillla,priyatnaya,freechij,kent25,ANDREI123456,Erics520,DJINNYA,bolgov,sasha_tol,sdeng,Ymbrer,Pivkabi,HalfLife2,akovyrev77,ashparka,SISTEMA3,Aim_Pride,Vitaliy2004,Nak0,NorthComer,Phssthpok,Sonnelon,nigeryoliabz,val9322,am0rph,kilermen07,Angel_Of_Criminal,3anac,Incvezitor,nitro_Forz,babamoloda,krokozyabrist,Yntar,Austerlitz,Tvvin,farhadkk,Unbreakible,silti,Vesta13,M_A_H_N_O,Abug,NuBorn2009,liskaterinka,Stas1988,Vestlana,Demon_Punk,Bucifals,lolnoob,S_H_U_R_I_K,alcer,slavik2006,wartaz,vilzin,VINIPUH1,Antaries,Gel,chaizer,Hcuvaka,Kollyann,lildron,JMC12,nomitmen,ykreyzer,maizuru,Serjaka,exhas,alienfarm,voraner000,Torgvord,Yrgxor,mdkChaos,kpovostok,DimosBebos,NAPALMS,Xedinn,volk768,kopossum,Savard,vlad__99,Botvista,theiss,kairon,Yohota,Anastasija,brandenburg,kroko137,WOhobit,kerja_v,vagabundo,Shurik1964,Flickering,gomenchuk,Lord_Reefer,SlavaCH,zheniasvetlov,bazil25,nexacuxa,mvosnik,STALKER3000,Frendix,AlphaSp,serg72tub,DumOk,Bigkatok,Shagov,bralexx,Gryzzly,xian,Toreodor2004,SigisK,KpomBeJIb,pplz,D_har,eksp,614San,AJNik,Lin,Krotru,ser_gauloises,Korsun
gate;colony_count;level;liga;rank;bo;archeology;building;science;ra
0.00;4.00;41.55;3.00;830224.13;559.22;54821.42;101576.70;56716.28;6.43
------CLUSTER------
percent:8.09
size:187
Psychopath_Psol,Psychopath,DenisLast,juk667,svinoprig,akaki,liensy2010,Schablon,ls01,BoVoX,alfa152,Georgius55,Axellus,DmSh,rorudo,EHTPEPI,danart,Doubitsky,rezzak2008,knopius,zdk0tyt3,Nakam,Tashtagol,nopoxoBuk,6a6a9ga,Vfgfbjnd,superharry,nashchyokin,Zdraitsa,WandererRUS,Zhirafik,a2530,Kurator1992,misha_s13,ba777bai,chedmun,vladislav309,danila77,alex20111992,alexu_dracul,DjTiToN,Gravedigger1980,Vredinka_V,AMOHAPA,TodinOrfen,nozki69,Gashikniga,dart_maha,D150,RealOtaku,BIGsheff,senator31,BravoZero,Feanor_s,Prisrak007,koral201017,dartmoll22,cmolko,ygra,djalligator08,Whateg,RUBECH,ogn7474,Tabvlad,Dioptimizer,antinomy,realing,Tantalun,yamtrey,maksumstudent,KindFox,lexman2393,tlulax,amihhin,ZoRg777,cema77,val1970,Rarchik,Mirymir,jekaeme,set198429_269,glassmaxx,Akage,morcheeba,skitalec2010,Staircheg,coxat321,Smailo,DenisKozlenko,kostakin,nesterenkodi70,Sheykhan,trewert,AndreyDPro84,Ekrezem,Ololoshka,swarog1,dima246,voviktor,aleksey200,Varvarkon,Fankin,LoveFeast,doktor1352,pirasa,Doctor1983,Lev198,kurkuli,largo14,volchok01,das1000,tawrizow,Crazy_Student,Lord_wasya,Jafar_bei,mishamokva,Saaddi,Fridom83,ust,27041979,alexOI,Samael_V,Keranozid,afinogen255,Malignus,Kaban4ik_93,Pickard,Voin11,Ledi_L,ligmag,faraon93ll,akaa,andriu000,LVVSparda,DARkOMOD,ColdWolf,ketsik,GTDragon,Desany,pantshava,korumjailinirsi,agamemnen_B1,Pallpatin,Barkus,Asylum4,sanek1791,TitkovL,Rasdagar,drert1,Terrys,xanrias,fegner,Bayron892,ogrintsova,PiKa4U3,MerusTadd,vniva10,dimonfed88,starter11,vlaslesh,Gipnokot,Stewie123,Etun,YASHERITSA,tsmu,twm,AldarXase,Ariandr_BY,sexyTPEHEP,stranik27,24_ION,festral,Sonato,MarkDeJunk,WHZ,Reizar,SPATKI,multiple,Voron1611,CrazyGuy,Al007,Machzelet,gargart,JimboJones,541max,jamshut,fordmax
gate;colony_count;level;liga;rank;bo;archeology;building;science;ra
1.00;0.00;9.63;2.00;43281.87;1.68;120.81;6298.75;1878.50;0.33
------CLUSTER------
percent:5.84
size:135
Ant2005,roman723,Larga,gignov,Asterod,ADFSS,BringItOn,Jenik,Aerona,Fight24,0000346,lazutkindaniil,rerted,Shustriy88,Krumax2,antonsherbakov,Enzo,123456789wer,dem39rus,malec1991,tema4ka,kormlybobra,KidaLLa,voron_hallana,brodyagashm,leoromka,6LongShot9,brian_rus_,addmiral,colonizator_X,Vitalik_,DaDA24,Diego_ramirez77,router1980,denisasdv,tron777,vov123,tripoli21,cerep13,aleksandr_klekki,ktdusov,AdrenalinUA,ramler29,DLoToN,bercerk2011,_RQ_,zhbobr1,kuzmich2112,Zincum,ShamanTor,bahvall,MistOne9,crazycamel,Natanei,Purup,solarbro,tryba55,McSam,GromOlga,Xaxaboom,Aviateur,NightGANIBAL,TSV,noGodoflife,vadimmilicia,jefair,DarkKitty,Hummernail,maiorov99,aleksanderpol,TANKER,Liurii,mamelixs,OgYBaH4uK,z3ro,mor36,Odyssei_,Lunaris,kuzanvit,kastan24,Dominator128,SergSharm,FeRaSh2o,Speckey,Daniel007007,15121999,asaz,bdfy121,webabrakadabra,kirms97,wairus,cnaypers,KapraL163,Svarog13,123127,romchik2,YAROPOLC,GOLD7171,gorlach01,ZERGSS,opo77,XXllosXX,KDAtmXRYST,061298,kagashiro,llogik,sector791,Manglaadar,xzDeNzx,DimKako,andrey19871112,DUMOH4UK,G_R_I_N_D_E_R,67t7i,Said122,Aster_IKS,sergiosi,delapro83,Inquisito,Mihailovi4,Lexey2004,AnnitaMult,koledaevboris,king367,F007,Vaaal,AmberSoler,NickHornby,Namahs,fama666,Lars83,Alex992005,AgentF,Rost1k0,smallkex
gate;colony_count;level;liga;rank;bo;archeology;building;science;ra
0.00;0.00;2.67;1.00;8528.76;0.00;48.76;995.50;322.70;1.67
------CLUSTER------
percent:3.72
size:86
BHY4EK,lemynara,eugen,navigator1,Feeling,prossion,dolfiur2090,SPREAD_Eda,Werlena,LazyRedFox,Fyuec,JanJigyar,Lotos,vit2008,Nikolay_K,Skifia,xx_xx,piraa,DM21,flor,Alfazvezda,CoolHunter,gravewalker,Bleep,BaffTar,Realisimus,Viksan19581604,McDin,Guest_out_real,TEIMURAZI,CavaB,nismo2001,Vestor,33333333,umino,Salicio,Burtininkas,Timewaster,Ugarilos,pasha_fash,mjakish87,MSLION,Alex0ff,blOVER,DrFerid,Rich_ard,Xomeakster,Antares_,4orny,dima1712974,Odissej,fliki,Acid34traceur,DAV79,vicktorx,BASE1,djeiman,rtj,diavol78,T0MCAT,Nordss,1Conchita,Tascha15,belive33,MashKa22,bambr0jti,NBK,Mordikay,Tonito,Dominon,nekiy35,Artes07,Blaire,omarik13,sergejus55,viktorijati,serti23,darius3009,AllexxGL,lex_9,MiIIer,Best_warrior,segorlanov,dovis,vovakov,gekslit
gate;colony_count;level;liga;rank;bo;archeology;building;science;ra
1.00;3.00;28.90;3.00;383621.26;181.39;20070.58;67941.57;21855.28;2.24
------CLUSTER------
percent:2.73
size:63
Mistek777,markow,EliteDragon,ALEKSANDRE,Ice_Queen_,Steklorezzz,Serega_asv,kain_7,CBOD,crafter12,need_for_love,tyler2006,JekaVGG,sashaketris,gebd,Lightness,rka1999,CyberAngell,OptimaGrand,yyyy55,LazyMan,smallfox,Svarogich19,Uventus,castor35,paset,radfer1,orknid,slonomux,Shmak78,Bobuin_Best,vamas11,SALENTassasin,Lenusichka,Kaskader66,dangerous14,BORION,dagert1,BRSG,Guyver58,tenebrion,justyumechan,TERADON,Viruzz_FFF,alex_chau,Addy,a5170x,siltarius,pSy_Alucard,lssdi,Jenek2002,dimikser,Volandemar,vol4ena,DENTIST16,02128989,Korabentus,DitrihTamplier,xvat,armit,ldv100,Lasse,greatPJ
gate;colony_count;level;liga;rank;bo;archeology;building;science;ra
0.00;0.00;8.38;3.00;44481.78;1.00;803.08;5876.38;2873.84;2.18
------CLUSTER------
percent:2.64
size:61
Herbie,makmak1982,Veselchak,nik6577,sozercatel3,nat1r,kolyacher,hagrig,Obezbasheny,BIZON_M,stalkersky2,cruzer255,learyt,1LOTOS,bart2,_NEXX_,pasbep100,Annita,A202,fv1144,vint1996,lpm412,totezone,BugorXII,Gen_Grievous,qrufat,sargorn,getnutz,Exelione,dred87,okvi,rema22,GDV0001,pokerphil,timofei454,Hazanuki,MoZG_MAGnatix,Negoz,apelik,Katarina_B,Infium,arhimmvb,WOLTik,npougoxa,monohin,edsamer,Kuzbuyamochi,GoldNeon,FeniksPvL,nikolaii22,Vakarian,andrey071287,Aeeeee,Rybolov,Minchanka,longer1978,konsol2008,KaiKrapivnik,Royzer,bichop,sim_max
gate;colony_count;level;liga;rank;bo;archeology;building;science;ra
1.00;0.00;11.77;3.00;73963.59;4.46;317.08;9757.25;2674.69;0.78
------CLUSTER------
percent:2.60
size:60
dada,aleksandr_klekovkin,Geeneral,vovic_007,dim26,pomka40,Shturmi,AntonFedchin,nata85,SuperGiper,alex87714,apiver1,smallkex2000,KY4MA,FilFilS,alien999,112Popugaev,22cognolio22,vlad199906,kivmov,mainteme,delapro80,biotema99,ogoniy,Muppa,dikiyz,Kargana,NeZeD,RI5E,suresch,Tashuka,MikeMG,KGB07,65maikl,kekslerner,sokol_infantry,edelkindmitrijj,Kurfust,rammstein2012,cherenkovagulja,bizonn,Maligos,levantmark,kiikiits,zju,sodget1,Recognized,cbvtbp1,0zz1,wermut78,Evangella,xlordserjx,Van_Halen,Uef1,alextash,Gromius,slimtiger76,KLAS95,CareerDelTorro,Shuarol
gate;colony_count;level;liga;rank;bo;archeology;building;science;ra
1.00;0.00;9.65;1.00;60399.77;0.27;116.52;6676.17;1727.60;1.22
------CLUSTER------
percent:2.38
size:55
_Wyper_,Hiro_Nakamura,Comunat,caxa68,newnovamc,Just_Die,Progressiveage,W_e_s_t_a,sawkov,sliwka,Roctar,Push_Ok,ARTOIS74,vint19965,Ololololo,TOPYC1987,9091,Tauhead,dembazh,LeTToMandello,Gori4ua,yPArAH4EK,89028095936,cossache,Nickolodium,EkaterinaMaslova,icoZORG,sharon_levy,KZI,ostrov_sokrovish,kvr65,sila_crash,Kashiga,Uogurt,Shalaputra999,alecsar1985,TopSM,Grigar,nigma83,Adamar,guligo,xxLegionerxx,MilayKroha,kaarm,Breeze14,barneo,few303,marou,orion4,darrenda_d,333kkk7,Valuta,mvvovan1,NZAG,darkglobe
gate;colony_count;level;liga;rank;bo;archeology;building;science;ra
1.00;2.00;22.78;3.00;263017.06;62.97;6266.18;47464.53;8592.20;0.52
------CLUSTER------
percent:1.86
size:43
GromKiller,VVIN,Flinstoun,ROCK_4ever,bah05,vladimirovich2007,Kold,GarikW,bah_2005,kism,AlexyBond,Aloha_KEKC,GAV4IK,Eliot211,Ferling,Rusana,a_i_n_u,antalium,abers,kkarabass,smeshar77,M_P_A_K,SLON02RUS,bestbroker,furiousdog,xXxRAWENxXx,ElvenKnight,tz3108,ZATOCHI82,Tag567,Tkhin,Dich_,_micron_,kargo68,Yolka_new,Hexfire,Lorelein,Gunsalex,pnpnick,Leo_NNN,exson,Stas862005,KOI
gate;colony_count;level;liga;rank;bo;archeology;building;science;ra
0.00;3.00;31.07;3.00;332527.92;302.04;23514.93;70820.16;28450.05;3.52
------CLUSTER------
percent:1.77
size:41
Robaut,axiti,vadimVS,Melan333,Samtle_1,mih1972,SagoI,Le_Gran,Ronhull_Maggot,NuProstoNIK,danet,rjow,Lethos,stepevg,Vereti,bam571,Warrioriss,rotman14,Vedaz,gori4,re_b_e_l__,Rise_of_Death,_RC_,Malkor,vkapustav,The_jester,valtal,Teolan,tunex,Drakonovod,beluj,Gastroler1978,Maziguga,alex993,Utor,grost72,19562504,Exarch,Botar666,exabutam,neon777
gate;colony_count;level;liga;rank;bo;archeology;building;science;ra
1.00;1.00;17.27;3.00;145385.18;18.35;1622.59;23497.58;5205.51;1.36
------CLUSTER------
percent:1.56
size:36
slonopotam111,LeonZlo,Blues_BY,potomstvenyu,FN2000,BUGAGA_53,GorKonVik,stalkerokkkl,__Spartanec__,Cekli,laki273,Valerik_ikar,1Serg1,APXE_2,rubchak07,Draiko,vp33,ac2010,Paxta4,demotivator,Raven256,Astapus_master,ShadowCaster,LEaKin,UrsusBalbus,dim555,Skai251,alexdorf1988,kirdar_i_agol,mal1k,andreyko19861410,kostjalarin,Lutienus,angel07,codesh,HideNeon
gate;colony_count;level;liga;rank;bo;archeology;building;science;ra
1.00;1.00;15.92;2.00;116779.39;12.82;1230.19;19334.83;3767.94;0.29
------CLUSTER------
percent:1.00
size:23
Barmaley76,orel65,tomalove,ball1,popcorn0880,Blood_Crazy_666,HomoZahapiens,Unbekant,Udaf0,bekakevl1,sergey277677,40Min,Rubiroid_2,lipkin123,Skalansk,GrAfF20,RAV007,2112HLOPEC,filnet,ok65,murlokatam,ericsson,Nord37
gate;colony_count;level;liga;rank;bo;archeology;building;science;ra
0.00;2.00;26.04;3.00;264750.90;228.38;7710.43;51949.00;20043.83;3.21
------CLUSTER------
percent:0.91
size:21
Ruthless19,Mnogo,dimams,RB13,Slonopotamus,Baibuz,Siniy_Lom,Keyfin,zaxarovic,ZloiRock,ShadowBuilder14,Natalia_B,simbiozvlad,mrkeramist,vvmax,Kostja95,60rg,Psih_1980,namba,sergeikudryav,test1111
gate;colony_count;level;liga;rank;bo;archeology;building;science;ra
1.00;2.00;19.00;2.00;172749.76;10.98;1800.14;32048.24;5058.10;0.27
------CLUSTER------
percent:0.43
size:10
Grrom001,alex2068,angy88,Archy79,bobo26,Taaklis,oem,12051976,milashkaaaa85,Herzel
gate;colony_count;level;liga;rank;bo;archeology;building;science;ra
1.00;1.00;13.70;1.00;129876.89;0.89;535.80;13919.10;2939.10;0.30
------CLUSTER------
percent:0.35
size:8
frauliberzon,Teplotex,Sarducar_rus,KornanD,PresidentRW,tiubik,R0RA,tuz17
gate;colony_count;level;liga;rank;bo;archeology;building;science;ra
1.00;2.00;17.87;1.00;212558.13;5.25;862.62;29183.00;3679.75;1.62
------CLUSTER------
percent:0.35
size:8
Achaman,ivan_t,tassadar4ds,yhn112,MadyyGod,ALISA008,sxv,romus34
gate;colony_count;level;liga;rank;bo;archeology;building;science;ra
1.00;4.00;25.25;2.00;467607.25;72.05;7341.13;67981.00;8553.75;0.18
------CLUSTER------
percent:0.30
size:7
APOHAP,qidle,gigikevl,CeZaRb,AKRETIAN,litlepoket,detka3
gate;colony_count;level;liga;rank;bo;archeology;building;science;ra
0.00;1.00;21.71;3.00;137293.71;223.40;3261.43;31382.00;8402.86;3.76
------CLUSTER------
percent:0.26
size:6
Darkkeks,Uldemir,_Dark_Master,Antihristfight,Nikola80,__NexT__
gate;colony_count;level;liga;rank;bo;archeology;building;science;ra
0.00;3.00;39.83;3.00;463136.84;613.42;58132.33;91781.17;32037.00;21.07
------CLUSTER------
percent:0.26
size:6
foulblow,kaluginart,Jessika7,Uchti,Disperia,Elving
gate;colony_count;level;liga;rank;bo;archeology;building;science;ra
1.00;4.00;78.67;3.00;1713855.80;4547.38;134289.50;113233.33;78579.34;20.58
------CLUSTER------
percent:0.22
size:5
ShadowBuilder13,jim_raynor_2048,Orfej,Morbivod,stil4eg
gate;colony_count;level;liga;rank;bo;archeology;building;science;ra
1.00;3.00;19.20;2.00;187351.80;0.79;1384.00;36257.20;3846.00;0.21
------CLUSTER------
percent:0.22
size:5
oTeftelo,mrdim20,rexston,poccu,MagiVolshebnik
gate;colony_count;level;liga;rank;bo;archeology;building;science;ra
0.00;4.00;126.00;3.00;547363.06;24331.38;59293.20;134136.00;27679.20;2.67
------CLUSTER------
percent:0.17
size:4
Evlampiyy,Nekotyan,sashakrat0,GWS
gate;colony_count;level;liga;rank;bo;archeology;building;science;ra
1.00;0.00;10.50;1.00;53588.00;0.00;114.00;7870.25;1241.50;21.02
------CLUSTER------
percent:0.17
size:4
rinulia,varren1,Konung_Voldemar,Zaze
gate;colony_count;level;liga;rank;bo;archeology;building;science;ra
0.00;4.00;56.00;3.00;578722.99;342.79;223227.26;115415.50;30367.75;1.31
------CLUSTER------
percent:0.13
size:3
Sharki1,norwalk07,Night_wolf85
gate;colony_count;level;liga;rank;bo;archeology;building;science;ra
0.00;1.00;18.00;2.00;105190.00;18.22;2080.67;20919.33;8168.67;0.98
------CLUSTER------
percent:0.13
size:3
kanash,Vindol,asmadey1976
gate;colony_count;level;liga;rank;bo;archeology;building;science;ra
0.00;0.00;8.00;1.00;557503.35;0.00;41.67;4010.33;1148.00;32.13
------CLUSTER------
percent:0.13
size:3
LittleGnom,valery2303,jokerjoker2
gate;colony_count;level;liga;rank;bo;archeology;building;science;ra
0.00;3.00;21.00;2.00;198212.66;22.20;1469.67;43476.33;4583.00;2.48
------CLUSTER------
percent:0.13
size:3
bob1948,huawei,BilRambler
gate;colony_count;level;liga;rank;bo;archeology;building;science;ra
0.00;4.00;53.67;3.00;1966380.90;227.21;97397.00;95891.33;187272.33;20.94
------CLUSTER------
percent:0.13
size:3
cherepanv,XZC,odissei
gate;colony_count;level;liga;rank;bo;archeology;building;science;ra
1.00;4.00;118.67;3.00;2214467.36;17071.97;137090.33;168341.34;40596.33;24.40
------CLUSTER------
percent:0.13
size:3
NELegion,bomgik,Vicky_Ch
gate;colony_count;level;liga;rank;bo;archeology;building;science;ra
1.00;4.00;53.33;3.00;1867154.71;121.38;50957.66;119346.66;228216.68;7.31
------CLUSTER------
percent:0.13
size:3
Invisible_Evil,WB888,SNavigator
gate;colony_count;level;liga;rank;bo;archeology;building;science;ra
0.00;4.00;70.33;3.00;1792577.06;131.54;272560.67;98268.33;203156.65;10.64
------CLUSTER------
percent:0.09
size:2
Raptor7,ua_ss
gate;colony_count;level;liga;rank;bo;archeology;building;science;ra
0.00;4.00;49.00;3.00;1249169.01;24.89;11884.00;71622.50;278186.00;0.64
------CLUSTER------
percent:0.09
size:2
jkob2,Sergo123
gate;colony_count;level;liga;rank;bo;archeology;building;science;ra
0.00;4.00;98.00;3.00;973171.52;6593.94;244054.00;93512.50;126897.50;1.22
------CLUSTER------
percent:0.09
size:2
CAH_XAH,Sv9t
gate;colony_count;level;liga;rank;bo;archeology;building;science;ra
0.00;4.00;159.50;3.00;1359458.05;89071.95;106694.00;212399.01;26236.00;20.44
------CLUSTER------
percent:0.09
size:2
prizerak,Kesha1980
gate;colony_count;level;liga;rank;bo;archeology;building;science;ra
0.00;2.00;19.00;2.00;65881.00;1.62;1965.50;33817.00;4097.00;0.32
------CLUSTER------
percent:0.09
size:2
rz3djo,Stas_666
gate;colony_count;level;liga;rank;bo;archeology;building;science;ra
1.00;4.00;47.50;3.00;839907.48;394.41;40415.50;242230.00;19312.50;2.18
------CLUSTER------
percent:0.09
size:2
BAGZ1977,vnch
gate;colony_count;level;liga;rank;bo;archeology;building;science;ra
1.00;3.00;19.00;1.00;307333.01;0.32;3064.00;34124.00;4046.00;0.70
------CLUSTER------
percent:0.09
size:2
lotos_1,Nobody_call
gate;colony_count;level;liga;rank;bo;archeology;building;science;ra
0.00;4.00;60.00;3.00;2022177.46;246.22;124041.99;84730.01;244321.00;7.56
------CLUSTER------
percent:0.09
size:2
DiFoTeM,Atom_od
gate;colony_count;level;liga;rank;bo;archeology;building;science;ra
0.00;4.00;149.00;3.00;1118118.93;59278.90;160943.00;126860.00;66766.00;10.00
------CLUSTER------
percent:0.09
size:2
Tasuja,AAN1960
gate;colony_count;level;liga;rank;bo;archeology;building;science;ra
1.00;4.00;66.50;3.00;2514646.84;903.47;83246.50;126422.50;278186.00;19.04
------CLUSTER------
percent:0.09
size:2
OAB,idalgo4
gate;colony_count;level;liga;rank;bo;archeology;building;science;ra
0.00;4.00;55.50;3.00;2067817.54;298.61;57161.00;122833.50;232593.50;11.09
------CLUSTER------
percent:0.09
size:2
Ice_Rock,Johnny_Sid
gate;colony_count;level;liga;rank;bo;archeology;building;science;ra
1.00;4.00;130.00;3.00;138235.99;27937.85;65434.00;113153.00;22678.00;0.13
------CLUSTER------
percent:0.09
size:2
flautoman,kosik4ek
gate;colony_count;level;liga;rank;bo;archeology;building;science;ra
1.00;4.00;20.00;2.00;286059.99;0.00;1236.00;42264.50;4438.50;29.74
------CLUSTER------
percent:0.09
size:2
Torsian,Austa
gate;colony_count;level;liga;rank;bo;archeology;building;science;ra
1.00;5.00;131.00;3.00;5400676.12;28082.90;108237.00;158890.00;31590.00;35.64
------CLUSTER------
percent:0.09
size:2
vivax4,antipr1
gate;colony_count;level;liga;rank;bo;archeology;building;science;ra
1.00;4.00;113.50;3.00;4938689.11;8613.68;497174.99;175649.99;46173.50;23.91
------CLUSTER------
percent:0.09
size:2
khmyr,DonAlonzo
gate;colony_count;level;liga;rank;bo;archeology;building;science;ra
1.00;4.00;76.50;3.00;146597.00;0.00;499195.01;110190.00;17653.50;4.94
------CLUSTER------
percent:0.09
size:2
iBOB,MViper
gate;colony_count;level;liga;rank;bo;archeology;building;science;ra
0.00;4.00;68.50;3.00;1496335.56;550.28;211158.00;87685.00;224634.00;2.05
------CLUSTER------
percent:0.09
size:2
Sinxrofazitron,Desn2006
gate;colony_count;level;liga;rank;bo;archeology;building;science;ra
0.00;1.00;15.50;1.00;97157.00;0.00;1220.00;17401.00;3692.50;3.84
------CLUSTER------
percent:0.09
size:2
sergio1976,telemech
gate;colony_count;level;liga;rank;bo;archeology;building;science;ra
0.00;4.00;69.00;3.00;5342499.56;678.02;140653.01;112167.50;275687.50;23.97
------CLUSTER------
percent:0.09
size:2
vip2000,el_JEFE
gate;colony_count;level;liga;rank;bo;archeology;building;science;ra
0.00;4.00;93.00;3.00;629366.51;8626.75;28997.50;116379.51;40682.00;3.01
------CLUSTER------
percent:0.09
size:2
dims_k,Hmik
gate;colony_count;level;liga;rank;bo;archeology;building;science;ra
0.00;4.00;66.50;3.00;3098899.01;1334.47;187954.00;193727.50;35222.50;25.96
------CLUSTER------
percent:0.09
size:2
red_ninja,Volnolom
gate;colony_count;level;liga;rank;bo;archeology;building;science;ra
0.00;4.00;100.00;3.00;864021.01;8476.51;104601.00;201872.51;50287.50;2.76
------CLUSTER------
percent:0.04
size:1
Handehoh
gate;colony_count;level;liga;rank;bo;archeology;building;science;ra
1.00;5.00;154.00;3.00;33053103.00;65249.70;490143.00;145620.00;278186.00;28.97
------CLUSTER------
percent:0.04
size:1
Arlandino
gate;colony_count;level;liga;rank;bo;archeology;building;science;ra
1.00;4.00;184.00;3.00;28985271.70;332346.01;270272.01;235445.00;16988.00;32.56
------CLUSTER------
percent:0.04
size:1
Milordalex
gate;colony_count;level;liga;rank;bo;archeology;building;science;ra
1.00;4.00;135.00;3.00;24923862.93;28815.70;426460.99;101964.00;153490.01;24.49
------CLUSTER------
percent:0.04
size:1
ZombaKhan
gate;colony_count;level;liga;rank;bo;archeology;building;science;ra
0.00;4.00;57.00;3.00;19476447.32;207.91;129228.00;106428.00;184130.99;31.92
------CLUSTER------
percent:0.04
size:1
arieinna
gate;colony_count;level;liga;rank;bo;archeology;building;science;ra
1.00;5.00;151.00;3.00;13620224.11;59566.90;388781.99;173016.00;72905.00;32.44
------CLUSTER------
percent:0.04
size:1
AHAPXUST
gate;colony_count;level;liga;rank;bo;archeology;building;science;ra
0.00;4.00;150.00;3.00;8453892.54;83418.10;225191.99;116925.00;51004.00;31.54
------CLUSTER------
percent:0.04
size:1
kanobius
gate;colony_count;level;liga;rank;bo;archeology;building;science;ra
1.00;5.00;181.00;3.00;8424958.66;243706.00;22215.00;91775.00;190723.01;32.56
------CLUSTER------
percent:0.04
size:1
micl
gate;colony_count;level;liga;rank;bo;archeology;building;science;ra
1.00;5.00;185.00;3.00;7458086.20;385502.01;117578.00;230921.01;47718.00;33.85
------CLUSTER------
percent:0.04
size:1
logonet
gate;colony_count;level;liga;rank;bo;archeology;building;science;ra
0.00;4.00;100.00;3.00;6394181.88;6604.54;211484.00;109340.00;127349.00;28.46
------CLUSTER------
percent:0.04
size:1
taak
gate;colony_count;level;liga;rank;bo;archeology;building;science;ra
1.00;4.00;136.00;3.00;6389374.83;34742.00;88469.00;130795.00;60830.00;32.05
------CLUSTER------
percent:0.04
size:1
ann13
gate;colony_count;level;liga;rank;bo;archeology;building;science;ra
0.00;4.00;129.00;3.00;5890723.76;20878.50;403293.99;184914.99;90338.00;24.49
------CLUSTER------
percent:0.04
size:1
Scalper
gate;colony_count;level;liga;rank;bo;archeology;building;science;ra
1.00;4.00;121.00;3.00;5273476.12;18632.50;84354.00;139310.01;96532.00;31.67
------CLUSTER------
percent:0.04
size:1
sistani2
gate;colony_count;level;liga;rank;bo;archeology;building;science;ra
1.00;4.00;77.00;3.00;4982171.19;6003.51;7661.00;127280.00;18436.00;43.08
------CLUSTER------
percent:0.04
size:1
Technik666
gate;colony_count;level;liga;rank;bo;archeology;building;science;ra
1.00;4.00;137.00;3.00;4890696.00;37128.30;91124.00;107290.00;29842.00;31.54
------CLUSTER------
percent:0.04
size:1
kartinochka
gate;colony_count;level;liga;rank;bo;archeology;building;science;ra
1.00;4.00;89.00;3.00;4789847.06;3947.23;298943.01;158030.01;53108.00;29.10
------CLUSTER------
percent:0.04
size:1
andre_8
gate;colony_count;level;liga;rank;bo;archeology;building;science;ra
0.00;4.00;64.00;3.00;4778185.05;1706.59;105167.00;124059.00;138919.00;27.44
------CLUSTER------
percent:0.04
size:1
Bikas
gate;colony_count;level;liga;rank;bo;archeology;building;science;ra
0.00;4.00;76.00;3.00;4701085.18;2412.15;179438.01;108485.00;162646.00;30.38
------CLUSTER------
percent:0.04
size:1
iskdir
gate;colony_count;level;liga;rank;bo;archeology;building;science;ra
0.00;4.00;87.00;3.00;4289359.86;3833.02;290256.00;107320.00;76177.00;29.36
------CLUSTER------
percent:0.04
size:1
Barrent402
gate;colony_count;level;liga;rank;bo;archeology;building;science;ra
1.00;5.00;185.00;3.00;4150749.03;366173.99;116933.00;205569.00;50276.00;35.90
------CLUSTER------
percent:0.04
size:1
IWill
gate;colony_count;level;liga;rank;bo;archeology;building;science;ra
1.00;4.00;118.00;3.00;4146845.77;10399.50;392326.01;163240.00;278186.00;21.28
------CLUSTER------
percent:0.04
size:1
ouragan
gate;colony_count;level;liga;rank;bo;archeology;building;science;ra
0.00;4.00;105.00;3.00;3935260.95;10957.50;88220.00;150634.99;30309.00;32.56
------CLUSTER------
percent:0.04
size:1
a_n_d_r_e_i
gate;colony_count;level;liga;rank;bo;archeology;building;science;ra
1.00;4.00;89.00;3.00;3816036.89;3904.62;293146.00;101880.00;108150.00;28.46
------CLUSTER------
percent:0.04
size:1
wompel
gate;colony_count;level;liga;rank;bo;archeology;building;science;ra
1.00;4.00;150.00;3.00;3660253.93;61860.00;126066.00;152490.99;61419.00;23.33
------CLUSTER------
percent:0.04
size:1
Alexboroda
gate;colony_count;level;liga;rank;bo;archeology;building;science;ra
1.00;4.00;162.00;3.00;3609328.07;95460.60;406774.01;197285.01;21366.00;1.15
------CLUSTER------
percent:0.04
size:1
machinist
gate;colony_count;level;liga;rank;bo;archeology;building;science;ra
1.00;4.00;130.00;3.00;3463000.12;25137.30;95569.00;193685.00;126073.00;25.51
------CLUSTER------
percent:0.04
size:1
Master_bav
gate;colony_count;level;liga;rank;bo;archeology;building;science;ra
0.00;4.00;132.00;3.00;3409681.08;25520.40;311038.99;99225.00;165835.01;28.72
------CLUSTER------
percent:0.04
size:1
gargantua2000
gate;colony_count;level;liga;rank;bo;archeology;building;science;ra
0.00;4.00;71.00;3.00;3269818.00;11.15;249821.01;92715.00;264411.00;14.87
------CLUSTER------
percent:0.04
size:1
prostoguest
gate;colony_count;level;liga;rank;bo;archeology;building;science;ra
0.00;4.00;149.00;3.00;3227813.99;56328.30;257671.99;107665.00;50940.00;20.64
------CLUSTER------
percent:0.04
size:1
Waldganger
gate;colony_count;level;liga;rank;bo;archeology;building;science;ra
0.00;4.00;76.00;3.00;3050435.04;425.12;206241.00;165218.01;278186.00;11.67
------CLUSTER------
percent:0.04
size:1
Tirry
gate;colony_count;level;liga;rank;bo;archeology;building;science;ra
0.00;4.00;45.00;3.00;2910969.92;357.17;71151.00;115375.00;81675.00;31.03
------CLUSTER------
percent:0.04
size:1
lehyi
gate;colony_count;level;liga;rank;bo;archeology;building;science;ra
0.00;4.00;88.00;3.00;2875381.05;1800.21;301691.01;126854.00;263344.01;19.10
------CLUSTER------
percent:0.04
size:1
SAngel
gate;colony_count;level;liga;rank;bo;archeology;building;science;ra
0.00;4.00;70.00;3.00;2857848.88;1790.52;137570.00;154315.00;141045.00;22.82
------CLUSTER------
percent:0.04
size:1
algon
gate;colony_count;level;liga;rank;bo;archeology;building;science;ra
1.00;4.00;87.00;3.00;2777027.98;4800.96;219551.00;154965.00;32874.00;19.87
------CLUSTER------
percent:0.04
size:1
alex3108
gate;colony_count;level;liga;rank;bo;archeology;building;science;ra
0.00;4.00;172.00;3.00;2776058.94;149603.00;65994.00;128991.00;58098.00;29.36
------CLUSTER------
percent:0.04
size:1
beer71
gate;colony_count;level;liga;rank;bo;archeology;building;science;ra
1.00;4.00;73.00;3.00;2738436.92;1649.52;272550.00;168885.00;25455.00;23.33
------CLUSTER------
percent:0.04
size:1
estelle
gate;colony_count;level;liga;rank;bo;archeology;building;science;ra
1.00;4.00;60.00;3.00;2735106.96;157.62;216615.00;150090.00;59045.00;22.18
------CLUSTER------
percent:0.04
size:1
pigas07
gate;colony_count;level;liga;rank;bo;archeology;building;science;ra
0.00;4.00;137.00;3.00;2650728.06;33931.00;189972.00;181923.01;25659.00;27.95
------CLUSTER------
percent:0.04
size:1
sbagrv
gate;colony_count;level;liga;rank;bo;archeology;building;science;ra
0.00;4.00;119.00;3.00;2643175.93;16854.10;146626.00;119350.00;36473.00;1.28
------CLUSTER------
percent:0.04
size:1
MuKPo6
gate;colony_count;level;liga;rank;bo;archeology;building;science;ra
0.00;4.00;145.00;3.00;2487641.94;48131.20;130418.00;127049.00;143550.00;3.97
------CLUSTER------
percent:0.04
size:1
Frost
gate;colony_count;level;liga;rank;bo;archeology;building;science;ra
0.00;4.00;93.00;3.00;2312459.90;0.02;528132.00;121535.00;278186.00;3.33
------CLUSTER------
percent:0.04
size:1
Kastrula
gate;colony_count;level;liga;rank;bo;archeology;building;science;ra
0.00;4.00;88.00;3.00;2309663.09;2794.45;260792.00;83360.00;266630.99;1.79
------CLUSTER------
percent:0.04
size:1
Palit
gate;colony_count;level;liga;rank;bo;archeology;building;science;ra
0.00;4.00;109.00;3.00;2303682.11;9599.28;299948.01;100790.00;97196.00;5.64
------CLUSTER------
percent:0.04
size:1
papirownik
gate;colony_count;level;liga;rank;bo;archeology;building;science;ra
0.00;4.00;54.00;3.00;2259540.05;2016.65;57535.00;124790.00;26146.00;37.56
------CLUSTER------
percent:0.04
size:1
Fradkoff
gate;colony_count;level;liga;rank;bo;archeology;building;science;ra
0.00;4.00;73.00;3.00;2241697.10;3572.00;66777.00;123870.00;138166.00;21.67
------CLUSTER------
percent:0.04
size:1
Adam33
gate;colony_count;level;liga;rank;bo;archeology;building;science;ra
1.00;4.00;116.00;3.00;2211355.09;13931.10;133601.01;219461.99;87055.00;25.00
------CLUSTER------
percent:0.04
size:1
viralig
gate;colony_count;level;liga;rank;bo;archeology;building;science;ra
1.00;4.00;110.00;3.00;2209597.03;7564.02;417959.01;101375.00;185765.00;15.77
------CLUSTER------
percent:0.04
size:1
scorp17
gate;colony_count;level;liga;rank;bo;archeology;building;science;ra
0.00;4.00;98.00;3.00;2155052.09;7411.11;137015.00;226085.00;34102.00;21.54
------CLUSTER------
percent:0.04
size:1
Gosik
gate;colony_count;level;liga;rank;bo;archeology;building;science;ra
0.00;4.00;69.00;3.00;2141156.98;1426.05;203225.00;183325.00;55622.00;1.79
------CLUSTER------
percent:0.04
size:1
moskvin
gate;colony_count;level;liga;rank;bo;archeology;building;science;ra
0.00;4.00;111.00;3.00;2115690.97;12694.30;119691.00;120705.00;72481.00;18.46
------CLUSTER------
percent:0.04
size:1
popilluminate
gate;colony_count;level;liga;rank;bo;archeology;building;science;ra
1.00;4.00;110.00;3.00;2075927.95;8917.07;124956.00;223910.00;278186.00;0.77
------CLUSTER------
percent:0.04
size:1
pav5
gate;colony_count;level;liga;rank;bo;archeology;building;science;ra
1.00;4.00;89.00;3.00;2045881.95;2220.71;443853.99;111570.00;93425.00;20.51
------CLUSTER------
percent:0.04
size:1
anw
gate;colony_count;level;liga;rank;bo;archeology;building;science;ra
0.00;4.00;58.00;3.00;1979570.96;157.86;63321.00;116525.00;278186.00;0.51
------CLUSTER------
percent:0.04
size:1
parmalat
gate;colony_count;level;liga;rank;bo;archeology;building;science;ra
1.00;4.00;134.00;3.00;1939641.96;29947.90;187713.00;221940.01;31175.00;35.77
------CLUSTER------
percent:0.04
size:1
RomanJanFan
gate;colony_count;level;liga;rank;bo;archeology;building;science;ra
1.00;4.00;113.00;3.00;1939260.99;14748.90;1382.00;174255.01;33627.00;25.38
------CLUSTER------
percent:0.04
size:1
djonfit
gate;colony_count;level;liga;rank;bo;archeology;building;science;ra
0.00;4.00;128.00;3.00;1921980.01;22501.40;178681.00;254360.01;22951.00;21.15
------CLUSTER------
percent:0.04
size:1
dwade
gate;colony_count;level;liga;rank;bo;archeology;building;science;ra
0.00;4.00;56.00;3.00;1867662.01;234.88;221153.00;142624.99;11356.00;28.33
------CLUSTER------
percent:0.04
size:1
Duim
gate;colony_count;level;liga;rank;bo;archeology;building;science;ra
1.00;4.00;78.00;3.00;1858009.01;3064.04;137514.99;139694.99;158230.00;0.64
------CLUSTER------
percent:0.04
size:1
adaptor
gate;colony_count;level;liga;rank;bo;archeology;building;science;ra
1.00;4.00;79.00;3.00;1766421.02;3766.20;38482.00;228805.01;128569.00;11.54
------CLUSTER------
percent:0.04
size:1
nuBac
gate;colony_count;level;liga;rank;bo;archeology;building;science;ra
1.00;4.00;53.00;3.00;1749005.95;0.04;149393.00;169759.99;64244.00;5.77
------CLUSTER------
percent:0.04
size:1
dk77
gate;colony_count;level;liga;rank;bo;archeology;building;science;ra
1.00;4.00;79.00;3.00;1742727.98;1391.28;371357.01;179665.01;16451.00;21.92
------CLUSTER------
percent:0.04
size:1
VIP511
gate;colony_count;level;liga;rank;bo;archeology;building;science;ra
1.00;4.00;126.00;3.00;1727961.96;22648.50;94389.00;110150.00;120037.00;15.64
------CLUSTER------
percent:0.04
size:1
_A_x_g_N_
gate;colony_count;level;liga;rank;bo;archeology;building;science;ra
1.00;4.00;40.00;3.00;1723901.95;0.05;7992.00;140690.01;114628.00;12.44
------CLUSTER------
percent:0.04
size:1
gonchar54
gate;colony_count;level;liga;rank;bo;archeology;building;science;ra
1.00;4.00;115.00;3.00;1718363.02;11721.50;328062.99;141104.99;95822.00;8.59
------CLUSTER------
percent:0.04
size:1
FSOL
gate;colony_count;level;liga;rank;bo;archeology;building;science;ra
1.00;4.00;118.00;3.00;1686220.95;15737.30;201068.99;159049.99;19916.00;20.51
------CLUSTER------
percent:0.04
size:1
fadeeva
gate;colony_count;level;liga;rank;bo;archeology;building;science;ra
1.00;4.00;77.00;3.00;1670898.01;5697.26;28884.00;116260.00;26239.00;20.00
------CLUSTER------
percent:0.04
size:1
Perepel
gate;colony_count;level;liga;rank;bo;archeology;building;science;ra
1.00;4.00;68.00;3.00;1669890.06;547.79;268717.98;117365.00;111792.00;26.03
------CLUSTER------
percent:0.04
size:1
Foriss
gate;colony_count;level;liga;rank;bo;archeology;building;science;ra
1.00;4.00;98.00;3.00;1610054.05;6666.12;255367.00;158844.01;23258.00;1.28
------CLUSTER------
percent:0.04
size:1
mno
gate;colony_count;level;liga;rank;bo;archeology;building;science;ra
0.00;4.00;88.00;3.00;1545051.95;5352.47;158234.00;150027.00;67780.00;13.08
------CLUSTER------
percent:0.04
size:1
mesherator
gate;colony_count;level;liga;rank;bo;archeology;building;science;ra
1.00;4.00;65.00;3.00;1453254.02;1777.77;159822.00;94770.00;104104.00;18.33
------CLUSTER------
percent:0.04
size:1
keshako
gate;colony_count;level;liga;rank;bo;archeology;building;science;ra
1.00;4.00;53.00;3.00;1438865.03;789.76;61604.00;123580.00;138209.00;9.74
------CLUSTER------
percent:0.04
size:1
Galina_P
gate;colony_count;level;liga;rank;bo;archeology;building;science;ra
1.00;4.00;67.00;3.00;1421457.96;297.66;318130.00;128435.00;48061.00;7.95
------CLUSTER------
percent:0.04
size:1
sber_max
gate;colony_count;level;liga;rank;bo;archeology;building;science;ra
0.00;4.00;127.00;3.00;1403434.01;23274.10;100263.00;68725.00;153539.00;13.97
------CLUSTER------
percent:0.04
size:1
andy_venol
gate;colony_count;level;liga;rank;bo;archeology;building;science;ra
0.00;4.00;186.00;3.00;1315814.05;433752.00;176200.00;133768.00;62485.00;7.18
------CLUSTER------
percent:0.04
size:1
KinderSam
gate;colony_count;level;liga;rank;bo;archeology;building;science;ra
1.00;4.00;68.00;3.00;1299124.96;741.12;291262.01;91175.00;91263.00;7.69
------CLUSTER------
percent:0.04
size:1
angelina11091
gate;colony_count;level;liga;rank;bo;archeology;building;science;ra
1.00;4.00;75.00;3.00;1283391.99;2768.41;200120.01;110958.00;71974.00;5.51
------CLUSTER------
percent:0.04
size:1
seriozsam
gate;colony_count;level;liga;rank;bo;archeology;building;science;ra
1.00;4.00;142.00;3.00;1282443.02;41649.20;258824.00;165353.00;13615.00;2.31
------CLUSTER------
percent:0.04
size:1
MyKyLL
gate;colony_count;level;liga;rank;bo;archeology;building;science;ra
0.00;4.00;131.00;3.00;1249013.00;29300.20;46249.00;155365.01;22396.00;18.59
------CLUSTER------
percent:0.04
size:1
Astravod
gate;colony_count;level;liga;rank;bo;archeology;building;science;ra
1.00;5.00;119.00;3.00;1241543.98;18002.50;21660.00;184053.99;23064.00;39.36
------CLUSTER------
percent:0.04
size:1
MAO_VIP
gate;colony_count;level;liga;rank;bo;archeology;building;science;ra
0.00;4.00;108.00;3.00;1229594.96;11973.00;89820.00;106274.00;73193.00;25.64
------CLUSTER------
percent:0.04
size:1
len2
gate;colony_count;level;liga;rank;bo;archeology;building;science;ra
0.00;4.00;69.00;3.00;1222462.95;1279.11;195058.01;120370.00;141612.00;0.51
------CLUSTER------
percent:0.04
size:1
vovan_o
gate;colony_count;level;liga;rank;bo;archeology;building;science;ra
0.00;4.00;65.00;3.00;1211648.94;372.80;143168.00;128925.00;201133.00;1.03
------CLUSTER------
percent:0.04
size:1
Dibog
gate;colony_count;level;liga;rank;bo;archeology;building;science;ra
1.00;4.00;89.00;3.00;1198933.06;3100.11;387259.00;122825.00;61504.00;7.69
------CLUSTER------
percent:0.04
size:1
Tilarek
gate;colony_count;level;liga;rank;bo;archeology;building;science;ra
1.00;4.00;60.00;3.00;1136853.97;1837.67;125436.00;95515.00;74390.00;30.64
------CLUSTER------
percent:0.04
size:1
DeleGate
gate;colony_count;level;liga;rank;bo;archeology;building;science;ra
1.00;4.00;139.00;3.00;1108297.98;36911.40;165548.00;189690.01;76765.00;20.00
------CLUSTER------
percent:0.04
size:1
PHARAOH_D
gate;colony_count;level;liga;rank;bo;archeology;building;science;ra
1.00;4.00;136.00;3.00;1103973.00;36757.70;202351.00;130179.99;23677.00;12.31
------CLUSTER------
percent:0.04
size:1
Regarro
gate;colony_count;level;liga;rank;bo;archeology;building;science;ra
1.00;4.00;66.00;3.00;1099713.02;643.19;288553.99;134430.01;31752.00;1.03
------CLUSTER------
percent:0.04
size:1
redaleks
gate;colony_count;level;liga;rank;bo;archeology;building;science;ra
0.00;4.00;52.00;3.00;1089946.01;456.45;117945.00;178575.00;30016.00;15.13
------CLUSTER------
percent:0.04
size:1
Pillau
gate;colony_count;level;liga;rank;bo;archeology;building;science;ra
1.00;4.00;67.00;3.00;1081517.06;1750.58;108255.00;231415.00;48091.00;8.97
------CLUSTER------
percent:0.04
size:1
energo_eco
gate;colony_count;level;liga;rank;bo;archeology;building;science;ra
0.00;4.00;50.00;3.00;1075917.05;431.81;71208.00;239464.99;10142.00;11.41
------CLUSTER------
percent:0.04
size:1
MalimonoFF
gate;colony_count;level;liga;rank;bo;archeology;building;science;ra
1.00;4.00;68.00;3.00;1046082.96;1901.45;194748.99;168825.00;13863.00;2.69
------CLUSTER------
percent:0.04
size:1
SESSIL
gate;colony_count;level;liga;rank;bo;archeology;building;science;ra
0.00;4.00;99.00;3.00;1039410.97;9242.45;57826.00;177298.00;31139.00;13.59
------CLUSTER------
percent:0.04
size:1
Arich
gate;colony_count;level;liga;rank;bo;archeology;building;science;ra
0.00;4.00;107.00;3.00;1033690.04;9772.75;234987.01;87490.00;84597.00;14.23
------CLUSTER------
percent:0.04
size:1
accent044
gate;colony_count;level;liga;rank;bo;archeology;building;science;ra
1.00;4.00;158.00;3.00;1005652.99;82014.10;103702.00;223895.00;42839.00;0.64
------CLUSTER------
percent:0.04
size:1
Colt943
gate;colony_count;level;liga;rank;bo;archeology;building;science;ra
1.00;4.00;58.00;3.00;997354.01;1437.20;13222.00;260255.00;36680.00;17.82
------CLUSTER------
percent:0.04
size:1
juck0808
gate;colony_count;level;liga;rank;bo;archeology;building;science;ra
0.00;4.00;126.00;3.00;987646.03;21649.30;168154.00;160599.99;42446.00;0.64
------CLUSTER------
percent:0.04
size:1
Kytyza
gate;colony_count;level;liga;rank;bo;archeology;building;science;ra
1.00;4.00;84.00;3.00;973086.01;4908.97;114682.00;220515.01;32365.00;2.18
------CLUSTER------
percent:0.04
size:1
zleo66
gate;colony_count;level;liga;rank;bo;archeology;building;science;ra
0.00;4.00;62.00;3.00;968919.98;0.03;291756.99;124500.00;44202.00;7.95
------CLUSTER------
percent:0.04
size:1
frankds
gate;colony_count;level;liga;rank;bo;archeology;building;science;ra
1.00;4.00;50.00;3.00;966263.98;100.32;83764.00;246135.00;22988.00;10.64
------CLUSTER------
percent:0.04
size:1
ESpawnja007
gate;colony_count;level;liga;rank;bo;archeology;building;science;ra
0.00;4.00;69.00;3.00;940569.99;3538.34;85790.00;157715.00;19761.00;27.05
------CLUSTER------
percent:0.04
size:1
sorter
gate;colony_count;level;liga;rank;bo;archeology;building;science;ra
0.00;4.00;80.00;3.00;928910.02;5038.23;111361.00;149135.01;19370.00;13.85
------CLUSTER------
percent:0.04
size:1
a_shir
gate;colony_count;level;liga;rank;bo;archeology;building;science;ra
1.00;4.00;111.00;3.00;916030.98;14063.50;7328.00;96744.00;106847.00;0.77
------CLUSTER------
percent:0.04
size:1
Cozzakki
gate;colony_count;level;liga;rank;bo;archeology;building;science;ra
1.00;4.00;99.00;3.00;910849.99;9535.53;42494.00;172659.00;20393.00;14.36
------CLUSTER------
percent:0.04
size:1
Fox_l
gate;colony_count;level;liga;rank;bo;archeology;building;science;ra
0.00;4.00;180.00;3.00;907500.02;232320.00;123115.00;149991.00;32083.00;12.82
------CLUSTER------
percent:0.04
size:1
NuclarDV2010
gate;colony_count;level;liga;rank;bo;archeology;building;science;ra
1.00;4.00;61.00;3.00;891359.97;883.07;198022.99;158971.01;18012.00;11.15
------CLUSTER------
percent:0.04
size:1
novichokmip
gate;colony_count;level;liga;rank;bo;archeology;building;science;ra
0.00;4.00;122.00;3.00;877965.01;18470.00;138467.00;99988.00;108835.00;1.28
------CLUSTER------
percent:0.04
size:1
KaRRRa
gate;colony_count;level;liga;rank;bo;archeology;building;science;ra
0.00;4.00;37.00;3.00;873621.00;3.17;49070.00;89848.00;69720.00;41.54
------CLUSTER------
percent:0.04
size:1
vladnfinn
gate;colony_count;level;liga;rank;bo;archeology;building;science;ra
0.00;4.00;150.00;3.00;853125.01;60897.10;39770.00;238855.00;17620.00;1.28
------CLUSTER------
percent:0.04
size:1
makskorpio
gate;colony_count;level;liga;rank;bo;archeology;building;science;ra
0.00;3.00;40.00;3.00;836776.01;0.37;65621.00;69464.00;105266.00;20.90
------CLUSTER------
percent:0.04
size:1
RAKSHAZ
gate;colony_count;level;liga;rank;bo;archeology;building;science;ra
0.00;4.00;57.00;3.00;827480.03;1045.77;119828.00;168145.00;35936.00;32.44
------CLUSTER------
percent:0.04
size:1
BesUpLcf
gate;colony_count;level;liga;rank;bo;archeology;building;science;ra
0.00;3.00;70.00;3.00;819825.02;3670.37;88332.00;85835.00;83050.00;7.44
------CLUSTER------
percent:0.04
size:1
Alex_Etom
gate;colony_count;level;liga;rank;bo;archeology;building;science;ra
1.00;3.00;42.00;3.00;807138.99;19.39;17921.00;54710.00;199939.01;0.51
------CLUSTER------
percent:0.04
size:1
Posh
gate;colony_count;level;liga;rank;bo;archeology;building;science;ra
1.00;4.00;92.00;3.00;803815.00;5663.31;181352.00;131010.00;100906.00;2.44
------CLUSTER------
percent:0.04
size:1
Legeoner
gate;colony_count;level;liga;rank;bo;archeology;building;science;ra
0.00;3.00;48.00;3.00;781400.00;1413.58;56667.00;93540.00;50776.00;28.85
------CLUSTER------
percent:0.04
size:1
rest197077
gate;colony_count;level;liga;rank;bo;archeology;building;science;ra
1.00;4.00;107.00;3.00;720650.98;11779.10;45727.00;177031.00;13599.00;0.51
------CLUSTER------
percent:0.04
size:1
Shmajser
gate;colony_count;level;liga;rank;bo;archeology;building;science;ra
0.00;4.00;40.00;3.00;717498.02;456.07;15560.00;184884.99;13583.00;12.18
------CLUSTER------
percent:0.04
size:1
Marsianin77
gate;colony_count;level;liga;rank;bo;archeology;building;science;ra
0.00;4.00;86.00;3.00;704204.03;5863.04;68795.00;231684.99;8838.00;0.51
------CLUSTER------
percent:0.04
size:1
Gavroh
gate;colony_count;level;liga;rank;bo;archeology;building;science;ra
1.00;4.00;108.00;3.00;639613.00;12813.20;28872.00;131100.00;17874.00;17.82
------CLUSTER------
percent:0.04
size:1
twisterr2
gate;colony_count;level;liga;rank;bo;archeology;building;science;ra
1.00;4.00;59.00;3.00;628050.97;3.29;232616.00;84919.00;113651.00;3.72
------CLUSTER------
percent:0.04
size:1
aleksb1
gate;colony_count;level;liga;rank;bo;archeology;building;science;ra
1.00;3.00;42.00;3.00;590693.01;347.94;81079.00;52095.00;99658.00;0.38
------CLUSTER------
percent:0.04
size:1
Warstiner
gate;colony_count;level;liga;rank;bo;archeology;building;science;ra
1.00;4.00;27.00;3.00;579422.01;5.14;5506.00;93310.00;9082.00;42.56
------CLUSTER------
percent:0.04
size:1
Leegor
gate;colony_count;level;liga;rank;bo;archeology;building;science;ra
1.00;2.00;45.00;3.00;488234.01;1719.21;49310.00;64960.00;27080.00;9.74
------CLUSTER------
percent:0.04
size:1
MAXTTK
gate;colony_count;level;liga;rank;bo;archeology;building;science;ra
1.00;3.00;32.00;3.00;475557.00;0.00;58969.00;73043.00;22944.00;21.92
------CLUSTER------
percent:0.04
size:1
Fiks2010
gate;colony_count;level;liga;rank;bo;archeology;building;science;ra
1.00;4.00;22.00;3.00;468256.00;0.00;2311.00;55505.00;3828.00;36.79
------CLUSTER------
percent:0.04
size:1
neAngel_Ok
gate;colony_count;level;liga;rank;bo;archeology;building;science;ra
1.00;3.00;52.00;3.00;458228.99;84.91;181573.00;69446.00;100067.00;0.51
------CLUSTER------
percent:0.04
size:1
strelok118
gate;colony_count;level;liga;rank;bo;archeology;building;science;ra
0.00;1.00;23.00;3.00;457105.01;0.00;8443.00;20764.00;32317.00;31.41
------CLUSTER------
percent:0.04
size:1
TITAH1977
gate;colony_count;level;liga;rank;bo;archeology;building;science;ra
1.00;4.00;25.00;1.00;375124.00;9.14;1612.00;76970.00;4752.00;0.13
------CLUSTER------
percent:0.04
size:1
AssassinAltair
gate;colony_count;level;liga;rank;bo;archeology;building;science;ra
1.00;4.00;69.00;3.00;370650.00;3.21;401560.00;116170.00;14403.00;1.67
------CLUSTER------
percent:0.04
size:1
noorddd
gate;colony_count;level;liga;rank;bo;archeology;building;science;ra
0.00;4.00;111.00;3.00;356382.01;14693.80;26399.00;79519.00;19728.00;4.62
------CLUSTER------
percent:0.04
size:1
megaoxygen
gate;colony_count;level;liga;rank;bo;archeology;building;science;ra
1.00;4.00;39.00;3.00;334441.01;150.12;75394.00;123795.00;13192.00;38.85
------CLUSTER------
percent:0.04
size:1
Alena222888
gate;colony_count;level;liga;rank;bo;archeology;building;science;ra
1.00;2.00;19.00;2.00;268195.99;2.58;2062.00;34086.00;3556.00;48.85
------CLUSTER------
percent:0.04
size:1
Mozka
gate;colony_count;level;liga;rank;bo;archeology;building;science;ra
1.00;4.00;137.00;3.00;263527.99;36258.70;51192.00;157430.00;11048.00;24.62
------CLUSTER------
percent:0.04
size:1
barna
gate;colony_count;level;liga;rank;bo;archeology;building;science;ra
0.00;4.00;21.00;2.00;232531.00;0.74;487.00;45445.00;5245.00;0.26
------CLUSTER------
percent:0.04
size:1
Dizeli_Power
gate;colony_count;level;liga;rank;bo;archeology;building;science;ra
1.00;1.00;18.00;3.00;208724.00;0.44;1640.00;28721.00;3307.00;22.82
------CLUSTER------
percent:0.04
size:1
Dizzon
gate;colony_count;level;liga;rank;bo;archeology;building;science;ra
0.00;2.00;0.00;0.00;200632.00;55.22;0.00;0.00;0.00;0.00
------CLUSTER------
percent:0.04
size:1
BBIZON
gate;colony_count;level;liga;rank;bo;archeology;building;science;ra
0.00;4.00;53.00;3.00;186241.01;0.92;248936.00;100980.00;4395.00;6.54
------CLUSTER------
percent:0.04
size:1
meshav
gate;colony_count;level;liga;rank;bo;archeology;building;science;ra
1.00;2.00;18.00;2.00;160747.00;12.71;1389.00;28010.00;3445.00;37.05
------CLUSTER------
percent:0.04
size:1
Hister
gate;colony_count;level;liga;rank;bo;archeology;building;science;ra
1.00;1.00;15.00;1.00;140130.00;0.18;0.00;18981.00;2839.00;20.26
------CLUSTER------
percent:0.04
size:1
zukmsk
gate;colony_count;level;liga;rank;bo;archeology;building;science;ra
1.00;2.00;40.00;3.00;122296.00;1125.32;15023.00;101551.00;22374.00;0.26
------CLUSTER------
percent:0.04
size:1
Kot31
gate;colony_count;level;liga;rank;bo;archeology;building;science;ra
1.00;2.00;69.00;3.00;122280.00;2587.99;205497.99;25418.00;38152.00;0.51
------CLUSTER------
percent:0.04
size:1
JusTaVinO
gate;colony_count;level;liga;rank;bo;archeology;building;science;ra
1.00;4.00;80.00;3.00;96331.00;6852.90;10434.00;86655.00;19571.00;0.38
------CLUSTER------
percent:0.04
size:1
KALAKOT
gate;colony_count;level;liga;rank;bo;archeology;building;science;ra
1.00;2.00;15.00;1.00;92639.00;0.00;64.00;17941.00;2842.00;24.49
------CLUSTER------
percent:0.04
size:1
stil444eg
gate;colony_count;level;liga;rank;bo;archeology;building;science;ra
1.00;0.00;13.00;1.00;92576.00;0.00;106.00;13136.00;2364.00;31.79
------CLUSTER------
percent:0.04
size:1
VaMaG
gate;colony_count;level;liga;rank;bo;archeology;building;science;ra
1.00;2.00;129.00;3.00;65415.00;27865.80;16560.00;78210.00;19341.00;0.51
------CLUSTER------
percent:0.04
size:1
pouity
gate;colony_count;level;liga;rank;bo;archeology;building;science;ra
1.00;0.00;11.00;1.00;63902.00;0.00;182.00;7901.00;1326.00;53.97
------CLUSTER------
percent:0.04
size:1
vector7
gate;colony_count;level;liga;rank;bo;archeology;building;science;ra
0.00;0.00;6.00;1.00;13376.00;0.00;0.00;1680.00;647.00;18.08
------CLUSTER------
percent:0.04
size:1
SHoCK_Steel_Eagle
gate;colony_count;level;liga;rank;bo;archeology;building;science;ra
0.00;0.00;4.00;1.00;2448.00;0.00;0.00;645.00;222.00;45.45
