22:29:05 07.12.2011
hierarhy - mst: 70.25
hierarhy - kmeans: 71.30
------CLUSTER------
percent:20.32
size:427
Klodina,Beruseruku,Manchestro,StormR1,nkYellOw,netnet,petruXov,Dmek,givoder,Niamo,Vaale,kepatopoc,BRONEAPL,LEGIONER_STAR,selisten,godobikov,marik72,iventes,Stanna,zerogroup,ann234,Professor666,capogok29,SStromgard,HandeHoch,brain164,Nextone,JavaRad,alex0306,Badspaider,loliuser,nikrofil198,4ypik,Aank_3,Devil_sister,stepan98,mlsound2009,gurza015,PiRaT9919,anspik,Askoldir,Amihas,dmvasil,IIOXYUCT,evgenn96,2VladislaV8,Kamik_Orion,PIT84,asovers,sandin1983,Nerevarin369,vikinikyal,qwer000,RcDog2,bak8000,krivika,Gulija,Kiryxa18,makarpokja,adam_ich,Barata,teplikrbk,Santyaga89,Zele9r,Whatye,raklarisa,bliznec23,skiters,Korotiwka,MisterFix,vydas,lekhto,lemora207,cjybr56_236,jodu,oldNestor,Dominusss,hitrou,klim2112,Commandoss,cprok,dubonja,evsigneevtima,VDOM555,barsuk317,nerg999,Shadowilya,draganage,stalkerxer,Renmaru,timbey,afonja,Hell_to_move_in,br0mas,Hikitosik,kirawa,Ririk14,11176586,profsha,MugenBlade,saidus,Kokn,Indifferencenov,ZIMa07,lomik51,Asmerd,Broon,stGregory,4410,TROGVAR_OGR,Blaim,sleghome,muadeb,057575,Kuzen_Avi,Eulen,karoy,Legioner007,andrejjbdkv,metarhos,Dentarg,dimatar,Chummer,pavel_ginin,gofar,scorpion291076,kostik9,nem4ara,gfcftr,AD85,Momorik,ewqazxc12321,smok45,NRH,generatesun,Vladmal,ptztoxic,Stereo434,1Shtusha_kutushA1,rimona,gofrein,vasilisc92,va1kir,Mephy,Nezabudka_N,svinunit_416,Gnom123,narutan,bigmam,wertor123,serger1484,atad2008,AVATAR_007,MopDe,Dok97,arturigumnov,sergeilew,sidorovaleksejj1615,bogdan_alisa,illa99,cherenkovkirill,Jenya12,dashhhha,Ratchet97,MrKsanty,KONONQQ,jura4211174,ilya9621,nikiteka2,artmas3,igorpetrov,Sketch_63_RUS,linksys,Veronz,zdrqsc,rah88,corell72,Morthoseth,prasep,OS_lool,Devid_Belle,zawetz,qaz222222,lepsi,suicid33,kot26,1roman2008,wityaz1,Alvagest,lexaoden,9991,eng231,BOPOHKOB,rafiska99,Sartan123,zuzja66610,Ardorm,mik110,golovachev1971,sayron21,kolomiytsevdenis,sleeep,NoVoSti,alex20122012,XMDudkin,adriano97,Dumka100,Xzort,maxxx15,merli291,maks20012,siber97,limbonik,genydev,Mikolog,GoRblHbl4,iljaloladze,nastya28,kfjffhdjjfdh,koosmos,Twelwe,stoller,enick54et,w15suxk,sswd00,Soerrrrrr,NEFERG,ninet3,admid,romenchakrobert,3DMetalhead,sephirots,Rozaruo,48008,Black_Queen,unhack,COCAINEE,katany,Fishenzon,muzychenkoaleksejj,qwerybones,nikkinikkixxx,baneling,allaxby,Monrok,kuzbass42,abudabum,edurad1420,mihne,trevas,Maksimkoxp,igor45rtn,k78,anton098,igor147608,Vinni2011,stas101099,ZODxXx,5643,64074587880,LiSt8,yrik_9,Bogomol30,Katanale,breader,Omanika,slatkiy,sharoilja,qwerghjiop,DestinChild,Risto,gamele,borjomi2,nikitaremizov,Skepticism,fynjyjv,nimikon,rwi,adja07,juhyfc,poker_lady,trahmaster,maxbets2,kill11,nikitaskase,PnPSEGA,fakser,bekchiveaz2010,Asaf,kolesnik274,demon48,andrej880,voldemarij,Linoks,al12345,intercep,LeoTomp,yragah85,nohchoi,kofanovsergey,pomahyc,LornKarios,Dima02,DanillaDragon,levnayt,borsyk007,Hakenkreuz_,kamikad,dima55500,1998823,hva89,Sfera007,stalker998,kelaghbdtn,Gevorg123,tautet,supcolgate,Graker,holypeace,Katerinka1991,nikaaleksandriks,YUOTUBE,gahkctep48,NEGEFAZ,leraleksandrova,pavlk,iolka777,tomo9,Lagshmi,olders123,ftjsrtsrjtj,Ilja2003,alex54543,Tottypro,6875856974,mrblack1998,radikid,ArthurWhite,gufffffffff,micko,alekseif13,KELLIR007,Dartan,belezard,ily367,basito,anisianet,sergeichirkin2011,fakrai,falshunov,Mige,ujif0602,Narcodancer,SAMBIST345,izwergin,monTT,ZWIT,FireDragon,Foresd1321,tanuhawau,belouso00,kobz91,dubovsv4,nikitosp,wet46,xklikx,Be4ER,NEKROMORF,Munto,denomid,nagefer,kit306,oleg1999,hatahy,Anmortal,vovan533,pensioner1700,boris19733,xcvfsg,XNAVX,Lopino,Refox,IiIVIPIiI,XbormanX,bahlik,Dmitrij37,Andersen99ru,Pyc9I,Shmula,WolkodaW,Warrior45,xaracheban,BeastBY,ibeerlover,AfillA,kisa1301,HiPiFSO,Bny4a,tem09,evely,delta_force,slavahr0,skivbox,Whitespear,maxkosarev,gordeych,imbatman,vsop007,BloodyFrost,Mehanik111,kevin_nikitnik,Nikon_d700,pro169,Midknight,imtune,Elkord,Fidzi,hriak5,sugsapro,GreyCardinal,GiantBerserkSamurai,slezkin,4aT,ArmVDV,Strannik88,HEKPO3,Mefistofile
gate;colony_count;level;liga;rank;bo;archeology;building;science;ra
0.00;0.00;2.27;2.00;6283.12;0.02;38.72;796.11;250.26;0.93
------CLUSTER------
percent:18.09
size:380
Sayryn,nato4ka,VIGAS,14KIA,Alex_11,pimba,devakor,Kadinov,Arlandino,KolDunchik,eksiton,war_otaky,gigapihar,buryjtino,OVERVALD,Rainboy,Cristiania,spinozka,Disa911,sancase,Kervel,Lakiroll,custodian,shamhor7375,shooler99,ss7,eee2002,TomoGavk,castle,fetol,SoulJet,femida32,_DeimoS_,skytronic,black_dusha,zvitaliyz,lesorub_s,semyonov,nastya1005,nuBac,Legioner1333,grdmn,Rusana,is1n,Mete0R,mkserg,evilus,a111169,Pandi,lobach,tumtsia,SergeSLK,vitjamba,kollesnik,loxudra,PriRez,MedMiV,kirden,Oriens,anv,dqq,Ddef,KreTeen,RIP_EMPTY,Belorus,wassa,Invisible1,WB777,GriBBi,NonProfesional,SunnyF1,MegaPolus,lev33,_DERIAN_,Astrawest,KisLana,supchik,VIUST,privy,SlashPorkY1,Nezhna,Salix,radsh,Nullifier,Acid_hacK,Fertilizer,Hi_JacKeR,1354,ferrgo,Asus01,PersonaNonGrata,_Sirius_,tanya157,gramm100,Schmurge,pan_pan,serg4100,ziper4x4,NeoSephiroth,pashtetka,GinJin,rodict,ruskii95,11111anuta11111,Bestrafer,sashamts,igortonight,SuperHaos,Maximka_137,walerka,abkbys,lizardlp,Poxititel,gopnyk,IiIsidhaIiI,oleoleola,LaGorra,essina,peppper,Monsoro,belinea,Mandor,pospelovdk,Companion,aggressorus,DeVinter,_PartizankA_,Fanton511,salabim,Broner,SHADOW_50,kkarabass,SHARMAN,JL_Heir,rivai,wulfs,vomihal,Gekasus,kuntin,William_Wolos,Roland09,LEO189,Fobosisalive,yandex_ru,Rammstein04,Dowmntime,roma_arv,GENIUS055,BETMON,anres,Bace,Sustav,Kamik,Wrigley,Hlebus,muraba83,OPTEL1,deadwood,Seliger,Krasnika,pnpnick,AragornA,Nikolai1973,XanDa2005,stasian012,valm2005,ColdRain,MrWhisper,PlastycBuddha,alikserj,Monster,Gilmorring,MBug,grantbul,SVP61,StLynx,Decepticon,kvasha,hecfxrf,Intelegent7771,Triumvirat,Lopouh,xomlak,p0dSadman97,Nestabi1niY,makanaki,Ikar82,kakukh,dzyruk,UncleYorra,ReaperDRW,Speedy8,shlz,ROMATO,colibry27,AprAxiA,shimik_animal_jr,winnel,donidarko,romul,bloodaman,ashom,dimon2187,serj_e,Scorpion_sx,bumbel,vityx,Baster,Telepuzzer,Henk0k,Sc0rp10n,Fomka,MagicBright,Shadow_of_Night,root_by,Italiashka,Moldovan,Pooller,tytry12,Sklin,Lekseich77,blitzstar,makerpeace,Blood_Crazy_666,_Torr_,dgudi2,gasssan,Mampoc60,Hassadar,gorra,MeMO_,Uspex,AlexyBond,Glasseye,giosposta,Psylog,ValeriyVS,nhfrnjh,madenemy,ztgn,Dexter_Brabus,Godzzzila,FireWolf,MinumuS,Dmi,_Igorok_,cyfral,Habicht,yDarNik,marsianin,euwa,manX,Annaelle,KAMATSUI,filin1202,vavan64,Stn,ingenico,4dbpower,Gacop,VeryWhiteHorse,behappy2008,RJEY,dimon1989popov,jerikomo,4uJlaBePT,Bogdasar,JustasAG,Resurected,AleksZ77,ellen_marlen,Akson_neyro,serge175,JonConor,_Liho_,Master_meditation,Karkysha80,Ledzz,OMGXaker,bestbroker,Actioner,maksskam,ataman2216,redok3,07071977,o5e2stou,REAKTIVE,emo_7,tu1528t02,parapessor,rolar06,methadrone,BOSS_BY,Kirilov_Alex,shaimiev,slavahr,FALCO_II,1TAHATOC1,Aken,sonya270972,Exelentt,FOV,Architecture,_komatic,zzz707,valis,Sfortsa,xzerekol,mr_dick,Kssandra,TAJIEHOR,Snoshalsky,Anzel,Miaal,AlexGor,Longhi1333,kolenval,allart,Wall_E,arcana13,nord75,Eldente,alvaz,Bereal,sirslava,demon_antuan07,multivitamin,Schumacher78,Petrovic,Falcon_Claw,fariy,maxkrimia,APOHAP,Akkord221,marih,LeV4ik,TIMUR_TAMERLAN,Alexeyxxx,rockdj,novgorod1,solov57,Kto_zdes,Dzunga,kriksik,gott_mit_uns,RTI,Kazulka,Untitled_Identity,iriska237,RateG,dragonmaster,vampiress,aragorn8474,Menni,Accept_,Zell,Preator,smok,runeru,Thunderdomes,___I___,GriFon_,NetRanger,Levij,SaTaNa82,haruvim,bad66,master1992,IIAPAMOH,cybervizor,chilanzar,Doraty9,dmb04,ElvenKnight,Vovagnytov,nick_is2,deyt,Agnepus,OSeloK1,arhiepiscop
gate;colony_count;level;liga;rank;bo;archeology;building;science;ra
0.00;2.91;36.02;3.00;561915.32;476.79;46966.92;76631.88;35552.17;9.87
------CLUSTER------
percent:16.04
size:337
poporu,LV2001,TROMODOL,skomarova2,sn005dog,Skorpserg,skelin,molchunnow,kondor40,sukuba,MaxKulkov,elfh,Protoz,terandrey,cshev,neolitark,RGD5,Warrioriss,BOVESPA,Chertopodoh,LLIamaH2010,RRmice,budushee,Nyashami_kun,madamkuzina2010,serpundmolot_77,DeonisRayc,neonlight,alnev123,klone4,63reg,Myst3ry,dilikauri,sayavria,Opilat,grtemkin,lenin00,powerss,guligo,aueg2007,const86,blascJAC,B_nOuCKAX_PecoB,rarapuH,InfernoKiller,Vika_sha,raxas,drn21,desya,SMertutaHP,GgGk,Veselchak,ilusha7,Double_Nail,reBlueTooth,Raysas,Arec,Valdar,Postum,david_gho,RfdSS,yanovsky_den_val,kurtshar93,XXX_12_MMM,Rippik,Aladen,sndrbbn,leshunka,BDL_80,sergskv,geologoed,KORSAROS,djo14,echausov,IVA60,VitaliySH,Kornely,crimp23,Olga1155,STAREC231,Mir_OK,Vkusnya,nikitasbj,Aliadenshe,donAugusto,exmeda,_Unknown_,Dimos,Pervayaposleevy,pamarafonim,murmur,Astim,muskatik,svetlanasuper,gumilev,nio55,ZiXXX,Victory1972,zolotoyentony,Lyutiy,anyta2602,WARRICHTER,AEG1,bednjak,kantata,asn09,avis_rara,shadas,OUSEN,sotya,taket,miha2604,Aloha,AlexGrey,STALKERSOTA,Nadin,Jurij12,Detestable,arakas1,BloodLoveAngel,Atatashka,lionvitalii,mmbond,CrazzYGuY,kica1154,funtik0111,Alexandred,uzhos,cronos654,bb1112007,deadonlyone,Andre1972,Plom,Kolbasoff,serf123,Avikon,rikardo888,Tsistokletov,jonglop,Tassadar21,slonikopotam,DestinyTime,Irishka1969,markiz1967,Galaxi1,ssserg2,Egerer,aleksandr1833,asemlansky,ALeX_U,Dark_pepel,Slavik78,DeadMonah,miklarus,oritanas,13dan13,skarb007,aisha_am,skorp77,TURCHAK,avalon_65,MSLION,Stopmashin,Stalnoj,Dimetra_,kimusha,mbwana1,nasdaq,Tilk_Academy,_Djony_,Mikhail_pirat,gutalin147,Mr_Pi,sirdevill,Vadik1858,glorfi,MinnyMe,Deadloc,dobr167,anri_pr,Tehas,sonik2005,digitex123,Levand,v220,Sasha1967,Gigandra,YaceK,altorop,Silver_Dragon,Phel,Makarenko,IDUS,kosihopitao,Torenc,selavka,McDOOKE,gadyka81,sid777777,sahatyi79,Lordalexander,pavel1978,SergVVV,namdvili_ambako,leliash,dliv,MIHEPBA,Aleksey_Kolesnikov,levkorol,Livers,ZoRMoT,PabloEscobaro,Kuropatka,Chocolatte,Kopashka,dudaeev,Sony320,Leshiy_Ash,ira123456,kab1400,Belivern2,evgenisaev,Andrey22121984,MyFAV1,Blondelady,nettoo,tibatiba,murtuz99,CrazyDoca,RealZveroboy,DedHrust,KOTE74,ks2012,feyh,BLACK_W_O_L_F,Amalphy,DuxBellorum,dark926,Vedaz,Fcbooman,Andron1984,Botus_obormotus,SIDNT,Stribok,dyser,zxcvbnm555,Daine,voleri,druger2,hip_dream,oks13311,ProstoBest,fludila4ka,OpolonII,Shnuk,Lilu85,Mim2,Deathruller,Ascar,juice2,Roman_McLeod,bakster_,fly666,g6i1zz7yfjog,armoon1,magizo,spich,Jura,sertili,tsitseron,Ukus,SM30,mavrigon,VeisAM,almashy,SagJOY,Todes,mussont,zz808,0770,kadavrus,Mihalch,SHAFTForever,marsianin72,MrSybex,vovanjatka,fighter_ogloed,Sergey_Ivanovich,BigPV,victor777kor,pacmay,asprin3,zuzzz,Dnstuff,morto,Hzarg79,Superchig,nasusurnik,Timatkov,HYENA_HYENA,Brodjaga_,alexmoon,WyvernSan,zemesargs,BENDERA06,zzonk,Agnarest,Cay,aim1504,old_z,Dadass,prestigio,Gazaa,Bad__Boss,Vitodze,Death_serg,Hunter_nk,Urka24,Ankalawr,nikleo,AIRW,Erics520,Lugor,evgen14,Morp,power2,Vagonn,oganov,KeepeRlife,timan01,whatze_phaq,Doktor33,FaxxL,Arija666,Verogirg_W_Klandr,sadovod,zHyperion
gate;colony_count;level;liga;rank;bo;archeology;building;science;ra
1.00;2.86;31.99;3.00;435621.97;357.99;31495.92;71382.58;23556.01;2.99
------CLUSTER------
percent:7.52
size:158
PONEPEDELNIK,Djordano,Novocat,Justice_of_pain,nightDOZA,chrek082008,boni2010,KJIAPYC,Deyvoss,chorgola,Zallun,pta,karasik_olja,90na60,kotenock,barboss79,rave1985,AlexandrVer,HAGEN2010,kashtanov19651,sIn666_punk,Sergey101011,Fantasmagor,Serhio,logan4ik,seregamas84,lefeka16,Vegan888,NaTuRAln,Trolik129,dimon1565,leonid12,FTMR,sablezub1,granovskidaniel,denz01224,sawat,Gunnhild,happy7,FerCor,McLaude,rolodin,BOJIF,Sasuke2,fogreen,nikot,jy4ok,chemodurovale,ablsveta7,Miribirka,das12321,Greit_Skiv,skillok,sheik17,ulpantumenova,iv5an,Yajy,dialog1,grafistt,Maniga,drakon1985,Demo369,Kostyn302,mishanyss,jhjughu,Scheger,terotut1865,zkan,smit77,myloporabote,fakyu,1Bpam1,goblin44,EvilPartisan,rufoti,m_solo,AnnitaMult,1234561921,uzumaki6,littleKarlos,nfyzfu,berlingo,VSL,mishanys,HAXEPAOHOMHE,futug,Korowka,24334283,boika,johnny17,Resak,Angelmail,serjant89,acx2,artemrozolenok,TOKARem,head198005,dkflnjv,cannabissB,IllidanStormrage,PUERTO,gulshat22,x4EREPx,roman950708,Vulhrim,roman199811,sheik12,BAHEK92,nLightSoul,oldpunk,Robulon,katrina,LadyLockwood,aidarrR,silih1995,FA3A,vadimyara,StatuSDeaD,Coldat28,John_Olson,gorthsir,gtxjdftfjf,Hamingwey,daymonIT,niknik21,vitalikest3,ooooooooooooooo,WikiMan,IrreversibleS,dehc88,zoranders,sasasa007,Cibik112,boss54,ytv,EvgenijSafronov,kagika,tgrehgreg,vagir,rig1980,gegi,vavanich,djawdet,devilmlatshiys,vnazaren,vishnya1989,roman723,dzeris,Dimedrolum,Perfecta,jinrohh,Prim2009,Nof8_Scanner,kukusa,XOCCE,region2000,DESTER,Twixter
gate;colony_count;level;liga;rank;bo;archeology;building;science;ra
0.00;0.03;3.24;1.00;15680.06;0.26;86.56;2029.43;462.64;1.96
------CLUSTER------
percent:6.28
size:132
korobok111,xXxRAWENxXx,krys_dro,KRUZEIRO,Cat_on_clouds,Werdna13,night_north,Ferling,X77777,InsaneCAV,AIHma1G0Dve0Z,Chick_RUS,SeAnLiKi,DrEUR,xxSTxx,vladimir1999,Veresk,npopokx,shumovkv,mvk10,lcferus,irum4,lili_tango,GPS100,Lenusichka,RON_,elisey22502,alexd381,nimezidaa,DOG13,andrsn,vfolet,westwud,Musaka,iis_285,naumV,Jasko,Kiber_mwtiteL,overnayt,DANEAL3000,gero1234,shurik8133,Al_Damir,x115222c8,astmargal,xmeser,calaps,DrFreeman,Valik18,nikolasha0011,JekaVGG,Roman436132,Parazitte,erepa,NewGodlike,kostya197808,dizel7,Rik428,aieti,maxykl,dac0n,Gines,faberman,inal,repinilia20100,Lukast,FAST22,kotik356,gogibubenchik,artem121212,maksimkatermit,vasenev13,snoopy24,komatoz77,Viktor_ChaoS,dronin00,hihihi2020,yurta38,banyad1,aratustra111,afganez,Olamara,Phoenix_a,garryk121,yur11,fantom80,hottei3,slavahr1,KillHunter_,Irbiis,terr_,Jigas,Magnanimus,svarog691,LigtSD,Sora13,TyZ935,arrivederci,_Gefer_,Phoenix935,Haziel,Sergali,Setels1,XCAINEX,GRAF_GRAND,TERADON,Vriss,Zmeilo,zloy_ninzia,TATADEN,BAP_BAP,simonna,trauras,NAP78,GERAAA,stalker19772008,HLOPEC2112,Bastinda45,Angel72rus,AUK1970,Dusvet,dog2000,ak197,phobos2k,_ABADDON_,Leonone1,san2004,Cherep99,FineKettleOfFish,TURIANEC,Burj,SlaerART
gate;colony_count;level;liga;rank;bo;archeology;building;science;ra
0.00;0.13;8.26;3.00;43578.20;4.07;1445.65;6662.27;2795.83;3.91
------CLUSTER------
percent:5.09
size:107
dolbastik,Gijdoolakh,ASPID73,litarn,baza415,aronya_787,1autumn1,Fluffy_and_White,MAKAPON,Utilizer,mmOx,solshark,Adeptic,Geralt_IL,nosapien,Dasha_A,rafaelnos,PaulCartman,Paladin_,SerjVzM,sapliak,NikitaXD,kirillavatar9,Loriens,OLEG91270,marmelon,Sanya100,tenek2007,brabyz,Adelheid,Ghostme,inspirit89reg,daniel121,Tanpopo,neAngel_Ok,smirnovs,CmewNou,Prokku,Rassaxan,ewqazxc1,zz1xx2,zilibob1,OB_EBOS,evo_n2o,nugzarimr,budog58,GI2Q8,Mishael_D,webziklon,Dorem,Enuki,ukosik,Argodey,ValekDemon,trezavor,RetroFM,LORDERONUM,Gilgamesh931,Revlon,KavaiiVampire,torin1970,slashlab,platon1109,Olegro93,RZmaks,Delawar22,wwmih,branall,190379,STANISLAV91,NeorgTS,Terminys,YouFeelThat,Unnlife,cJIoHoTano4eK,ZolanarArchangel,Grey_Horse,imanuel613,Gul_Dan,Lord_BERSERKIUS,Nelsson,katarinna3,blamen,wesdmiigo3,Sir_Armageddon,DeViL_Master_Ok,vladnik26,PsyGenka,Patogen53,7950105,ditaker,Delceo,Famar,Drakonis369,CheshireKot,nafar,iL1gA,Oleg_aka_Giena,Enzo,AntonFedchin,GORstar,sevenk,Nice_W,gedo1,arxun,KVN0277,Klimentij
gate;colony_count;level;liga;rank;bo;archeology;building;science;ra
1.00;0.09;10.36;2.00;54058.58;1.31;263.37;7488.64;1971.29;0.55
------CLUSTER------
percent:4.28
size:90
Annita,nestervivan2006,Leninad,Dark_Dusk,Rewired,Cloudy,jurki,BeeKing,Andron_K,AntttoXA,kocmozoo,BuGaVuGa,timshock,alexandrioning,D1K0,MASH_4077,bilael,Lekva,Timehanter,FABU_UZ,pando4ka,Enekin2008,ddg1975,igts,klaus73,deadendman,Astronom13,tomrud1000,dada,KMI,unhuryan22,Dirael,IVTulaev,serg131,taras2008,88Potroshitelb88,WallOfStone,shanro,MIXAN9999,Amargusha,killerwa,vnv197,a_serbin,Vanya4444,uhbyxer,forint_ms,simon0659,dartw,DimaRokDva,seryi77,pilk77,artstas,Illusionisst,sermask,maxim125,Temiron1,ZloyFenix,SirTroll,Lhadgaarj,TuOKi_makak,Amargi,Freestyler935,Lamios,smiagorl,Healer777,DenKL,Spherchik,Fotograf_M,matveichuk,waldemort,Takov76,Qwersy,soulzp,pasim,spab,Aulisch,megawat51,Demiash,hsako,Gerash1988,17897kalipso,sashabolotov2,Botar666,Saint_935,kvakus,megaussr,seregs78,NAMSO,DreamBou,Merlin2014
gate;colony_count;level;liga;rank;bo;archeology;building;science;ra
1.00;0.30;12.62;3.00;82850.88;11.90;881.94;11275.52;3474.14;1.31
------CLUSTER------
percent:2.81
size:59
INSTRUCTAG,yura77,barbarien,FOLKOBAN,hmmka,longerbolt,556041,ValeriyKaluga,Omelien,dima82,ZERG1986,Cat007,streetcat,herkul,userator,DocBeen,nbm_pc,Caddy1986,BlooDyReD,Ashmeleh,aleksandr1111,shaylin2,romoat,bloodydef,stepaska15,rekord11,freddy_hacker,bibo55,borntofight,Armanchecstalon,ETiH,Ruc,karite_,tracki,Sultalin,OhotnikSPB,nekit88,ksarron666,Mirondy,Skull_X,DTataV,GOR1,poljot1987,luxor1987,jaggman,HeavyRain,Mishny,corsarchudove,slavajan,Free_Rider,pustosh,uzinfo,Fortescue,BATbKA,skimlik,tatxan,Sabzeroo,BoooGaGa,HunterMan
gate;colony_count;level;liga;rank;bo;archeology;building;science;ra
1.00;0.27;11.39;1.00;92553.28;0.92;241.83;10030.86;2148.46;4.42
------CLUSTER------
percent:2.52
size:53
asolotun,uHBaJIug,Maratelllo,Besenok80,treloni,Dragonsky,zaraza_xl,zdorovjk,def__mrc,S0g0S,guriton,acvilon,Zorg_N1,Ruster,matar,Artemonion,MiZGuS,Dark_Inquisitor,MrGARY,Abyys,Pickachu,Barti26,ver123est,desipt0n,MLR,Cobalte,Rassul70,fastbuilder,mick_ts,Xramovnik,RYTAS,METAJIuCT,_DAttrIN_,TunderStorm,Types,logger,Marina1967,altushka1000,Taras_bylba,klyvagina,Artyomsol,Nastya_Lapochka,Soloway,tvinner,iMultis,borisvd,KingOfErythrocytes,BISCO,Kosty11,naglec,OGL,_220v,Persid
gate;colony_count;level;liga;rank;bo;archeology;building;science;ra
1.00;3.00;57.28;3.00;1124797.92;2837.84;95262.94;96507.23;40984.02;24.57
------CLUSTER------
percent:1.81
size:38
Gergen,Looser7,SkullX,lvp,sunlady,krroman,MrGera,Shveik,Ghost_Leader,Varyag,Inquisitorium,Pasterizacia,smp77,DORS06,lamadin,LORDGeo,Svirep,Joyka,DrFeelgood,arek,CLETUS,staskar,yansau,Vseslav,cezii133,oalex,Curing,assasin_SOTA,Antareks,renh,Serj_PSG,Kosmonaft,MVN_2000,Tribog,sau2005,Lightness,Heavy,vicgud
gate;colony_count;level;liga;rank;bo;archeology;building;science;ra
1.00;3.00;51.87;3.00;1292265.35;644.30;84186.77;68200.42;172405.98;2.03
------CLUSTER------
percent:1.81
size:38
_BULLET_,Tanis_Halfhelf,iskdir,vitek7777,_Scotty_,shRoman,realy_Shark,Aret,JGR,AgReSSoR,progunner,Victorzw,Desert_Eagles,occupantru,sav377,ivanby,UselessMan,Sanya22,GeneralZed,Staleri,solomon41,kaban1,Rainmaster,tim75,StalkerHB,darmoedina,Dolforn,coolmenn,ARTYOM_21,ioj,KROKUA,chizh_o,Rokkki,BeginnerHard,AKYRA,Olegas,LSFZ,zik1
gate;colony_count;level;liga;rank;bo;archeology;building;science;ra
0.00;3.00;49.97;3.00;1398796.32;919.23;81977.25;71797.71;129223.59;7.68
------CLUSTER------
percent:1.71
size:36
CrazyTiger777,inck,feliksem,obmorok007,Indians,Zelenaya8,Benderlog,grik,Suny_MAG,ss1988,megaarkheolog,Xokki,Solitary_Stranger,M_ART,RoZher,KerLeada,tellur,Arko,Gaory,AlexNT,P_Vitos,Tigra5547,TESAR,Chevy,Shatsky,KVV621,DEAD_OsLik,DEAD_KOMAPuK,CC18,lemynara,Serhi,SkyLite,Alcoholicus,ScReeM_d,Menshikov,george70
gate;colony_count;level;liga;rank;bo;archeology;building;science;ra
1.00;3.00;72.72;3.00;1088243.18;4912.61;211715.33;95346.95;54801.47;3.18
------CLUSTER------
percent:1.52
size:32
dracon2,oleg_k,misa007,bush23,Biruk76,EvilBarabashka,_Spar_,dudmax,AIFFU,Solistka,zukmsk,God666,Ulis,Skyle,Daenurmage,kaskad,Parazit,dd00,ZRage,Sparrych,GorAndre,SnowBlast,Koka_lv,Dyatly,WarPsolao,Noiret,DarkDanger,Ist_Gop_Stop,sunweb,Horner,PytanKnight,lobonic
gate;colony_count;level;liga;rank;bo;archeology;building;science;ra
0.00;3.00;70.53;3.00;1076740.14;3089.12;214198.51;81704.62;52161.69;6.54
------CLUSTER------
percent:1.19
size:25
Stradivari,korepan,aivenho,Prefect_gg,Getman_Mazepa,HellLioN,alex_ak,adba,Rekviem,Nauman,MotorOFF,elborion,noigel,Slava7,parm,maxella,OHWIR,Johnny_Sid,AID557,uboss,agent723,Frana87,ahill27,aldo,130772
gate;colony_count;level;liga;rank;bo;archeology;building;science;ra
0.00;3.00;109.52;3.00;2384314.28;16124.30;149925.10;99406.73;54272.24;28.15
------CLUSTER------
percent:0.95
size:20
Mr_Maximus,dirkon,Gorenuk,Vindard,Fibyld,Eryand,ZYRTIB,Magic10,Mad_doctor,Nordtrend,Alex_Nebesny,Kerberrus,who44,ketorol,sasunock,denis86861,doctorAoA,DIMADS,Vazhenin,ORSK
gate;colony_count;level;liga;rank;bo;archeology;building;science;ra
0.00;2.15;18.80;2.00;206327.49;4.46;1128.75;32103.00;5858.80;3.74
------CLUSTER------
percent:0.81
size:17
monro,cola_cola,QWERTDCVB2005,Svarog,Vorobej,Beresta,warxamer2,Colt943,DjOnly,iluzij,snakers1,lydok4,Mubo,Futbolist,SergeyMSK,Indemonia,agrius88
gate;colony_count;level;liga;rank;bo;archeology;building;science;ra
0.00;3.00;57.29;3.00;1164108.99;1540.56;111639.22;152548.42;46274.00;14.82
------CLUSTER------
percent:0.81
size:17
otell,_FALCK_,Alex_2005,Estebano,Favorit,TimVodianoy,djenne,Ruthless_Killer,Predator03,satos,MegaConstructor,Rakon,_serjj_,d2815z,VaMaG,Browning,grey2002b8
gate;colony_count;level;liga;rank;bo;archeology;building;science;ra
0.00;3.00;135.24;3.00;603785.03;44165.25;101799.75;96693.82;42748.65;8.23
------CLUSTER------
percent:0.76
size:16
vicvalpol,Kurilovich,Tandem,HAGENIDZE,FamilyS,RAV007,REYTOR777,allslavin,Ptah_de_Gril,mif_ugra,ZakopateL,qnalocas,MrDriver,Morchelloo,StWarrior333,lubko
gate;colony_count;level;liga;rank;bo;archeology;building;science;ra
1.00;2.94;100.13;3.00;477349.39;13765.07;63500.93;90220.62;37079.19;1.71
------CLUSTER------
percent:0.71
size:15
Kypcop4eg,Burata,Pyromaniac,daniklevkin,Espantoso_Diabolico,serementiy,sahsasahsa,andrej305,alphawing,lom07,moscowneversleeps,Lotos,KeeperJet,za9c1986,Mapsrok
gate;colony_count;level;liga;rank;bo;archeology;building;science;ra
1.00;2.00;19.00;2.00;167702.73;10.90;1179.73;31524.67;5174.73;0.88
------CLUSTER------
percent:0.67
size:14
Nikkey,ranil,zMormo666,funt_liha,DarkAvendger,ertpol,irvinrus,vladlip2,Gagozub,Derevanniy,Govard143,megapup,Valefar,Strashilkin
gate;colony_count;level;liga;rank;bo;archeology;building;science;ra
1.00;2.86;24.07;1.00;474161.45;97.75;4041.64;62379.71;5954.14;5.75
------CLUSTER------
percent:0.57
size:12
gen2002,DFGDEN,dedmopoz,Mozka,Zmeeed,den2008224,Requiem,m0sk,baton_ben_laden,Akashaa,neon777,Cheebus
gate;colony_count;level;liga;rank;bo;archeology;building;science;ra
1.00;3.00;53.75;3.00;787077.38;1548.18;70939.08;162996.08;32133.41;3.42
------CLUSTER------
percent:0.38
size:8
VicB,dm201,GTI,white_angel,Mamay,dmn3000,dinamik13,DeepRessive
gate;colony_count;level;liga;rank;bo;archeology;building;science;ra
0.00;3.00;51.37;3.00;1748670.65;95.05;62264.51;71351.24;238883.14;7.85
------CLUSTER------
percent:0.33
size:7
Palwch,Kauxi,Broilers,Oboroten_VIP,frosinmug,viki77,MadVik
gate;colony_count;level;liga;rank;bo;archeology;building;science;ra
0.00;3.00;84.43;3.00;3610465.36;3862.22;267139.15;89863.00;121419.72;26.84
------CLUSTER------
percent:0.29
size:6
Kamikaze_FPA,Fisher1967,HappySoft,ZloyLis,simbaef,Slair
gate;colony_count;level;liga;rank;bo;archeology;building;science;ra
1.00;3.00;77.67;3.00;1794445.49;2524.26;277161.35;111619.34;72587.99;27.32
------CLUSTER------
percent:0.29
size:6
Karapet1990,Persona13,Aesone,c4rnage,Fakel125,jonny39
gate;colony_count;level;liga;rank;bo;archeology;building;science;ra
1.00;0.00;8.67;1.00;39967.33;0.00;75.67;4865.00;993.67;45.83
------CLUSTER------
percent:0.29
size:6
LZXVII,BAGROV,khmyr,_Bagira_,BHY4EK,cigd
gate;colony_count;level;liga;rank;bo;archeology;building;science;ra
1.00;3.50;133.50;3.00;4852146.84;34244.10;287258.16;143963.33;40625.33;30.94
------CLUSTER------
percent:0.24
size:5
mDream,Jerald,mit_,Encephalon,Ianina
gate;colony_count;level;liga;rank;bo;archeology;building;science;ra
1.00;3.00;99.40;3.00;2688065.16;13022.23;276460.40;75031.00;211627.79;3.25
------CLUSTER------
percent:0.19
size:4
FedorAcryl,Jivotnoe,Veech,EnMac
gate;colony_count;level;liga;rank;bo;archeology;building;science;ra
0.00;3.00;27.25;1.00;558328.46;120.59;14258.00;76128.50;6900.50;7.57
------CLUSTER------
percent:0.14
size:3
kanash,scazzy,taekwondoITF
gate;colony_count;level;liga;rank;bo;archeology;building;science;ra
0.00;0.00;6.33;1.00;18584.67;0.00;40.00;2515.33;718.33;40.76
------CLUSTER------
percent:0.14
size:3
IDVsbruck,Andy_Panda,Alexander_K
gate;colony_count;level;liga;rank;bo;archeology;building;science;ra
0.00;3.00;81.00;3.00;6448233.58;276.76;302714.66;138928.67;278186.00;11.56
------CLUSTER------
percent:0.14
size:3
smak,romanlord,maksimit
gate;colony_count;level;liga;rank;bo;archeology;building;science;ra
1.00;3.00;120.67;3.00;1054949.36;21942.30;124395.00;156501.34;32735.67;0.80
------CLUSTER------
percent:0.14
size:3
Alexx21,wolf_top,Skifling
gate;colony_count;level;liga;rank;bo;archeology;building;science;ra
1.00;3.00;151.67;3.00;2504913.94;69947.57;168757.67;99151.66;15732.00;31.36
------CLUSTER------
percent:0.14
size:3
Lees,Trublemaker,JLA
gate;colony_count;level;liga;rank;bo;archeology;building;science;ra
0.00;3.00;70.67;3.00;3585706.98;320.05;256930.00;62481.67;241817.99;10.51
------CLUSTER------
percent:0.14
size:3
_di_ma_,NikitaSB,DonAlonzo
gate;colony_count;level;liga;rank;bo;archeology;building;science;ra
1.00;3.33;148.67;3.00;2943654.30;65632.84;281644.99;89086.00;107890.00;35.23
------CLUSTER------
percent:0.10
size:2
Mizantropka,MexicanoCanalla
gate;colony_count;level;liga;rank;bo;archeology;building;science;ra
1.00;3.00;66.00;3.00;175168.00;3.88;379897.99;89220.00;30094.00;0.82
------CLUSTER------
percent:0.10
size:2
Quistis,TANKER
gate;colony_count;level;liga;rank;bo;archeology;building;science;ra
1.00;3.00;68.50;3.00;2980472.63;891.15;183425.51;84845.00;229223.51;28.31
------CLUSTER------
percent:0.10
size:2
oleg723oleg,lheu4
gate;colony_count;level;liga;rank;bo;archeology;building;science;ra
1.00;3.50;167.00;3.00;18964425.27;121089.50;249342.49;163696.01;28746.50;36.64
------CLUSTER------
percent:0.05
size:1
Manas
gate;colony_count;level;liga;rank;bo;archeology;building;science;ra
1.00;4.00;162.00;3.00;49881931.00;96892.40;278760.00;121412.00;116067.00;33.67
------CLUSTER------
percent:0.05
size:1
Turim
gate;colony_count;level;liga;rank;bo;archeology;building;science;ra
1.00;4.00;182.00;3.00;29610193.72;265562.00;177765.00;109844.00;12649.00;38.34
------CLUSTER------
percent:0.05
size:1
Progressiveage
gate;colony_count;level;liga;rank;bo;archeology;building;science;ra
0.00;3.00;179.00;3.00;14465565.89;214774.99;365766.01;79723.00;52423.00;35.31
------CLUSTER------
percent:0.05
size:1
Svin2000
gate;colony_count;level;liga;rank;bo;archeology;building;science;ra
0.00;3.00;162.00;3.00;5579748.96;94074.90;344876.01;61640.00;269387.99;28.50
------CLUSTER------
percent:0.05
size:1
Le0nishe
gate;colony_count;level;liga;rank;bo;archeology;building;science;ra
1.00;4.00;185.00;3.00;3674923.09;367556.00;324374.99;112709.00;19959.00;35.81
------CLUSTER------
percent:0.05
size:1
RAKSHAZ
gate;colony_count;level;liga;rank;bo;archeology;building;science;ra
1.00;4.00;132.00;3.00;2284839.96;29387.80;109998.00;163673.00;25020.00;37.70
------CLUSTER------
percent:0.05
size:1
nik269
gate;colony_count;level;liga;rank;bo;archeology;building;science;ra
0.00;3.00;133.00;3.00;2231563.05;27519.60;158153.00;99170.00;245504.00;18.79
------CLUSTER------
percent:0.05
size:1
Sirfysh
gate;colony_count;level;liga;rank;bo;archeology;building;science;ra
0.00;3.00;69.00;3.00;2024254.03;488.26;128607.01;145120.00;278186.00;2.65
------CLUSTER------
percent:0.05
size:1
Ice_Rock
gate;colony_count;level;liga;rank;bo;archeology;building;science;ra
1.00;3.00;179.00;3.00;688832.01;214317.99;324027.99;92430.00;30358.00;19.17
------CLUSTER------
percent:0.05
size:1
eck0
gate;colony_count;level;liga;rank;bo;archeology;building;science;ra
1.00;3.00;184.00;3.00;585419.02;347823.99;221626.00;89330.00;28012.00;0.50
------CLUSTER------
percent:0.05
size:1
Botankin
gate;colony_count;level;liga;rank;bo;archeology;building;science;ra
1.00;3.00;23.00;3.00;359139.00;0.00;2244.00;61458.00;3969.00;46.28
------CLUSTER------
percent:0.05
size:1
makar54
gate;colony_count;level;liga;rank;bo;archeology;building;science;ra
0.00;0.00;7.00;1.00;28480.00;0.00;19.00;3560.00;682.00;85.04
