11:11:42 14.12.2011
hierarhy - mst: 80.95
hierarhy - kmeans: 67.24
gate;colony_count;level;liga;rank;bo;archeology;building;science;ra
------CLUSTER------
percent:48.98
size:599
tyr24,mdqok,derem2,par_rus,Riki1976,Vergis,valera1972,choovee_580,atomik777,lsmileyl,pmspmw,LANTED,geraskol,LigolaZ,kylja,myola1975,Tintari,coolbreeze,Ayame,boobs,z0w0z,seti77,MaxMS,Vik_132,Calib777,Diego_Ramirez,VohaBoba,deymos35,Stayton,runda,Hrotgard,EraXXI,Vitek_70,galien,AuroRes,DemonsPrince,TssDragon,Franku,serversh,ultrahacker1,Claustrofobia,sobole,Hradspain,ser507,electric_l_o,Lotos,buratino2011,Mj_Pronin,Princy,Spirit2011,sanches198118,Sinoptik77,lightingmike,bnwhagdshggg,STASshev2011,cheburatorrr,Protodef,Snagit,VERONA_MAN,334108,amaleksia,zubasa,Skypiest,cyber_malleus,VipanzerI,TOCRUS,shurick23,khpkc2,Ksut,ManDaRiNortt,basidor,kipriotka,SkySole,DinkyWinky,dan_predator0,IKLIZAR23,mikmik12354,Cergei002,krappa,freakey,makytra,H_ugo,vaperool,azunit_303,COM_BAT,d_evgn,Ratchet2010,Tashiko,Autobot74,Tolinjsh,fvp,slong,ANAGK,Siroha,Odin_darknes,bender77700,Sir_Cat,slert,Cmail,germender,butja,Amalya,Mi9mix,2RR,Gedymin,ProfessorF,SGor,astronax,Silent_Angel,Step_k,MegaDuott,fatik3,Golaberger,atir120,kaktus2004ua,IIJIOTHUK,BowOfPeril,shteem,CRN2004,shontele,BlackDoGalex,mo_mo_2,grimcat,Vadim2808,Taulan,mouseTPAKTOPuCT,Drawed,Ruslanon,e2656,Jone_Doe,ShelestVetra,swed1983,Mpak643,klintonblin1,Vladik,vladra,1hammer1,Maks5610,kenny115,Padlodinka,leo130111,alecokolnik33,sMkjke,genek3642,AmyLun,DiaboloG,Nefisto,Sergio_net_,CFIFDD,Decibel,refract882,joker54321,OKSI84,HPrz1710,dimasnaip,hworostow,weqweq111,Maximiliann,rolss1,w1nslou,marina2451,caussidicus,alex12745,Gescort,reedsswdsss,sabaov,SAURON2A,Baaxaaxaa,aldezaran,lingviston,tigrzord,Exlipse,Dchern,DRINNOY,Jerrarr,mobiletv,veles136,igroved,Romentij,Azrailit,Master_Boy,bjakosha,torchaee,Vicvvvv,Theblackdozen,Polikar,Jerrila,pechenko1894,tatum21,rayusha,starschina8,Lakyman,PVart,vvv74,hbcr,DiKK97,Alexeylex,glukoid,jubassi,GARO33,coldat1992,gibikus,goliaphus,ODM,Marader82,driverj89,minimeme,Artist1134,CyPeRsHeL2000,umlaut13,FenixRoland,Deus_ex_machina,FireAce,evgen666,Makcimal,Lotlory,denis37,KaMiR,Alexsor,olya101,Wasabik,NatsuChi,shilov666,ggkkd,shap111,volt8888,Zondar15,Refal,sergei442712,GreatAsia,LordVova,diksi2,silversmok,Dizen,pashkabuka,maksim33,Peltrimin,kirill783,donsimon,Snane,Damestos,donpedrozzz,SliceofIce,alienthings,Alekc007,timon771,Katrin77,MARAT2000,ZET09,Aleks_Twi,PYCTAM07,dognit,Lamiglas,Liders,zerese,petmkon,EnjoyTheSilence,SpiritOfTheHawk,_Rinas_,Google09,notforu,NothingPersonal,Soldik,guardianSerbia,DoomsDay2010,ksyna2002,YuraBUGA,Ipodnana,Zebra_2002,syavaayk,SSvesh,_Givenchy_,samvel3,Iuhenio,Bolzamator,Krokls,Neo_ork,ExDiablo,papaja,Ayreon,walydes,bronik1801,lvlddf,Admiral1918,Moonpige,Techo,Lavrusha_la,PavelTih,dekoder001,Vipanzer,Zatogxx,Cruze,Kimich1966,vla1975,totosai,Moresson,xemas,krukis280279,Ramzes777,apg603,andreoma,round33,potroschitel,Credo2006,fors666,vovan22226,HELSTORMIS,rwetg,Stonelord,rusllan55,amedomaro007,BlakFire,24323,ANDRE32598,mishapet,sars_sars,brederik,igorbot,kostet96,aininia,Amagon2002,nekropoll,Al55579,AnnaMary,roodg,guxer,andrevoland,qwer180,1764,slavcko67,Marnil,Lotair,Vinya1998,randur,Hellscrime,Slavuan,valstazi,SS1974,sahon2,dimmkk,GH_GH,Dops1,phamo,njqjnf96,friday_1666,slavikavsjanik,gorthsir_231,sith22,alex15091977,TINMAN,chipojo,waterloud,ATAMAH12,Melvin,shadom,kolokimer,mukolalev,backspace6996,saraxxl,Desepler,marchcat13,ForWAR_d,StacieSweetie,deadpool0007,Vitaliy79,eternalregret,DarkBloodDance,VipanzerII,Ascorbin,2hrome6,bhhbnbhf,Night_Pit,ruxlyadi,and1806,GODZZZILA87,trhtyjyj,pavlusha77,lordik21,nskgex,voovaa1996,skinet777,sashka1979,kristap,Valdemar4ik,pipey,bomber1987,14vitalik14,erdferfd,creepman,katiusha01,Rognard,osmi,fedor10,Dimmage,Draivers99,Eternal_S,MoudUA,Drakuluss,asdf12345asdf,sharlei,OverDemon,uhjvfl,kolyan130580,vladsind,PokeMonstR,lev1221,Kingloppi,LEGENDA77,rumer70,qwin98,DiMoN98,Fesko,WirGen,ApSe_Fiend,ponyu8,ATTTTT,llonk,bhhbnbh,OEL,lesyko,Admiral1917,SAID1222,Gardamarin,Razboynick,Zlo3,vbdfw,Bxlam,Ysmi,Oxx,kosinovaljuda,YVI,xNeirOx,Badiboy,STOYKOV,aleksandr1996,nattropin,NuclearSalvation,valerrock,MistyAlbion,mikmik1235,manas1761489,vitekss22,sveval4,DRON4545,Dzinters,SanSan926,deadtan,KENG2105,bvg79,bandit99,Morgan1,Nicrofill,pepparkakor,VaN2222213,Rejder,lipokuza,navoloka,Rumpelshtilski,Airasha,1ELE1,Fresht,ecooo,FullTeak,Azgard2144,Laerta,Sharbafos,max5133,Dimpson5,sandal33,Defkof,afhfjy23,SuperMaximus,Enotnah,kvark_,Gerlix,Coldun11,SS48,rds1980,aazzzaaz,killedplayer,XCrAsHXLeks,Magda911,Mag11,WarAlen,ivvza,egor2002,Alienx,godek,asa1954,leonfox,ferrari_Enzo,VETERINAR1986,crazy4u76,LakyStar,Peha,Kapo_Regume,Tropnick,HarleyVikToR,jbr,wawawa12,166MHzGod,Rayan7,nonphixion,forenius,Stormfoxx,allexx761,1ZumSieg1,sergsberg,Rarshah,Smiled_Fox,Baratos,Suldimor,wolodj11,Ceza,AdamJensen,wawardin,grejpfrut_it,olich251,debill16,kip26,Nosferatoo82,aleksbishop,mazvek,FORESEI,Kruzalus,ASKONA,Com6pep0,xHikaru,armboy,DENZHrep,DozenSL,7even,ciqan,Wergono,YURAnix1,RickyBass,Takin,Sumrock,Infinity_bioy1988,ReckViem,vitalos31,Decimanus,Jamaneko,ashrak,Govnjuk7,crypto198585,RocketJump23,selena20jun,danaderby,ilya104,Kibergolub,Kalidula,Layrinia,MirGazz,Gosser,EveBass,Gh0st184,DeidaraDen,tssu4,Riffleman,NakazhuSzadi,DarkTample,Winnie_Pooh,Cyber_Ghost,Lastpsol,shu_shu,RavenX,tssu5,Somic,Shoroh0245,ratomi,nanoo,jeca,sobolsobol,PoxMeLb,monstr6,Klavierer,Kal_El,tssu3,patriwar,tssu2,Medovuxa,Lisavetta,TunSen,lelik87,Red__Baron,zastraxyubratyxy,Tulli,MaxVitalich,Akretya,Solarflare,Yozhik_v_tumane,BARAKUDA01,Venedika,GPGoK,orwo2,mircassin,katinvova,vovkinakataya
0.00;0.00;2.93;1.00;21502.23;0.01;74.59;1056.62;294.69;12.74
------CLUSTER------
percent:17.91
size:219
MimickryBase1,MimickryBase2,MimickryBase5,MimickryBase4,MimickryBase3,MimickryBase9,MimickryBase8,MimickryBase10,MimickryBase6,MimickryBase7,CrazyPsiXXXoS,san64,draksar,Termez,cyberbluesman,GrAgel,German_Belinnyi,Sieger88,kimersan,RyshMan,Bepycuk,la2lol,Ligimitiv,berleen,Step0775,Xaosik,lustranger,BemepoK,nastya999,nastya1399,nexota,kapkapob,GraSinagra,komandorwar,CrazyPSR,DonX,kazakausua,WorldEdit88,hipnotizm,Darkms,MegaGluck,xxgluck66,Karlito1985,tolk2011,Heralt,BorisOlegovich,LemanRUSS566,Faelar07,pogranichnik2144,Mineralka123,Stingertblack,GluckVal,Ivan23rus777,galfing,TREGEN,andreyom,nixxx7,petron,Veresk4,Flammen,deymos3,Foton3000,withworldnew,notfound404,KlimKa39,mediakon,Smegol55,Andynew,Function,YrMaa_85,Irruah,r12345,DAttrIN,Makhveyev,Bertie,omay,Silrant,kirillov90,ewq321,lisovskyphil,numatoru2,bobrwest,BogoJIa3,KOBUKAN,dozoro,xALEXVLGx,Palladium1010,deadmodo,shimose,AVIctor,darabba,darkevilx,z_ZZZ_z,RedAngry,Blackson,sparko9_573,lexa22s,Quard,wowzhoe,Goren2011,AlikoS,Dasha2011,rapida34,ub2que,evgeniy8005_466,prikol55,vasya_psol,antonleshhenko0,Dahokos,OrfeyEngine,major2011,OPerw,VampireDemon,LatvijassDihlofoss,mayamoto,Tatarchuk,SlySerpenT,shurick24,Miralisa,Takedo,sergeymakeev,VLaD179,Hitman0047,poli02,DEMON555,PORCO35,reterial,Di_Akame,Frelancer,bdfy1199,zAzs,Djetro,Lotus12,nek000,dan75,Lumia,Baikal_Princess,sfera2011,agralian,Madara1,artem127777,kapral815,7tuktuk7,FINCHER,Abramiys,HagenOnLine,slesargenekolog,minutes,Virusxxxx,Rahel84,DAJVER9,dragufa,ronikud,Lersik103,Zubran,acerus,Apercote,CMEPTb,Klassick,ilelikv,PsiNord,VILARD,flammand,Serz0072,necro_ua,rokazar,Taija,Tom09,tisik,Baccra,Lir562,fil_mens,Mark_intim,lordlogan,WC3TFTDotA,Rramon,HuKuTkOy,tav97,levamar,parseg,_Grants_,dima1909,genius09,EQITES,tikitukk,ortegafoust,dark_azgard,Nekich,dinoMC47,DuBoViK,viperoid,xxxnikxxx,holodd,zlomer,sn_faust,sawa_sawa,madalex16,Sepunation,Dasvan,tasadan,aleksey_galitsky,Sklifficus,Zolo_Lord,kloniv1982,Chertenok2310,lemniscate,Fertyss,Arxnomodin,DORgG,smirnoffivan,alqumista,Vad11111,kon4800,zaat11,EagleOwl_Al,dada,ragor71,DezRvalD,Antyk123
1.00;0.00;9.00;1.00;167734.78;0.99;278.49;6936.61;1521.17;12.14
------CLUSTER------
percent:3.19
size:39
Beda666,budokan,arotari,jorik83_878,BigWisp,Archandel,VitaminC,Nemezida13,evgkev,stivid,VARVAR1000,selezneo,rosan,Ramzes30,uglyman,hrcc,kobra01,Prim2011,tiRex4,Arxeopteriks,Kometaman,hardnick,gwinblak,Eflatun1,grum21,kopal7,DenisQQ,Dz0T,IIITYRMAN,alonso1919,Mortifor,Ziristens,Arilon,solowey,madwasp,alexsandrius,duster2012,sub02,hunt
1.00;0.00;10.72;1.00;179882.82;0.51;472.97;7843.05;1797.64;38.94
------CLUSTER------
percent:2.86
size:35
asiryus,jitano,chebakov,Decs85,ironguff,RaSvetSiriusa,u36paHHbIu,Robodroid,valehin,cruser000,RisenStar,chlonik,cyberswarm,DeniSmith,Line2160,ibmn,St_Andruha,popzub,Ahagen,Ant_msensk,dsmacos,kda82,T0X4,d0mato,Graaaaaa,Androidos11,parsus,denis2677,GanzaKreak,klifern,Coffeatea,Deiterij,Nick_Fury,KreiserZX,Lastcode
1.00;2.00;23.34;3.00;1014987.91;23.45;10386.60;50893.71;6334.34;14.61
------CLUSTER------
percent:2.45
size:30
Romull2002,Okutar,D_Idaho,Synd1cate,Misticust,krahen,Litmana,banner2011,v79179,katafey,mcVika,zoro2011,gchd,Skaari,Benedict_,axmedsasa,newbatia,JustCry,Dreid77,Silverine,dalinfein,Dxapmc,KARD1NAL1427,_Sesshomaru_,_nomad_,Magarbl4,Kotiabra,xRyukx,NVPG,Deadfall
1.00;2.00;24.47;3.00;1230430.42;29.60;17306.57;50899.34;6456.83;41.31
------CLUSTER------
percent:2.21
size:27
Clarence10,Budva001,_Maya_,mnmnm,300sSpartain,ITRasum,Real_Evgeniy,sdmkx,OrganGrinder,hlushko2,Gabrielle_,ravolk,supemax,Xfusion,latmisha,Arvik24,sol1985,Extrimal_ua,Immortal3313,fayst9999,olgerd1985,Openwater,statamen,rryaz,TirQaan,1Ken,Umxows
1.00;0.00;11.00;1.00;269776.38;0.01;515.59;8669.63;1656.74;61.11
------CLUSTER------
percent:2.21
size:27
Flordos,gizatm7,maltazart,Seelena,2011lev,Truhan,Mr_Murder,yurhome,MrDevastator,sum1000,Pastor,sgenadich,sparko9_391,XMAOJugra,wolfvlad15,NiRR,lolwhat,Jonkis,sadxy,kukuruza77707,siniybrat,ArtVirus,duberez,Kroos,imdanger,Abirix,Dikiy_Prapor
1.00;1.00;13.44;1.00;277009.35;1.16;668.07;12607.48;3088.26;19.42
------CLUSTER------
percent:1.80
size:22
Leprechaun66,alzamon,Gross33,kirilldg,PkWerden,Dmitriy_de_Rayka,dacsi1,Br1ght,Pirs2011,MCfield,Edmundsiha,az1978w,Crabman,galakus5,graa,antonov2912,Davidoff,mtnigor,lucerius,kostas11,mr_nikitin_89,LSD_LSD
1.00;2.00;19.05;2.00;695088.87;9.80;2285.00;32515.41;4130.50;12.56
------CLUSTER------
percent:1.64
size:20
daniil358,Stakan4ik,vaxlox,medson,MorgenZarea,Voyaka2,Esip,Aslant,Edon,niding_493,TVarna,BorodaYy,karatel718,turegum,mrpodolsk,azabaluev,addda,Ursuladog,Amatii,AVTOR911
1.00;2.00;28.25;3.00;1748003.16;124.22;32096.80;63420.65;8800.05;33.97
------CLUSTER------
percent:1.39
size:17
Tuxo,valerastr1972,sergey1181,AliakseiKa,janvano,LinuxGentoo,vitalystik,Kieki,vitbal,Kn79,VashXP,KYSb,Taronius,Taksist1,ksenibia,Graff858,childt_
0.00;0.00;5.47;1.00;31289.47;0.00;22.24;1981.71;496.24;60.37
------CLUSTER------
percent:1.23
size:15
PeaceOfMind,protosey,Gottentot,Oberon79,Pharod,_Alexandro_,mno2,Jokester007,XeNoMoRf,neo_24,levantmark,_spider_wira_,KRTUR,Eda24,Mr_Diablo
0.00;2.00;24.47;3.00;1426163.84;45.28;14607.80;51465.93;7032.07;23.22
------CLUSTER------
percent:1.06
size:13
yudoner,wacile,Extrimrom,DarkLed,W_Rabbit,Dmitrof,stakhov,logan_1980,KpyT999,Laskava,mikhajjanatolijj,levaev11,RDecay
1.00;2.00;20.15;2.00;795527.33;4.42;4282.54;36161.92;4672.23;33.47
------CLUSTER------
percent:0.98
size:12
Cotus,General68,Lord_Devill,Hellios48,kolobokpenek,Si_mak,maspeh,chaynick,lanelia,vadimir1972,Othius,SmashUA
1.00;1.00;17.42;2.00;487510.41;9.17;2478.92;23923.25;4013.50;11.27
------CLUSTER------
percent:0.90
size:11
XiWang,SinTaoLin,vakorol81,Alt3rEgo,LaPo4Ka94,klopuz,polundra79,Dimonxm,ppapa,infernikiller,H55M
0.00;2.00;19.82;3.00;766438.62;9.19;3627.09;32816.27;6854.91;18.63
------CLUSTER------
percent:0.90
size:11
IskanderK,Ansrew,Moscow312,Trolley,freenation,4ipset,nadejda_L,Ganus,rewko07,RaulXXXX,shantih
1.00;2.00;19.18;2.00;549101.46;1.92;2684.00;33660.00;3595.00;66.00
------CLUSTER------
percent:0.82
size:10
Kabelino,GuestOut,dschepai,KwonDo,Kanaloa,AlexeyG,se232,PlyuwevuyVoin,SWIATOSLAW,ElenaTroya
1.00;1.00;16.70;2.00;422545.48;1.02;1515.40;22303.90;3804.20;37.62
------CLUSTER------
percent:0.57
size:7
MasterOfOrdnance,RedRush,Mister_Wizard,silvernfs,newlight,LOKRIP,MelKos
0.00;2.00;20.00;2.00;824891.54;11.09;2327.29;36699.43;5743.43;18.18
------CLUSTER------
percent:0.49
size:6
Lenusichka,Lukast,Enzo,arcueid89,GvsPhoenix,isaisaev
0.00;0.00;3.50;3.00;9855.17;0.00;0.17;840.00;290.50;10.89
------CLUSTER------
percent:0.49
size:6
fixoid,CECTPA_YTKY_MHE,snain,Winsurfing,fenix_1000,Incredibl
1.00;0.00;8.50;1.00;97671.50;0.00;25.33;4864.83;1098.83;84.32
------CLUSTER------
percent:0.49
size:6
Al3ksey,Barmaley11,BioCryon,mr_filler2000,crvss,allapshin
1.00;2.00;18.83;3.00;847230.02;7.60;3414.00;28550.83;6593.33;18.41
------CLUSTER------
percent:0.49
size:6
fox_12,Varik3,abdal,HYGE,AFighter,Zemliak
1.00;2.00;33.67;3.00;1457300.54;110.22;87574.50;53601.00;11744.17;28.54
------CLUSTER------
percent:0.49
size:6
Ninjiia,TacKaTeJIb,Terra_Nova,ScorpionAssassin,Gothic12,_Arsegg_
1.00;2.00;26.50;3.00;4852775.86;65.90;26972.67;52986.50;10914.67;37.64
------CLUSTER------
percent:0.41
size:5
MimickryBase14,MimickryBase12,MimickryBase13,MimickryBase15,MimickryBase11
1.00;0.00;1.00;1.00;4053450.27;0.84;0.00;10467.00;0.00;31.79
------CLUSTER------
percent:0.41
size:5
IrBisoff,ZeeroCuda,MuXHAEB1,aleks19,anfin
1.00;2.00;32.00;3.00;4045261.83;55.30;62822.80;72936.20;12642.80;45.22
------CLUSTER------
percent:0.41
size:5
mrShiz,Alex_Cuba,TheLoner,Amargi,RedkinAG
1.00;0.00;10.40;3.00;144912.79;0.58;275.00;8761.60;1715.80;11.06
------CLUSTER------
percent:0.41
size:5
vixell,Chereper,LisaruL,Tiranozaur,apokalipsis2011
0.00;2.00;30.20;3.00;1648627.99;219.67;41671.60;60729.00;10625.80;25.60
------CLUSTER------
percent:0.33
size:4
Randomperson,vladshum,Arkai,_Djony_
1.00;0.00;16.50;2.00;263290.99;2.71;4582.25;18431.25;2706.25;12.41
------CLUSTER------
percent:0.33
size:4
VanyaSIM2009,jonn9,an0nym0us,Dimus_EG
0.00;0.00;14.00;3.00;266801.75;8.81;1657.50;12740.75;3098.50;14.22
------CLUSTER------
percent:0.33
size:4
BEHOBEH,wierus_d,SsSTalkeR,Mierdo
1.00;2.00;26.25;3.00;3084011.35;12.62;21841.00;46699.50;24625.50;37.01
------CLUSTER------
percent:0.25
size:3
OliverMcCross,1001243,Stay_Alive
0.00;0.00;0.00;0.00;2386.67;0.00;0.00;0.00;0.00;0.00
------CLUSTER------
percent:0.25
size:3
xrapyn,JumperByTula,xxRyukxx
0.00;1.00;17.33;2.00;444598.34;29.18;2209.33;20591.67;4284.00;14.32
------CLUSTER------
percent:0.16
size:2
dronov,_memphis_
0.00;2.00;14.00;1.00;445729.52;0.00;256.50;13066.50;3748.00;13.06
------CLUSTER------
percent:0.16
size:2
Rock11,VasiS182
0.00;0.00;16.50;2.00;357569.49;6.27;2937.00;18824.00;3577.50;16.12
------CLUSTER------
percent:0.16
size:2
Bivisbathed1,alexdorf88
1.00;1.00;19.50;3.00;601622.50;23.18;4931.00;27781.50;4506.50;12.27
------CLUSTER------
percent:0.16
size:2
serge2186,JustZelov
1.00;2.00;23.00;3.00;944601.01;4.58;7474.00;54012.00;4389.00;63.86
------CLUSTER------
percent:0.16
size:2
Eralash,P_R_V
1.00;2.00;13.50;1.00;343797.50;0.00;71.50;12273.00;4613.50;18.29
------CLUSTER------
percent:0.16
size:2
BparoJIoB,d0n0mar
1.00;2.00;32.50;3.00;7095919.67;30.68;75465.50;61334.50;15432.50;44.05
------CLUSTER------
percent:0.16
size:2
Gemerte,_R_E_X_
1.00;2.00;30.50;3.00;1609344.02;309.38;37168.50;73427.50;11464.00;16.90
------CLUSTER------
percent:0.08
size:1
iwasik2
1.00;2.00;30.00;3.00;14812417.00;181.96;27370.00;59510.00;27354.00;42.38
------CLUSTER------
percent:0.08
size:1
gsm00000
1.00;2.00;33.00;3.00;10612722.89;510.70;42765.00;64565.00;5462.00;49.49
------CLUSTER------
percent:0.08
size:1
APOHAP
1.00;2.00;32.00;3.00;10186864.17;587.51;19532.00;62265.00;25429.00;36.72
------CLUSTER------
percent:0.08
size:1
Liensubatalanto
1.00;2.00;29.00;3.00;8608249.27;40.02;31200.00;39990.00;45342.00;33.38
------CLUSTER------
percent:0.08
size:1
BamBarBeeR
1.00;2.00;42.00;3.00;7496687.79;888.78;76607.00;83889.00;10700.00;42.38
------CLUSTER------
percent:0.08
size:1
elFire
1.00;2.00;36.00;3.00;6940319.07;1101.78;21083.00;74184.00;7974.00;42.24
------CLUSTER------
percent:0.08
size:1
__SoulCatcher__
1.00;2.00;53.00;3.00;6304326.08;2425.76;63275.00;79241.00;17537.00;53.27
------CLUSTER------
percent:0.08
size:1
satelit5
1.00;2.00;49.00;3.00;5684442.02;313.89;191004.00;90645.00;13698.00;44.99
------CLUSTER------
percent:0.08
size:1
expresso
1.00;2.00;42.00;3.00;4541395.00;5.18;123968.00;95565.00;33816.00;31.93
------CLUSTER------
percent:0.08
size:1
WARAKA
1.00;2.00;26.00;3.00;4299041.12;1.32;6268.00;46040.00;38592.00;28.30
------CLUSTER------
percent:0.08
size:1
HondaLight
1.00;2.00;37.00;3.00;3884180.06;900.41;37428.00;82476.00;11064.00;54.43
------CLUSTER------
percent:0.08
size:1
XAPAKTEP
1.00;2.00;41.00;3.00;3731195.79;794.53;86924.00;72800.00;11257.00;38.90
------CLUSTER------
percent:0.08
size:1
odious
1.00;2.00;53.00;3.00;3382642.96;5.04;268800.00;49375.00;33967.00;23.51
------CLUSTER------
percent:0.08
size:1
kontra33
1.00;2.00;44.00;3.00;3103901.08;16.32;185756.00;56066.00;17350.00;28.88
------CLUSTER------
percent:0.08
size:1
priboi2011
0.00;2.00;27.00;3.00;3095583.09;179.03;18357.00;65930.00;6311.00;40.64
------CLUSTER------
percent:0.08
size:1
curiousgirl
0.00;0.00;10.00;3.00;2784136.02;0.00;346.00;2371.00;5216.00;32.37
------CLUSTER------
percent:0.08
size:1
theophysic
1.00;2.00;35.00;3.00;2410380.02;20.10;94431.00;52835.00;32225.00;21.04
------CLUSTER------
percent:0.08
size:1
BOPOTOK
0.00;2.00;28.00;3.00;2256966.02;583.75;8984.00;46683.00;5940.00;42.96
------CLUSTER------
percent:0.08
size:1
tasm
1.00;2.00;32.00;3.00;2115138.99;21.55;69475.00;55834.00;19819.00;16.11
------CLUSTER------
percent:0.08
size:1
DiMiD8421
1.00;2.00;22.00;3.00;1819065.00;8.67;2403.00;42398.00;15794.00;36.14
------CLUSTER------
percent:0.08
size:1
WhiteDowny
0.00;2.00;35.00;3.00;1751080.01;31.20;91891.00;77195.00;11052.00;20.46
------CLUSTER------
percent:0.08
size:1
Fidos
1.00;2.00;28.00;3.00;1531227.99;188.82;21261.00;25880.00;18114.00;25.11
------CLUSTER------
percent:0.08
size:1
serg4100
1.00;2.00;41.00;3.00;1458683.96;194.20;128000.00;69670.00;18891.00;43.69
------CLUSTER------
percent:0.08
size:1
RonBlak
1.00;1.00;27.00;3.00;1086877.97;240.25;31358.00;38960.00;7719.00;29.90
------CLUSTER------
percent:0.08
size:1
deslean
0.00;2.00;22.00;3.00;847825.01;0.00;11430.00;44705.00;3892.00;56.60
------CLUSTER------
percent:0.08
size:1
LS_Ramhe
1.00;0.00;16.00;2.00;321981.99;0.00;3957.00;18225.00;3367.00;53.12
------CLUSTER------
percent:0.08
size:1
7072592
0.00;1.00;14.00;1.00;318962.01;0.29;81.00;12620.00;3794.00;21.63
