22:28:07 07.12.2011
hierarhy - mst: 44.56
hierarhy - kmeans: 65.81
------CLUSTER------
percent:25.70
size:406
VICHIO,Austa,CrazyBOD,Zemiel83,33qwert33,_KORSAR_,Devastrator,Terrikon,ufnm1,Piorine,LLIkacp,Zigy,Mak0zzy,Fericl,RZORRO,lordikus,latyshevvitya,TITANIUM777,PETMOLUNIMILK,JurDen,Angel_of_Darkness,Sovest21,VIUST,Monkgrey,Faberjo,Wirtgen,sova_amigo,wertyk,perilous,M_Andrey,emil_ka,Dagenhem,denvp1,slm555,kaktyz,progunner,spiritizm,Sagov,den11_,ABond007,han11,alexey75,GGK,TIQR,Shveik,tyu7,Qw1zard,mbu,VladimirVV,FekaN,cz_Butch,Way_farer,OksanaB,ka_maslo,Vad_Stalker,rusbar,donquijote,DFCVoshik,Ability,iskdir,kzmk,Ironman2k,_Comandante_,Ortego,FSOL,Lyk,rusimport,Andrei_C,neocid,CFC,jmodam,Keenq,3_years_ago,__Vlad__,Geralt_Ann,sergeyka16,Delhin,reso2011,midved,nle2006,sunskreat,nikstranik,sansaint,maxatmaxa,bazza12,Wilson,AHACTACIA,lebedev1,Tickle,godzila323,SvetIva,luivilla,lexus2500,PUPSIR,HideNeon,kothor1977,Nika_Prem,serg4100,Dowmntime,Eclipse3000,socsik,xxxALUKARDxxx,drugininivan,SinoptiK,spurt,2rbo,Karapuz123,RESHAD,felikis,ElvenKnight,Strontium,FateNoMore,DementorG,skywitch,SEMERHET,polinaig,Belov84,FerrumOS,FreakyCorpse,ImmortalCombat,deme3us,snip2004,Verhovniy,Lumaklin,lxkud,MUR1KA,Caile,Sirenada,Ma_Teo_Lin,massam12,Keks2009,_aleksey_,bestas45,slavuta_237,Nak0,naruzing,krundell,CoToP,dron_17,stikers,Ferling,Stalker999,dophin,GriZZli1,MrCredo1934,ortopet,mihhalo,RAV007,gramm100,MainEvidence,RedrumMM,aSSeFF,MaGiKaN1N,esc_fatal_ru,polish,Vionik,sergejjkargaplv,Sevensinner,Sqger,DEDIL,prunus,wumka,ROVERss,saaamuil,Skotina_31,Leo_NNN,do0zy,JosanoBGN,R0B0B0T,alien075z,zlojkotenokja,Lekinar,KL1o,BUOMEX,beatman,InfernoKiller,K_e_X,Qbic123,ilmish,ibra797,LukashBida,ashol,alien075,yusif26,voin_sweta,lejja,an72,Sku1L,ShadowXS,TamenuS,maxrv,BigTraktor,IvDrago,uehe,sm19,Foxess,lalalen,DarkGray_Admiral,tkastet,dopa,bestbroker,arandot,bandit13,Lvonok,chrnyjjbelyjj,vicher,astranomus,Tihiy_Mysh,E_Racer,ATAVUS,massa_ds,Psolao_Mage,kilera,Prof1985,Razor8,_sisad,sredizem_e,Kallak,pitbulli2006,i999,Rebus909,kik47,Jargar,DLMrak,pnpnick,ArtMart,wowan1,cuprum64,IgorSlayer,Nemesis71,Kires,Antnioki,aNDYmal,ZverChita,vam220,Aelin,WizardIII,Kroupenier,Dorosh,poromonus,Blessman,felix197,alexn244,Al2006,Mabis,FsShadow,justafreeman,PaulFenix,MILVUS,Konstantinkkk,100grampon4ik,Samelik,feofan_grek,stariks,snowind,irmabel,rfin,Secondhend,abcentep,killer_Leo,hecyfr,volancheg,rushua,Balaboshka,ltdbk,Andrewru,pliver,sobaka47,saneksam,K_K,tashik80,Papiiik,Psylocibe,SimplyRedAlex,DRUIDUS,Lvennok,VaMaG,Alena73,UdafKAA,ArchFromDrom,KEDP,Assistent_2557,Acid,Zver666,VASIA_3716503,BeautifulWoman,Sergey0777,korvin813,Pryanik88,W1LDrain,mcJora,xxDRONxx,dimak1,Tanderdom,frankds,Rumb,KAIY,nexacuxa,HunteR2007,Kain1988,PraporRu,Eaglion,Ole_Lukoye,zarcus,bibois,musorshica,Ufenfvf,Epika,FUNNY_LU,svetliy,Poulus,Giw,starikoff77,St_Bandera,GorAndre,CivilizationII,Voba,kudrjasov,ADriaN666,vladimirovich2007,f1_ghter,WAX1,vitalix,_fulano_,run24,VA2216w,wornas,bad66,taurin,FOXIKspb,AXPEHOJIOG,ManFire,vedunt,SMELADON,McKin,Cicutine,Koteg_13,_BarY_,K_A_ScheY,bgRoger,CEBEH_II,vitborsuk,ISDES,joyful,OldGardener,ACA1,NARSIL,Milker,rurix,Gurd_DS_Sota,Torm1,tygryk,Intelegent7771,dest4,bogema7,george_grypich,AEG,Maxx,UnbalanceD,Fill1908,LegionerAleX,952703,328651,Frizerdom,alval,KlochoK,Segoga,Legion_XXX,andrewzvn,Andr12ru,Phonomania,garantSK,Deepforwar,avgustin80,VPNkey,BoB4ick,karabas80,smo42,KILLERBGN,belyidim,Zamazaka,Kaapustaa,monomaxx,NACH_TO,bakkki,Nicolas_DSPZ,flint77,kamenkapo,Interferoner_,SpaRn,AdmiralFu,AlexSmit,neAngel_Ok,GENA1109,RWA,TDSilikat,Velisariy,Lotos,vzlom1488,sashko75,d_e_v_a,deBelvil,voa,mazarussia,Hiro_Nakamura,painter522
gate;colony_count;level;liga;rank;bo;archeology;building;science;ra
0.00;2.05;43.73;3.00;665013.54;1923.21;56088.30;72238.43;37862.87;5.67
------CLUSTER------
percent:18.86
size:298
xxpyct,_Genius_,Grey_Reflection,redmaverick,warsphere,dozorets,DXer,asper02,xxxionxxx,syrus,KAiYB,Takagera,zaroman,Gallian,asmen_519,Egosoft5,GIVCHIK,Vad1k,xammep1,Lordin,Lenusichka,DmitriySCH,vitaKam,f2005,IprideI,serg52,Ku_Ku,FERZ5,slawa1980,VasyaPetya,Sergej_Hilt,KELP,RedkinAG,mestrs,antfarg,AMDG,vanica,Mischutok,protex,lda30,assmil,Zyovkin,Toichik,4etvertnoi,Volui,Bourbon,Belanna,duga,rarapuH,Vbikiniyaboginya,steelratmax,Soke1972,neon777,KALINA63,Krauler,shu11er,bender6661,vami,K999999999,lizardlp,broni4kaa,rustam000007,EUBAM,smelov,Dunka_K,zlaz,Staso,Lord_Mulas,anti_psol,DIANNA23,Onotolekus,Mih_OZ,Ditritiuss,StatusVo,Nagora,ElvinE,Starcros,klassica,MSLION,hrushka,BcexHeHaBugy,alienkiller,SEDONE,rintik69,xxxBESTxxx,sova71,noveshek,qarxz,Bapak1,krutov11,ovod63,BashSpartak,chaotic_spb,Impuls_XXI,1oleg13,IgoNK,Redpygmy,Altaniel,kavkaz77,serapup,BykA110,MOHAX_BouH,Newwonder,westfal,dicanio,Nadjushka,tatarinsem,Tamogafk,Tiderian,zahedan,zuk123,pltencev,momfelix,Tauhead,bezumniy_shlyapnik,avt02,ngasilin,Horhio,kavkazdan,Bratelo4,filin1935715,korvala,grizipan,Progressiveage,5igor777,Daine,nywkuH,Fel1972,soulfist,LLIamaH2010,Darkigel,black_meat,ARTOIS74,maerling21,zwolf,terrium,TanSAS,fani13,Zopher,V_L_A_S_T1990,Gektorus,Mechabot,maha5421,Nogri,YaceK,Bandobras,artemid2,terristka,Berzerker666,Hamst,Nikobest,guligo,vailden,Necromantis,shooler,jurachuma,aizek6,dakzak,actigen,nigrustin,Phoessus,mckoy_ua,sagail,Podkovich,COLLEZIONI,AlexKisten,Roxnir,MatsushitaMagnat,Jonhy,dancik,Ashtree,Chemodancheg,daemonica1,TSD,urodets,Mortarion_Nostramo,Riisc,Alex_shch,KuJIEP,Barserk,6arxan,OldSpy,Djanik701,dobris,Plasmicsaber,stalker419,angyluck,ikar72,SGB,pronsky22,Haides,hancock2010,tushinov1,S_Jay,Mirox,BigDick,Aymat,mallik,ASilver,Erik2009,ppalex52,rmv28,kazanec1,Handstorm,Delta_D,TKE,Igratel,Radibor,bondar06,OILMANBOMB,spider106,Erics520,Botankin,acva,den_loki,raduga_13,serik11,Spy_and_Dude,DemonSDN,alexvav72,Mesia,Oformitel,minogram,krepish4,Tasadarius,Wrednaya,Meximus007,Kodo,narahs,Pigmalion79,Yuliyadom,sakhar,HAPOD,djp2014,dimapolo,dimulius,natlus,rozamarin,Zvereff,Andarfin_S,OpAkyL,den2007,100100,vitalikest1,Dmitrii7031,Hrul,vvb1113,010101110,c_b_rsashko,Varan4ik,Yannta,lightv21,emon,WoolfNight,nessebor,KennyMC,filchakva,jrser,firewire,BORS1,saidss,warin,JAKIMOR0,verybaldhead,Xander78,OsAnna,Pozhiloy_zayac,ACB,Tropico,Malign,Buratinos,user2366,virfim,Al_sandra,krasnovy,Lightseeker,yin2003,Dmitry_V_A,pilgrim6,_Sesshomaru_,VIPTT,DrWest,Destroyerru,Encephalon,r32DIR,Pinhead666,krv55,ponchik1980,Mike_Mikles,olegkings,SMV33,winston_one,sharalnik,DVMotor,demchenko2611,osteomalacia,Tobago,abervalg
gate;colony_count;level;liga;rank;bo;archeology;building;science;ra
1.00;2.00;38.53;3.00;561842.33;1266.14;41727.37;67301.00;25437.83;4.95
------CLUSTER------
percent:14.37
size:227
Alabama_men,Inferno6607,Muntoya,ng3ostap,FAU11,NeveRhooD_1,xxalfaxx,privivka,Hserg,GLAUKOMA,Obione,XFAIDER,BEKKET,spdjspdj,Krt,egor127,Alche,vadim_107,Al007,alexela22,NoobzA,yerla2007,mark_vod,quakezabra,FreeHunter14,Gradi,morpex1998,sergiomak,lordlodi,ecstasykopym,_NeyTron_,lllooowww,_ViSp_,PsihoVoron,Upitysh,Haldariel,gbhjujd,Dragony,bankaman1987,asidr,Voidoid,Razdrapezdra,5PRAVEDNIK5,xApocalypsEx,BadWarrior,Umnik192,FREEEEEZE,argishti,robot777,anubias,NeuTRaLs,MAN72,rat1,sasasasasa1,kador555,rmax111,Dukalic,maxtor999,teberii,gazzoline,Daniel1384,ARHANGEL_ALEXEI,Odrin666,SMERTY1989,slava1,adiseys,MaiklK,45nit,LordChampOfDarkness,LaGeR17,lBOBeRl,Lelll,serega170687_774,den132,lesik092,arunarun,petrkuka,wichKing,vayat,SiReno4Ka,xbob222,knigopis,nelit97,tr0ty1,fken,hitary_auchi,Uran999,DJDON,doktorzlot,Swider,MU_DESTROYER,fatal154,LiquidMK,Edmar,schel,medvedterminato,Aram1919,WERWOLFMAN,romanidze7608,Zmeyenok_UA,Valery_Tsikhanau,seyrg,Aliax,SkyRunn3r,snorlax,TurboDiesel,Tanita12,Viberenok,Nokirumotadozu,Dzizo,gnuser,gaitavr,AlexPol,Pestx,Dark_Predator,valeron66,its2easy4me,Votter,Diremaul,spider1989,Odinokii_voin,AgeFighter,Musterbit,Le_Gran,Polcan,DugPes,Besitzerin,My_FAV,sasha1234ramblerru,dada,Peridromophil,Fraij,leechdraw,besuk,WAKAR,Alexy3003,nevazhno,DarkChamp,Shadaeros,behappy2008,Stalker_94,wadag,zybrrI,wocalfader,mrShiz,StarCommander,Ragnar_,V838,Hasder,llevv,egor1234,time7,PilpaXX2,Rond72,myxomopuwe,bobgubko,UTO4KA,L0K1G0D,zalczeler,Draiko,nordvel,beressanya,GMars,Dreds,Homberger,ANTON03,NightFox71,Area85,Avtonom,RemboL,Nordix,Bober0101,Star_Shine,STALKER1989,shustrikV,Jofaz,igo01,aaniky,Flop17,MASUL,kostjalarin,Gorinych,miks140,Tigus,Ceather,abirvalk,Giroskop,De_Generator,lileka3,WhisperLeaf,Arkonus,MB7,Vinyavskiy1,rethimno,planowed,Neyasit1983,JaggaSPb,D_M_D,VechnoSmile,aitelred,REAL_oOps,HEKPOMAHT999,karapuzikatrapam,BblB,Winamper,gziro,Klacson,nikitarechkunov89,igoryonya04,Iskandaru,dima130682,MidnightSoul,0001S,Svinopapka,raaaaa,CRY555,Akatan,OutkosT,abdurahmam,Nothrog,XromoiNik,matrix_ret1,ilya44,mr_demoniko,Effion,Striker232,Koralis
gate;colony_count;level;liga;rank;bo;archeology;building;science;ra
1.00;0.48;14.58;3.00;92627.97;23.08;1603.34;17859.94;3923.19;1.62
------CLUSTER------
percent:14.18
size:224
Wilsand,lllWiNNeRlll,Felix1999,sherbakovevgeniy,Negativeu,Urul,D149,nikitosio,vitwat,12weed,prizrak426,MaksimStrelkov,LLlyTZero,grimmo011,vetalrulit,prokvo,Zolikus,AvatarArij,nikuc,21011997,bosch99,Lysko,Rigaros,ozzzman,Botar666,coldplazma,pwmkgp,valzzan_735,Raskol,mio313,Miranda1,nathan_goth,slan11,SSSISSS,serg988,bonus27,fozicat,Bodiknik,laqk,xurgada7,nicolaydr2009,KENW00D,ApucTapx,Jammer,Lord_Vaider,sti4er,ctvtfgv,VETERINAR1725,12022000,Ozulla,andrewfreeman,Vitalik2008,Dronishe,huyhgt,rymit,al1993,Andrei47rus,382927311,sergik111,Hidden11929,Lightness,Kasssel,Y_Y_Y_Y,HAYTAY,BuBliK111,Naviigator,xbator,skelis,2bione,shaosit,Husk,LionHart,1777,dondeon,jhgfdsjxmnbjj,katw,MrLukas,maty555,Leo5,werewolf_star,Earon146,vbyjnfdh08,Ceberis,metoon,biggi76,kriolizin,6o9PcKui,dpoh2000,_Auris_,MeLinter,Iran123,9ceNb,xoxol4ever,Demon_ru,bbzan,Edric,vasja017,Demolihen,Dema46,danil0073,hihihi1609,ss7410,knazsergey,zagadok,TriggerLogic,Nabusardar,bars911gtx,Hird,krokodilov77,DarkMissian,lborsuk,Vitlius,GDGDFGDGGFDFGDR,EIber,dddrrr27,mono_lit,cska545,lozy,qwerdv,VALENTAYNE,JIY4IIIN,real02rus,roman723,Kaifatum,Tigran_TV,Dmitrik1991,ALTTAIR,bolshevikss2,DoDir,danat30,spikc1,spikc2,BaRs333,APA4,APA41,LordHaart,salara,kakastiks4,Xpommm,sirdevill,Dargonit,Vispa,MyTareH,alexeyar,oldired,amina_96,vitya90,fak457,nikusha199,samuel12,muvisergej,krytaja,Shamanyus,uran771,Mik666,psjukhin,ell93,udov20,cyberdriada,illua1,shvarc9,FatumInc,BERBAD,rkjxrjddima,yuliyaguchok,Enzo,Mirniy12rus,Ksfan,Buzha,yyytyyy,Annita,tolstui13,Killer_o_c,arxat137,Goshmar,gitara_2,vereninandrejj,olhon,xSPINAKERx,mak01,Owermind,garriter,Ioann_Greegor,BEAR2801,vertolet86,klanned,Evgen74,gidranoid,nikusha_199,d_oreh,Tkid97,igorlitvinovich,Weasea,gio4224,antonPAV,DzenLord,pulykin,smartly,Nikk_Jesus,Kharland,FireCoopa,reardian,Mio_Nikolaj,SSpecial,paps1,shmokhin,xULTIMATUMx,Barraquda,4ernobog,skif_m79,surican,kashmarin,anton298,Spasanel101,rogoro,LORDTEMA,Leevesie,zainula28,Katull,nastia1,slavyani1979,kailxy,ILYA2011,amazonka2010
gate;colony_count;level;liga;rank;bo;archeology;building;science;ra
0.00;0.00;2.92;1.43;10230.13;0.32;79.74;1316.29;582.39;2.86
------CLUSTER------
percent:10.76
size:170
P0seyd0n,qazwsx123454,Georg_Darth,gfgfaqrr,rka1999,orkvital1,_teks_,VladGOD,tummax,Likvius,DarkSPAM,_skyman_,romavandal,Shockus,fhnjhbec,ElioneRogs,actb,PatriarX666,petru4o095,sti1,Elise_X,Tpakmopucm,Valdar_nl,YaRA_MA,treal2006,AtlonXP,CAHTA_1939,Noobios,kain_7,Aromes,APOHAP,Realhell_3,Freezty,blackscorp11,II13II,nimfetka9608,dekster0241992,Lukast,Warrioriss,maxson11,alfabeta,JekaVGG,Realhell_2,Asami,Bint17,Anton9090,tirexsi,Wafigo,Julyaka78,Arved,ruslanroslyakov,AntonFedchin,denisice4220,andoris91,dima22081998,krump4you,aynagul,bezaa,DrStryker,broni4ka,Babocka,mvilor,onion2006,k666mm,dimos88,Realhell,Next2702,Svior,smokeevil1,DDoN,kolzok,Atotarho,klinon,Anastap,XAXXAX,xXxRAWENxXx,Grostovsky,New_ImpeRaT,chaosin,terribiledictu,Omega2008,Gines,anatoly12,Vlastemira,AtriumD,Lapinka,abkbys,moonligt07,Vedaz,PVNsntze,demogog_92,TERADON,AlexVet,lpilipjob,Jeckky,markiz7,nomaks,petrukhin2,Ossiris,nimfetka789,Mikroniks,EBGEHUKA,baz81,Albert13,Rakot_zero,_lastochka_,muflon777,IvU6ka,Mihail_,zoal,Chipper,ladoks,Dadkness_Warrior,Kruglaya,Quler,Feilon,Negativus,WoX11,gloomyx,bibizonik,HelloMoon,PCra,_Alladdin_,moppo,stjul,NightCatty,Dumbledor,chencho,ziemens1986,CXSJS1,Winterfog,banana_911,arrantscum,serman_84,kabol,kramd,lyga,ylias1,FirstShot,GuardTower,renzokuken,KopcapbI4,adamantus16,AKIRRA,mel173,sto100,bigmen08,eneiko,GroorG,Caravajo,T_R_I_S_T_A_N,HuKaHeT,BioHazarad,mesherator,Cypher2,Siferon,gziro2,kwonk1to,Incognito2501,soloc,qvaker007,gfo1983,marateg,brew20,Glaverbel,Brazer_dark,alien075zz,Danji68,romaalex,Besinda
gate;colony_count;level;liga;rank;bo;archeology;building;science;ra
0.00;0.15;9.79;3.00;48118.01;4.85;777.68;8383.43;2840.80;1.99
------CLUSTER------
percent:4.75
size:75
Mormulet,nettoo,Velumate,labdepo,Keda,Vadim19,Catk,Samtle,professor196420,Ruker,uNknownMark,DeanNiman,smelof,ZakopateL,niko199,merlin2004,Byryat,IrvenSS,Colt943,RAKSHAZ,mikanto,uoron,henq,andrey_wolf,Sasha_jugos,veerik,KRIMINALIK,Kurvenrolle,Djozeff,sspss,Wing24,antonio_rus,Segard,Fenix123,UrsulaAlex,prisonner,Pusk,allbegood,nastay999,alexaner_p1,simxo,David_Jones,XaCaH,SZEVA,Grey_Maus,overbax,Gammi_S,Unstuck,Zulluss,alllexxx,MegaVoin,PRODANO,AgainLedi,13evgen13,666alex,mif_ugra,Zamiron,OrionSL,kalvados,kolyaeremin,Homer82,A_nti_P,klop_klop08,ibrova2007,chiefarmen,padzero,strannnik,The_basis,Admanshik,Penchekrayk,Fantomac75,DrPopandos,vp_idb_insp,Dakota,allizunov
gate;colony_count;level;liga;rank;bo;archeology;building;science;ra
1.00;3.00;57.37;3.00;1210357.74;2491.65;78680.80;111346.84;43376.22;14.70
------CLUSTER------
percent:4.68
size:74
Psychopath_Psol,Psychopath,JoDow,minhertz1,ortopet3,and0008,jacksnigirev,glazastiy,s0tka,devolarin,nohlp,OlluDk,teplii,Visanchik,FinalCutPro,werewq87,modesty63,samorkin,adudik,StMakc,kanlaif,Martorium,Artemiusus,vargrah,poiuqwer,DarshASP,Impale,SeViDmi,Tuppoleff,Gektorrus,toiotax11,Cerb1981,DenMin,damur1963,blessmoon,colden,MimicryStronghold9,Gaelemar,use2366,lamko,LanselotXC,Asylum2,Sabbit,rfkyf,airless,TANKER,makov,OLEG_KRUTOY2,dokvelosiped,Kalaschnikoff,BEEE,mrakogri,Fagot99,rton6,Artem96,chslk,dfwolf,banderos91,salem100,nikanga,bicelin1,bizon550,Loken_Garveli,guraliserghei,AlIkON,SW3ld,D0ctor,nikolian78,Boss_1,Aleks90,munhenego,kurimu,karabas201,UnknownHost
gate;colony_count;level;liga;rank;bo;archeology;building;science;ra
1.00;0.00;9.15;1.34;47145.39;1.30;132.42;5526.51;1696.11;4.32
------CLUSTER------
percent:1.77
size:28
IELTS,RVADAK,Tasman05,DDV2005,VragV,KENTAVRUS,kanash,kazkad,Baktr,legasov,superelektrik,crimp23,Klimklon,Seropunia,tom15,Alexandrum,Oldwarn,Kamysh_,KoP4iK,lelj05,11011,senseySWIFT,madmax25,stop95,DonSezar,sapojonok,Solnce_ru,TatarinM
gate;colony_count;level;liga;rank;bo;archeology;building;science;ra
1.00;3.00;119.00;3.00;2958878.70;29620.05;167631.88;137863.75;41422.50;20.44
------CLUSTER------
percent:0.89
size:14
sergeylv,MaximusS1975,kerb,curiousgirl,ellyx,STEAG,MNEO,Svetik_seven_flower,Zondaj,graphite17,DiFeAl,IvanBulochkin,bazilka,TARDOS82
gate;colony_count;level;liga;rank;bo;archeology;building;science;ra
1.00;2.00;43.93;3.00;1341268.71;315.38;52094.93;50447.29;161294.43;4.73
------CLUSTER------
percent:0.76
size:12
dima2901,profSouyz,HitmanRPG,Victor1020,Raddiance,Polusintetik,kalyan_off,ZERADON,GreyDragonII,OpJIaHryP,frost1272,Rusga
gate;colony_count;level;liga;rank;bo;archeology;building;science;ra
1.00;1.50;17.92;2.00;140542.50;9.61;1356.17;26045.17;5415.42;3.17
------CLUSTER------
percent:0.57
size:9
Demoniacal,dsds15320,denibad3,badzilla,_rTj_,Sakhet,yes_yes,Tyraelwow,Magbet
gate;colony_count;level;liga;rank;bo;archeology;building;science;ra
0.00;1.44;18.00;2.00;164444.88;7.92;1201.67;28309.89;5245.11;1.29
------CLUSTER------
percent:0.57
size:9
Helgaard_V,motozver1,oLKA_A,T0Pdog,CityScorp,AY_200,Domestikus,Nuflin,123RNE321
gate;colony_count;level;liga;rank;bo;archeology;building;science;ra
0.00;0.00;4.67;1.00;10548.22;0.00;30.33;1380.67;334.67;39.57
------CLUSTER------
percent:0.44
size:7
rbhgbxm,FanDiman,Shoom80,fearlees,Valendron,Servius,Thorn666
gate;colony_count;level;liga;rank;bo;archeology;building;science;ra
1.00;1.43;15.00;1.00;167970.14;5.87;876.00;17194.14;4039.57;1.22
------CLUSTER------
percent:0.32
size:5
Vagrant_bmv,okj,BarY,gvorn,dgefff
gate;colony_count;level;liga;rank;bo;archeology;building;science;ra
1.00;2.00;87.60;3.00;5039114.58;5836.73;273596.20;95542.00;48252.20;12.51
------CLUSTER------
percent:0.25
size:4
StellOdessa,birel,Warlord77,KosarevAlexander
gate;colony_count;level;liga;rank;bo;archeology;building;science;ra
0.00;3.00;131.00;3.00;2345948.82;31652.67;95684.25;154891.25;19980.75;19.96
------CLUSTER------
percent:0.25
size:4
wadi555,ASPIDZVN,Shadowman86,nikolaenkouman
gate;colony_count;level;liga;rank;bo;archeology;building;science;ra
1.00;3.00;180.25;3.00;17167573.81;252421.50;186193.49;138638.00;47358.50;22.42
------CLUSTER------
percent:0.13
size:2
DarkWolfsan,BYPRT
gate;colony_count;level;liga;rank;bo;archeology;building;science;ra
1.00;0.00;8.00;1.00;31728.50;0.00;1.50;4122.50;814.00;47.98
------CLUSTER------
percent:0.13
size:2
KubKiller,Necroant
gate;colony_count;level;liga;rank;bo;archeology;building;science;ra
0.00;2.00;20.50;1.00;297467.00;0.33;3082.00;41280.50;3679.50;1.57
------CLUSTER------
percent:0.13
size:2
Shurikdnepr,dygar
gate;colony_count;level;liga;rank;bo;archeology;building;science;ra
0.00;2.00;56.50;3.00;1753948.96;442.69;86627.50;53856.00;266242.51;8.13
------CLUSTER------
percent:0.13
size:2
Gen2108,SCVOCH
gate;colony_count;level;liga;rank;bo;archeology;building;science;ra
1.00;3.00;63.00;3.00;2467200.89;890.22;122689.00;89198.00;222571.50;8.45
------CLUSTER------
percent:0.13
size:2
HellLioN,Arudin
gate;colony_count;level;liga;rank;bo;archeology;building;science;ra
0.00;2.00;177.00;3.00;941889.55;195081.50;157784.00;144120.50;11265.50;5.55
------CLUSTER------
percent:0.06
size:1
justice15
gate;colony_count;level;liga;rank;bo;archeology;building;science;ra
1.00;3.00;163.00;3.00;29512844.00;99591.79;215914.01;80450.00;177345.99;24.46
------CLUSTER------
percent:0.06
size:1
expresso
gate;colony_count;level;liga;rank;bo;archeology;building;science;ra
0.00;3.00;144.00;3.00;7903209.35;45946.90;192335.00;149420.00;154125.99;4.54
------CLUSTER------
percent:0.06
size:1
Vika_LS
gate;colony_count;level;liga;rank;bo;archeology;building;science;ra
1.00;3.00;26.00;1.00;566712.02;3.60;2871.00;92129.00;6991.00;8.07
------CLUSTER------
percent:0.06
size:1
Vadanchik
gate;colony_count;level;liga;rank;bo;archeology;building;science;ra
1.00;2.00;19.00;2.00;112604.00;0.00;1133.00;32594.00;2929.00;49.43
