22:32:29 07.12.2011
hierarhy - mst: 84.09
hierarhy - kmeans: 46.67
------CLUSTER------
percent:21.67
size:670
gollardo,woox73,Aleksey_Tula,Look95,burewestnik_woly,NiPiUs,lek1,_JloJlKa,Nexus2010,kuzv3et,bak1000,Covuhka_les,JottGRay,w1whip,asep120,Azim2000,grfg649,Deniks13,9998,litoy6,Cabincrue,cfifbkmby,Voxra,parliament12,ihifjbfsd,zhbr3d,Rahmet2011,giacynt,3a60P0CH0CNMbIU,slayerink,debacl,StrategRU,baronovb,andrey139,svg41,hovhannisyan9,ilboy,Stalker1974,Domawoi,Saint_snake,8877,laikmen,bubuki,restovrator71rus,75926228734573,vasenka134,birmaflot,kursv,sergvolokovykh,nikitamih,nekromattessa,Profitrol4ik,dellsm,anastasie_02,Make1,sergei8606,lalaish,RomanS85,grom71,asirop1,qazxc7171,Steek15,oleg1975reks,Lakei,4yba4ok1984,svyatoslav95,maxigix,virus1986000,kogmaw,vorga17,maxk89es1,VoYar007,Yucca,oleg911701,La_gatte,atoxa29,ragim5678,umka157,WQWU,azog87,454554,beesetru,Salvat1on,VOLK109,russian_human,mama165,0301,frustik,al_xa,toshara,dima8922,mashenka87,maks80,wolk86,Kodaa,usandrey,Aleksandr1g,kindeman,NIKITOS_05,Asadar,rokerroki,ArTHosik,Sofka,Ustasus,vikzakar,arogo,owert,svetikqwerty,vitass2008,Deidara951,Pristnss,masser_noobs,fullmetal1996,Dj_Mika,xadzidxi,DemonRZN,kokolo,BlackMutagen,Predon75,ocelotrevolver,Kolbanov,hellawes,spiker731,Malgor,1061,dargan,partas,PrVV,sdtstarik_127,KLERI,Minor851,Generaciya,trekver,vintpoker,ololoTroll,zxazxa,mylciber,LEXX1313,denbuz,ruMag,1978aleksandr23,ARSEN7777,egormalyshev,ilyalord,Sotfex,gorbushinaanastasija,anask98,kola696,nnn888,dvv,Vikindor,vergildevil,asaytti,beetlyou,xxxwqxxxx,BEFEJER,zxccvbnm,hrgamer,jurgen72,zhitkikh,WWWLEXAWWW,demroos,tjsrtymartjatja,zuravljonok,danilafonin,vadimmmmm,xxLegendaxx,alixx1,tety,khromcovoleg,kidoska,sanakomedial,slash1232145121,ssdd16111983,ssaper,murtazgiora,veryn,grib29len,nailminimulin,Aleks0n,abesrza,Maxxx_1,Nazacheres,XuxukJ1uk,aleksej243,gronos2,FANATER,Valkyri,Zullabar,resin2010,ZORROf,ynyn,nikolasha225,lidiy6,NightTroll,xioka,TIPtopikus,Irgvan,auzzie,TeleMundel,34rus34,NeorgT,Uln,kotandr0d,vas9I2233,lehazxc,Nicsonik,zomber666,zaur012009,Kirov_999,FarOutMan,ludavitu,VVG14,korneev19481,igorbiglov,Radiant555,scientist201021,enya999999,Fizco,pgm100698,Demagio,si3,mksnik26,jhhjhdjc,savk,FLOPPIK,valentinbel1310,sashokas,Batezda,AliceVoldemort,Harbinochka,WishM,napay,vit431,oleg456777,riko123321killer,WCR,daba16,deadspiritus,garik0931,Ardamant,mixis1234,DARCVEIDER,Killerfrag,daffix,vlcharkin,sleepy1985,Dewourer,ARIO798,OJLEHb,maksimbrindik,EvaMih11,bnvhf,svjasitn,gaytoboy86,savele00,kondor71,sqshq,AsKein,yaryar,DYNA_DANmg,fhj,NeoEning,arti9999999,ffirefoxer,kat_rina,agudzera69,GloryLord,vepr95,paromshik191,ALEKS626,Trushx,oleetam,Brawlerlol,tombler,K0RDEN,Old_Tramp,Lapo4ka1102,Maxxnt,loma4ka,celio,sanek43,hamannSP,SUA,inhateb,alfkeram1411,darga,nikolaxer,stim1974,Kiss2012,leo3973,sereioga,Sahkh,nitrehollik,azovzap,Gogi0506,Acel,Allastar,vitas1234,Livenskiy57,kanan23,ilyazevs,larisska,DeMoNuS777,TWIDI,alexandriaclubs,8qw8,fasderer123,ibzharova,Ketilar,dimamisa1999,surok77,allegoriya,selegas4,SM96,kunevivan,Vitali88,vyvik,stepanuha,BioMass,besson8,akvafor3,mihailv2008,Stalintank,praporrrr1,77FoRcE77,misumi247,LehaR,vizibonk,dodson17,ilscorp,Scrayt,vlasdim,JamaicanBADMAN,HellGuard,aramira,oplot1230,zone89,pltrykhin,Shipilkin,Torbator,DarthVanger1,lancetnik2007,diejackinson,Garmet,Addmoney,asprim,aspirin9189,CreedKo,Coetus,foton1132,Ser_Leo,Os06eHNbIu,makc1000,al_iv,Makrusys,10111102,Nutser,krest13,satanislovas,CRAZZeeR,wuer666,hfylhtq,trewqd1,vvvoo7,LIGRIS,orlovrulet,xramovnik12,grisha737,eldiablo7,Spacesqueezer,deen23,_Tanatos_,petrosss,alexgreyt,makstaylor,uglerodplast2,kerigan1,Lex200177,neki,jaris2,ryss747,GalyautdinovII,Heruur,langoliers,qfr,titobi,beti08,SaRmAtV,garmetroa,Probe_1980,Razzrushitel,ko7stya669777,SergeyRS1986,GarriusRippe,stah7,tritisi,sss12332,demman25,cergej,II8P,serjiko01,LLIYMA,55555d55555,itrubaev,mostovaya2007,drhnefyhnefyhndfgh,nikola65bak,Lotofajazz,MattJensen,yanw,Radamat,Lokn,eddigrand,NezdeshniyR,Dragon_Atreydis,ditalset,zavhoz777,Begemot20,vjalii,MuromPasha,konekmaks,shatl124,spurq74,Kybershot,Psiker,floppy144,SvetaSpirit,kyznec555,Pendulum2009,lehaostankino,shstackujjj,3vvv55,lispustini,igorzenkov1971,Psichoz,nazgul1076,_xsander_,dimetrakis,Bazilo,Yliv,Monstryk1993,alexeygontharov2,DarkRegent,Natanata,kasyama,Mishavu,Golod213,Kreyt,alexart28,Crash42,_Asss_,Libirall,neraid,Anty1988,nongratta,Ens013,Morder7,G0Gibr,kroma003,Zlobotron,mdanis2000,Bronski,Oniks1,PoRteG,wogar,bmv63,KOLYANIS,_SELECKTRA_,deda1,kirill525,lloidd,OVAK77,pogaalex89,dr_Symon,shura95,aleksnaym,RepVlad5,xion4444,lomi22,yuravagyan,qwerty761,matejj,dreninanatalia,fericus,rouch81,alloiz,nowhere,tan2502,Namrok,AWarel,astraLaft,22katrin,djxonec,alexchelkunov,TOLMACH1,keynbrige,gre4ka,M_a_x_82,sahai,kas1117,Alex_sanyok,Albertch2009,blume,Nepsha,rif5510,Clever_man,skek22,va_04,VERMINATOR,55942,lalama,DagarSerg,chernyshvakse,kas32312,Mondrogor,x6ATbKAx,VaDiK05,freedum,parasinkl,Izigard,TanayL,minjali,mikurichic,vitalik940,Hirssaf,jevo999,davinhce,strahapud_219,badroman,andik85,Fenixens,ilidan18,cyclons,skoda66675,Velcro,alexao,rodionovga,delta1998,johnjad,Azgots,sandin83,Twiking,arsem2011,Plotnik1,VANEK1708,JanePiere,Next969,wq21,kleh555,kvinsikiller,Lakearo,lat555,xcvhnj,viking20,lorddasiy3,Evsei2,Poiet,GIDROFAN,Hohonos,gzigunok,NersesMAH,gamepwoandrey,urod8965,selezneva1212,rplenv,galjhglhgvihglh,DaVinchiKiller,kkootterf,EnVoker,emptyplot54,obraztsov8,lyc35,alexzel007,Sphirate,observant,kent323520,sherol,timefor,DESONE,arturmak,vladimir000000,kostic58,Scheikan,Meglablandat,Yaroslav85,1111oleg,jila241,pinkbeatle,rodjersuck,f31762,erffffffe,iggi0000,cer33kol,waq,poleanta,ma453278028,andrejs159,lelick1978,h2310,bezrukii,Soban777,stoler84,power_bizon,borislav_rudenko,karpova13,primer001,pasha19631,Nev33,IvavI,Kondor70,nekronomekon,Nemez787,villiyms,alekskup,snigor1,vanovl,igormarchen,slavlat,LordEskal,hrommm,justerhofman,nova555n00,Inv1se,Caesar_1203,avanakeks,KulkovMax,TaptyZka,ssss44,Dasha_,Elbrus_,Tudish_pyp,Lasna,Koevgan,Tondi,Engelc,Steel06,Izverg666,Formless_l,SPB_RAD,zrifin,kvr65,kazan80,Igougowego,SOBOL30,Tillman,Artix_,LyubereckiyKeNT,FlinksBratsk,oAntico,Lapetite,GeKar74628,Mustam,Konderbery,555denis,Buldya,Warrior79,VestnikSmerti111,VITOLIC,agasfer81,MegaP1xel,Morein13,kuzma89,ilovskijj,arpeja,jonn9,Fallstern,chencho,cawa2000x,cryptovik
gate;colony_count;level;liga;rank;bo;archeology;building;science;ra
0.00;0.00;2.23;2.00;11500.68;0.91;59.39;981.08;229.69;4.35
------CLUSTER------
percent:20.50
size:634
BartucBloody,MorickGP,FINAM,DirectMaster,nectow,iris_07,koretkie,AlexDark777,alse,Darkelina,Aneril,klonsurge,gallerovasaratov,ZeroHour,DEMON174,Filcasee,Sousegi,Rigogo,bizinanton,lukowe,hfhfgggg,GREBNIK,actionpay_234,gipogutor,eynhvYj,NeChelovek,samanok_,vovamursa,skriabnev,ICraftI,wasd19898,Alex697,Avaddon423,lesha101,ural3213,besGZN,Gaetano,SAper126,barlaev,zhopahills,Andronenkov,12ser21,sermskin,cubecDeaD,kot2088,4y8aK,ppmakca,kokopasa,TofB,Yurik987,ramzesprof,stalcmit,chronorizer2,miwenko,Brat_Den,komagyrova,fedir1234,TALYAN1971_1971,serega186186,brodjaga68,Firera,Shoodae,MirrahEgo,gektor10,rusbadger,MrNemo99,Mishova,Lesogrjz,Frosya85,yaha4,Caleb45,Nofare,rumyno_av,lex0013,kybikx,Sofrik,mvecktor,Kti,vovanxi,master564,kepov74,CALAVA,ree4,pilot0325,razmo77,konstantin1233,goga164,delfins,beliketi,Padlo_FakovF,Minerva1658,arseniy_2000,superpotap,bbb2222245864,natalijas,art3s,ipkharitonov,1200ekaterina,teptyuc55,jandimirva,kaktus7,golim,sajgak,OldMaverick,nailnnnn,sirius1,vvv11145edfvxbf,anutozka,vitalport,romazan1111,Demonic28,stalker2030,ERRORER,znm,SINIY123,vovan4ik111,nik789123,Abaddon423,Andrej1984,mogil6ik,ClausMasnon,Streyj,qewre,21047,teasapiens,Smoke_De944,vladimir79,Toha_killer,Lourence,PYCIK,sanya19745,veseluy,AlexZahor,sviatoslavn,galkr,mocus,alekseyl77,BRUNG,Andrew20000627,andrblack,beljaekirill,StefanDok,torpedo_333,deadspank,MrNemo00,mayor007z,allalyzlova,Matxi,Hellene,Frankonia,HaND79,xamsis,MARYSI1307,tasha1912,ruejdh,11239,nekrpk,sotic281082,DGromov,zevs090994,pradd45,Nazz,g4x9,Balanar33,Volimot,Dantezet,sgmaloy,fatalistd,PRoGulshiK,varchaksergejj,loparik,plah711,Cybervampire,WWYR,cicron,Khisamed,Amanrool,xzwhitewolf,lnatab,gidroooooooo,Lexx_Grr,nonix9,jonnymnemonik,kikeli,Nckl,pomadka1999,vlad65,igfx,danilakl,dexxnsk,imax007,kidenish,Dmeatriy,landrew79,Tilion,alexdas41,sultz,kakudzu1,Svarog1704,farzad,tnnt,hishnik73,Ridael,tema8585,DEAMOND09,Lafaed,Zeus_02,Ryslan3,agrisvv,greg6,DiPlanet,Namikadze,C_Daimond_C,Vasilij212,realsteel,armonas,ASDFG9,draconicara,knopka19740,DarkyJulli,Crazy_Max_Ru,Bobrof,Trender,Dotdjin,kitt83,Irbis2000,Stain13,SnSmNtNs,VNMS,San_87,ares17,EL23,armit88,Ustim_nemoy,flatout9,skoroxod,Deman28,TosterTesla,Kliup,savapavlov,sashayelizarov2001,MPAKyC,doctorlondon,kilim,flyfuntis,Life_fo_dunk,robin7410,LugaFox248,sta1999,arhontdark,geier1976,Hurricane77,Tavrog,viggi,dryg210,stepancuken,marchelo0302,prangel,korovkin192,arturkhan2009,ivanac007,president4,menlfik,dant555e,Lora125,alonecorsar,mag136,Punk16567,Stiven_SDM,romzes85,lGerasiml,Elver_lm,Egster,Malym,maloi31,LordAzeri,Keymhvati,lex19830214,Wolf_Pack,KroLov,camiz,BIV1000,andrei110673,feliksem_737,Aberonich,vovus98,plyer,dangerskins,Tobbie,Ashik2010,Avita,Drakomir,dahya139,ripli88,oi44,Proff_Sniper,XpancX,olympius,DesFire,MayBacH_DiXi,bofu_370,IMPERATOR90,BigDima,XGDeaTH,w00jin,agasferion,ZALETNYJ,DeathTheKID,Levaxxx,Davidka2606,quguarx,valera1999,AshearaDeath,deniszilair,TERES13,Manunas,garbagerat,Delinor,Stepank2,Ikikile,Flutt,garrignum,lolmode,smit256,Chudoshokolad,barsukoveli,tusja84,zapora,andrey13121986,sisisis,Mazalyok,zverrek,Pirat22,Sealed,aleksandrIII,timur241099,lereck,bestpicachu,Annihilus,HAKS777,Gabel08,Selvato13,bleid555,Dimko80,Kecod,12049512,suluzs,ALKOrider,Kiska88,stev198,romanica,kasiak174,ddorich,dostali10raz,ThySerpenT,anri100178,kuc_kuc,Dovator,Anna_Levis,Pytrok,vano19948,MegaKKOT,anaksemandr,piop4ik,Diyablo,jokerod,mozok2008,kopitlev,Ben2011,torpedada,kusok33,lTaHKuCTl,sansey2011,Luc9,MMimzi18,Isaren,lSpacel,007Andrey,Tinki88,zvx_gubarev,VladimirB,stalker_thg,111222333444f,panica322,JarV,PhRatio,DRAKON5,magnitski,Pegas2012,taren1990,ielm,said66666,ragnarych,HacT9,DH16,Xopek22,Frosya83,Tabachok_DS,Lmag1,babuin2000,Romir_Shepart,kos73,Alyra,SAP_4,madatovrobert,azz_esm,hlushko,566n200,baggorr,mashevskiiwow,Evaz_Mort,aleksandarger,CRISTALIUS,Karaken,kiapuh,ujk,marinalagouna,EVIL71RUS,deligorexa,slavik7908,lionidos76,3929847287,qqwweerrttyyuuii,fvef31,tashkent1,Toporik77,oslannik,zaxswert,ctalinoi,rogono,saprykinmks,MakcimucB,Miropolk,devart,ahim03,ROBINMEN,wolk31,fractalar,Voldemar130183,manomavr,Kislovislo,romucho,Earon193,Vlad131997,Zhurawell,Norfolk1991,ssnakes,tt24,Butenko_Diman,andreff24,Siel444,virus25,Ailaina,amkar1999,_Cherry_I_I_,sheverovilja,XPYCTAJIIK,inm1981,mal4iwka,FETFRUMOSS,twomeat,obernaut,Elaygi,ololopaip,jlia1975,Obtis,220wase220,Nekit321,Hanna33,prundatripka,dmitrov17,Mutantino,konanIvan,234444,tulyakovvalentin,diozz,geroi5,beliy783,BAKLASH,Aivar777,ramedlov7,d193xs,bom74ba,howard568,danjamakoveck,sahnovasil,dellex,DIRED,slacer,fox951,Nertug,Anton16,wwwkalmykov,rulik78,wolk7717,love2kill,dive666,zhukic,GutoraViktor,hukamaruxxx,viktor50,2011yura,tulabaevidel,wylv,xous,dead0,Delapuente,GENBIRD,Avlur,Silmeldis,Nordon1,kapeton,N200,Dyadya111,WolfLAA,Crazy_Shark,Arviz,pizdec_vcem,KeNTbmw525,nusik005,topkov,zeta678,140778,mihailmihailm,olga19821911,terra661,wataq,miksasin1,M102030,ANDREYAAAAA,shushuninrom,maksim112,selskiy,wolfra,julianna87,Stas7816,fghvbcx1,71aj,fear50,kurteevairina,grizli_bear,Boblim,mursal,voronok26,Evolution1g,Garrysonic,NochnoyZmey,korneev2009,MARFELIOS,kiril150,stl_i95,olegix,HhhouhUoGUougyg,arina19972,_Dark_Diamond_,J0hnS,left4dead123,koks174,danya25052000,makc300,1100121,gdghsdkjh,lvispanec,trucker64,divanov142215,akimov20082,fssfs,shajtan30,SANIA926,hgjhgjhgfjgh,ktjybl,owan19,kazakvartem,Doberman_,Werlock,dada_75,jmaxok,Gvay,dimako09,BorisychI,Cerleg,BOS333,GretR,garis83,MuLeR111ss,flamen3,simulation,ooomap,SWADGEN,1112307,bersonaa,RoziR,Vostavshiy,edgor59,mishalin,CUNA1,pim2000,davidov79,sv2010,wishana,sopitkoljan25,maks775577,VFRC3,somebody1989,zahar051,DIDADO,dukcu,Pol37,ZPAxelZP,aLLaZaR,invander,klepikoflex,Odrays,89617500505,tolyan111,Rirun,Keyrana,IVAN117C,Baton4eg,ehos,KsenYaSayks,vip888,BlacKeeper,Dark_Avatar,KiLlArMy_Juni,dfynec11,ocimico,holden80,mexaniks,Jokester008,ip5809,Darkantes,supervizer77,Cistern
gate;colony_count;level;liga;rank;bo;archeology;building;science;ra
0.00;0.00;1.76;1.00;8115.82;0.01;16.05;515.50;142.59;4.85
------CLUSTER------
percent:8.64
size:267
zuzzz,Ratimir,sear105,velkilmer,AcuHa,bigbrick,Rastaman1989,vvvs,FilkoSS,Bakairo,Avtoric,kapa60,pheo,splash22,Schantz,Sellay,apollo1312,terehusha,blacksea72,yguar2012,vask1991,yugyag,papzoblo,Svetmiru,Artix9,GazMjas,MongleR,Makusimu,eksten,zerro13,nobiusor,clipartts,435237320,killarunansk,RomaG,asmynd,skill5,Den_21,indigol,Malekith,MacJ,Xarald,_deymos_,HASTAROT,xmana,amanskin,Antorel,gelenamd,Logun,Gvardi,AlanSaver,__T__,Gess999,ko081271,DjNiko,_Perunika_,Menethil,longer777,inok_76,XXXwalterXXX,Maggius,kotlyk,Kinomeh,Budgold,dieselman,_lolik_,sanya_8891,antonni,DevilStar,lmamont,archangel2010,xyforce,LuckySt,amel2,KILLJOY_Sarapul,Varnak,9udjat9,Karnaul,sovage,booterbrat,_calipso_,shoolc,sinuv,DAVK,seredovich,crover,yahozyain,polikur,zenonIk,svarog__1,artyr169,newblood_chist,2152,Filya21,seregarus2010,Gudzonc,jac109,frankds,DAlexendr,HETimy,Malibor,BadLos,Garfild21,Garfild10,Dizmaster,Strahaster,medvedgri,Startmaster,Tigerman10,KrokDT,lebeden,Albert2009,VOol,zegelmannn,c0ty,voliny,acka1,xlxl,Aldrin,guligo,simvin10,icog,Toprun,opanashhenko,breysov,TiyForever,chimgan,Ilya_sts,alexander_r81,reshetovvova,Totoha_Judas,Mrak_v_Mrake,boil,artem1966,kombo_killer,VeNoM_M,sorgen,blacklance,GenioBuono,vladychenko,phx_lizardman,skvaer40521,08cap,MotoBrother,Tromsee,StrangerIV,cezzar,lena_13,Tolstik10,mumbaumba,SiMPLeRiDDLe,lien2su,voranerpalermo,KissK,Red_brick,KRUIZ,KRASSAVKA,AlexKultaevski,Volkana,MetDi,nik123st,WOLF_39,BOT555,sveta8,alex_azus,Squall777,ThisBadGuy,Secor27,ZALET666,Andr2008,smoukis,zaraza_xl,Simly_Mike,WarDragon,vico,artik426,Mazaster,tongaden,Turkababa,SUBIK7,oc3,raberey,Executor80,Straszidlo,USA7,rezvaya,sawkov,Sknich,ERZXOR,Agrika,stewardtz,Riddiikk,Nord001,Sendex,KidsKiller,charm211,VolkZaya,dimonihe,sevastopol54321,KaimanKK,Kaneval,Jimmy_neutron,kchrssh,Rise3,DrNo_,neon777,TKE,feiner,krutov11,LANGET,plotik,qazwsx3356,notanson,Progressiveage,vadimstepano,rarapuH,quest007,Babadgan,aleks_13,BABUSY,Kromkii,Doktor_Stomatolog,CHESAK,malakal,dimakudrashov,POJARNIK,Citrin,Ramzes_lV,CRPARTS,Kozlova_A_V,Staryu,rundist,tirapevt,1845sergey160,woran4ik,Raskaryuar,bobacko,miha2004,UmnicaIvseTut,gaetneow,xorek1230707,KonstantinV,graf1korde,JustADark,Uxman,PlanetaTyler,zhenyagaak,minipots,ramildan,hdhd12,Muninn,StarDock,full_zero,Makentosh_Ai_1,Andriadel,Nimwe,zdb,Amorphius,Njs777,LITEISHIK,trup_ik,kolakao1,IZuaL,ploxish00,shrekunia_,larshink,nata_7d
gate;colony_count;level;liga;rank;bo;archeology;building;science;ra
1.00;2.00;23.64;3.00;655935.91;65.59;7560.05;50836.50;9108.93;3.24
------CLUSTER------
percent:6.34
size:196
Hidden_njs,djnail1979,DDTAria,vlad1vostok,Ilya4927,SelenaSilver,xGoLuMx,xxAxseLxx,beslt,NITROGENIUM,Popper,ApolloDantist,nozer04,AAnabioZZ,lanceslik,073_1,PrivedenicE,TivaObolonskij,steelrollhog,alex_13,ksk1000,EBGEHUKA,Ochenstrannaia,Tassot,j3l15,KopcapbI4,nick_80,vred1na,Satanadm,gur1alex,kosmos1993,TIGER53501,jimtim2007,Hapik,potapvano,Winsant,etermal,Rasyl,BYBENN,Valter9mm,Demon66666,Uzass,ZlayaZaya,RAKTUZ,Alex15777,Espert,Genshiro,VICTOR_int,kain_7,shiko,DiLaMia,diis,Anttihrist,wolf3dx,flurian,arhiepiscop,First_Mohican,bliznecy,iztok753,DrElec,Bumerangus,Wesen,TERADON,ant159,dedsky,ftorodent,Y030781,newas,2112HLOPEC,town133,Rakot_zero,leonidaz17,leonard_max,le_chevalier,sschanson,sasha11967,MrBurger,artillerist209,CBT,Saratsin,oooDeNooo,apriot,Oleero,Fionella,boda900,kukuruzino,Doctorishkaa,chip_,banana_911,cang,JuIce_J,Bo_EST_,Galushka1,fatik1,avb96,po4emu,Ersai,meron7,v4386,Lord_Claus,JekaVGG,Fudzin,lteresh,Darwan,kislolove,SoulDestroyer,Immortis,Kryant,braconyer,piroJOKE,lime_joe,_Valmon_,anton_desyatko,Aquaman13,molak,Marvel23,Djamakc,PatrickPsiH,dvwolf,dfczgtnhjd,nighame,13Thirteen,Orlikxxx,leex2,Anatolij2901,genai2,Tayner,_BoT_,g5y5y,TiGeRlEnD,alex222228,rewa197812,vik603,gorge13,rick0012,frokl,elmacs,AntonFedchin,E8il,iyr,galadriel2009,yWALLen,kam567,mlrplay,ser11150,Velt5555,po4emu2008,darvin200,aleksiy365,rudenkoal1,xxxJoker_UAxxx,Dominator34,Dante13,StasTr,master88,Gines,Professional163,Pirat264,smokeevil1,paroda,Ribbentrop,EvilDragon,INCOMM,poludneva2008,nik09,Urara,marsha25,aed1998,fronj1,hophop,DARKDPUNK,1032501,sgl742002,ZaSSSRanetS,varoninaleksndr,ttiiimaa,paladinXX,Flop66,YuriyCh,Kigara,ANTYK111,lookson,savke,juranikolaenko,Koloda,hatredmoon,SerSL,mims9595,DRAGNIER,Andiel,Enzo,demformng,frostmir,komato3,babylonn,Telesto
gate;colony_count;level;liga;rank;bo;archeology;building;science;ra
0.00;0.00;6.78;3.00;76302.08;1.53;214.14;4020.03;1780.53;6.07
------CLUSTER------
percent:5.95
size:184
vergeod,Spase_Jam,recording,plyamo4ka,varvar_13,salwlen,aleorlm,leroy10,KinbVoin,AlexNord,Lilcrips,Afanasiev_D_N,ludmilia,sergo43,artem1919_949,Volandret1,freefast,Vic5,zarhralan,PuCHAN,AniFeelaen,Ksat,Mordor_Kill,feq,archercrutch,Viconte,Chebun,IGEY,BurnFN,SuperCommunist,Lihwar,kvakun,dkonovalov,ZICYOU,7999826,spdjspdj,voltikk,Ollatair,kamato3la,X_Dimedrol_X,Kostner01,Alekswitcher,trololo,mongo21,Kertan,Udm,MegaDolphin,kaifarachnid,gusein91,19952014,KROKOZYABL,Fors2009,mashina2,sasha100985,Naokato,shadskijd,Skaay,Vartlok,homutogib,AlexSemRus,CoCO3d,Casy13,Yar__,Mesar,Frana,Voperon,LERONA,Deafer,Akzi,GNV,GosStandart,TempuShot,avoldoiseau,Ariman32,Zergcool,Appolon113,Bukiki,megamag1986,Naylusx,Fatnev,adviser111,cupermen,deckerss,liarchik,artyr23,MaxMxMz,DankoVS,vaflea,ryasko1,ShALNoY,impersonal,kondor56,romashulc,Igrius,vtgramec,z_brabus,ca3ko,SWINY,German_Ford,WizarD444,sfeda,magelo,shapilov5,Vovan86,korsar750,vlad183,miron68ma,bucharest25,Wolf0790,arhibmw,dzidajus_309,Savantis,Hanataru,gbpleq,felixor,upz15,gaganon,bmw33zampoteh,ssirass,BlackDantist,bos11119,mr_Fu,lenulyam,mnbugnu,stepanap,wertybsd,Nerevin,Ry4er,dokmoi,Raikos,Deserted,Vitjaj2,FURi9l,ZWS21,max197560,benzobag,Negativee,Iowe,555Belchik555,Drastic,chench,valentinka1,Flain,agentxxxx,dimanila,criticall_mass,alex1509d,lyblytaganky,de_dust,SmartVentro,malefikus,nadia3777,goga67,Arkobaleno_Reborn,MAD_MAX_2004,pop4enko,asdfghj,serega2s,lisxsis_537,EdenMGN,hitman4,ScorpiaBikeGirl,UrfinJuzz83,amgona,6anzay,Dagomet,Warlock1978,peepee,GMailPlayer,kirber,Red_Wizard,MonsterHunterG,KirilliriK,polinicased,lesshiy,Olivia25,Axellus,rtrrtr,domok,ugolek74,roman_av1111,Kiooko,angel07,SphereKiller
gate;colony_count;level;liga;rank;bo;archeology;building;science;ra
1.00;0.00;10.52;2.00;103883.56;1.72;301.80;7893.54;1827.53;3.38
------CLUSTER------
percent:4.66
size:144
dada,Gamazila,ohotnik36,KosTVaLeT,DigiHome,chronos12,6yx,murad71,Pepiturbo,sokolik666,Biginform,Annita,ss_cop,Kitaminchik,Demmon83,skorpionn,npuBeT2010,papaidima,vorlov,prafamod,nicklen,nevkusnaja,1009972009,eson4ik,Darvan,nazar89,Likagan,Saviliy,sahsakr1,Jerar,83tim,iomen81,tadjor_541,vitaminas,westsac,inkvizitorsha,Stegar,Sersch,DarkSoul89,dart52,Coyote2008,vovij88,OgneMET,TaDGiK,Necroland,sana13,chekan,Negativi_s,LPU,RelaxGold,fallhall,klieks,struck466,Dulse,storogil,dimon3,xelbr2,sanlers,tamagotchi2009,Lykanixin,natashabekreneva,sawke,tezkaxx,nastyash,dopolob1,morozz797,Druid123,sapsab010,baloban6,maximixam,7tbg67hfn,SSer123,GestadeArkness,ildarx0x,Rippik,Vladimir10,ASSO1997,virus__uz,Lazy_wolf,Niki2001,valeron66,Brrravery,skorpi0311,hachuigrat,Infium,er20702,kiy5730808,SblR,SusaninMisha,6aton,Hombert,bmixw,InsiDeus,gas700,Kristaker,MITPOXA,valek2,astrata,DarkMessiah89,Stas233,Agress000,vuk1232,vorg1d,alfir,dark768,FluffyHive,mib_UA,cobrazmv,foxes94,lcr,vadimdinsk,sniperAlex,Alexandrrus,Classik2008,saygo,alex1lom,tinkoff86,HEXEL,Kipoc,HOPqpOJIK,deployer,scaut29,saga1000,syhor,RazgildyaI,kill87,Pard2005,Ge0r9y,LeprekonR60,Eranty,Tiretore,absolut1979,darkniki,oTeftelo,Riplona,Rainboww,igarec,lelikvn,fedotik0,_VAB_,daimaer,Technik666,mdbn,Qweed
gate;colony_count;level;liga;rank;bo;archeology;building;science;ra
1.00;0.00;9.46;3.00;118612.35;3.31;144.04;5841.38;1732.10;3.75
------CLUSTER------
percent:4.53
size:140
scorp555,NUBAS133,Steve87,creepchik,Rus132,MAXMOZILLA,GregorVagrum,_Mapuo_,ImDVD,Iksai,Geolopoid,zloilord80,Hammer_LAV,Dazan,Turbinator,Forgotten_knight,Angry,19art59,gubkodv,ROMA1972,Dombai,Deathbrothers,666evil666,Coo1,New_Guy,la117,AlMaXDjs,kosmosmtr,qwertl666,Black_Neon,Zeleboba1232,weteroc,IndeedX,Rjcnzysxx,ALEX85103,Mrakoborez,vansergen17,Palak,maks19992,Grendin,MimickryStronghold19,MimickryStronghold17,MimickryStronghold21,MimickryStronghold18,MimickryStronghold20,daniilkudrjavcev8,MrRichy,desepticon,Jim_Reinor,arinagf,zordek,EMINESH,bydz,Nefelim,agapvn1,Axel256,ErofeaN,undenied,bos2012,Mizzeri,deman705,masterritm,GiviFI,NeroDevil,Bypuk,uroch,black4567,ahoj23,romanenkomisha,olgagerlitz,ribeiro,13SerB13,Aginor13,Starvim,lastspirit,nanospore,Feta,jujuna,igrig777,Fhtagn,ViktoryKey,adoubrovine,max191279,Grafnik,mazahakaDi,Bauk,kuzuk,ANAZARY2010,0000se,pudhead1,psark,vmmm,19nik70,ykpa,vova_1000,MVV67,gbrfkbyxbr,Stadoejikov,droii,Satanast,grib4ik,virtual001,Lertion,DragonSphere,morlock1978,vovik211179,Gosufootman,megajob,ProgmatiK,JET_LEE,Learon,arusjka1,lilia5,Raven912,Lemalada,DarkPsion,Lemalad,sdfgsdfg,pdiima,litvin01,atlanticmonster,druid_2382,real_game,omran,linkod,npoctoKAPJIO,gtime,RaVeNakaLEON,MimickryStronghold16,MimickryStronghold5,MimickryStronghold12,MimickryStronghold9,MimickryStronghold7,MimickryStronghold3,MimickryStronghold14,MimickryStronghold13,MimickryStronghold15,MimickryFoothold2,MimickryStronghold1,MimickryStronghold22
gate;colony_count;level;liga;rank;bo;archeology;building;science;ra
1.00;0.00;8.01;1.00;285157.03;0.67;136.94;6442.64;1252.39;3.76
------CLUSTER------
percent:3.65
size:113
auto223,Raksifon,Martin001,AsD3158,MaGiKaN1N,nick_is2,Made_in_Dnepr,fv1607,gelixfuk,Nanoman7777,Gibson_ExP,registration,PitLord,flakonof,Yuk,BadALL,m0zg,BJIACTEJIUH,chercas11,Maksimus2012,Mins,medyza12,boss88887,ANDALUS1,morodemon,HellraiserCW,Mickle777,kid1000,Cook93,ViktorTamm,Ordung,alexu195,italian1,Rafaellka,zzzeerroo,gjghhjh,ironfire,Darlito,basf17,Neyasy,Troute,LegionerAleX,shooler99,Nikersen,Aikon333,Varg86,salabim,robingyd2,yashing,Lotos,Undertuker,Forgos,centurion99,K_U_G_U_A_R,Mistario,CMPunk,GAGAJ,QSeLaR,Levin91,SerGant,Bugorok,Impuls100,lokkidevil,Shnapsss,sotnik1,ambrase2,St4rrySky,Oleg_72,disti,bobri_k,saint_snake_13,hlopik,Miragerr,3ef,malenka,muzak,koresare,SpiderClaw,plazzma,STCORP,garbage1975,nudotik,Sh_sergo_2004,Hy_npuBeT,hash666,buryat751,ghkm,immelstorm_wolf,mmauser,lizardlp,Jerry_Rezet,Skyle,skyhunt1984,valya13,lookish,AmiTar,maugli82,rowenzori,Platonchik,SaorDual,_321_,star_ovivan,KaJ7bRH,Mist21,wolfSvetlana,Syrt,Sigyrd,dalama,AlexSot,Proteriys,Tulio,veranika1234,Agrail5
gate;colony_count;level;liga;rank;bo;archeology;building;science;ra
0.00;2.00;25.69;3.00;836993.46;100.67;11033.06;55835.77;15027.96;7.54
------CLUSTER------
percent:2.30
size:71
Lightness,Lukast,aSmitt,uzukage,Vedaz,amegas2,YMN,ivan_shmarov,DrakerInDoom,danila07991,Pruh,Ariec666,ekon,dokin,lojor,vojv,pjsterr,goradol,yolog,On1y,zavodilo_zavodilo,geb_45,zeb_loj,Besha,YaAlk,goldach,anjil,Stronzium,swindler2010,searacer,seregan,holod_g,ito2,pobi,rozon,gojet,airon_r,voran_30,alexyr,RoxFiX,Mahharius,kapitan_dav,Danjos,taxiss,Yalya,Crush_life,Ironmn,kabutoDS,V1tam1n_88,imYuriy,Evgenij_R,dalv194,Francho,Dreney,StudioKIS,Seigi,HybridSandrOne,Wayne_Electro,bobkk,vnv761,HyperCreep,Archonious,Partizane,PycJIaH,torreodor95,Dreadmist,aleexaleex,Clenten,Piromanter,kim1,Asta_La_Vist
gate;colony_count;level;liga;rank;bo;archeology;building;science;ra
1.00;1.00;15.35;2.00;221004.02;4.54;820.27;17173.72;4155.42;3.08
------CLUSTER------
percent:1.46
size:45
Refak_ru,Falker02,tarhgitaj,lubanja,TERMODINAMIKA,efialtis10,Den1ss,Aramm,Kalxoz,VF25,MoiseiSa,potorl,EvgeniyMoscow,jhgfjg0,SidorovII,GUDARIAN,otebali,kot69,061182,TPAMADOL,deema65,Rad0n,Feator,Goblin3001,_wor_,Apokk,dimon77726,BigoBoss,ajdlahd,Sizzling,kupidon09,HybridSandr,toolbar,Katred,korrolewa,WindRustle,Intelegent7771,MaxFax,MOROWINDD,AntonGudchi,Marisha_ru,Bloomen,essehtyki12,epitron77,Romashka_13
gate;colony_count;level;liga;rank;bo;archeology;building;science;ra
0.00;2.00;21.33;3.00;572544.07;31.37;4375.24;38662.31;8626.67;7.48
------CLUSTER------
percent:1.26
size:39
Peridromophil,gela75,smitt1803,gio72,k0mp0zit0r,abgreid340,sergey42,GLoBaLANaRcHiA,fritzzzzz,Area85,DK8,didkovskij,Rachid_1979,andreysusie,samosa18,Hitman_666,roman_av,kaktusino08,dorimeri,artemidii,endor,ZloYGoGi,marinheira,AndR10,arnitolog123,Pivmen,1_skoryj,Kolunix,Kevin01,badbald,lofa_p,Raszagal,andrikizslonima,ABBenden,Missel,SMT15,komandos,Pretorian_CC,Werpo2
gate;colony_count;level;liga;rank;bo;archeology;building;science;ra
1.00;1.00;16.72;3.00;353973.57;14.49;1569.28;19639.62;5590.85;2.76
------CLUSTER------
percent:1.07
size:33
Kletka55,aansip,12volk12,walerka01,Maliti,Idiot25,Myrik_ZP,dostoevski,KORAKER,Arlandino,bemladen,PsIxUs,DenMal,mttsks,idolord,Paradiz78,Vampir2007,duh2,worker71,bandbus,mixbmw,grinhor,Begemot_nn,SPDC,Systemshik,nexoday,murta,kokajumbo1,Nika_Prem,kyc0k,DiegolDeLalVega,toresito,bmvka
gate;colony_count;level;liga;rank;bo;archeology;building;science;ra
0.00;2.00;22.85;3.00;651269.00;58.24;4873.91;43829.91;11581.58;20.19
------CLUSTER------
percent:0.84
size:26
KerrLaeda,cyberiya,Lida12,DOK082,MrNOname1,Indestructable,gerakyl666,sem_alex,thirion1850,balashak,kapitanpetr,ralphic,gooddraiv,69rand,1Desantnik,cte02,NicoMastak,JCB,lafon,paradis66,lehaostankino1,xSTARBUCKx,wentzel,Ezzzik,ET_Skip,Zlat_
gate;colony_count;level;liga;rank;bo;archeology;building;science;ra
0.00;0.00;15.27;3.00;322709.34;6.22;2482.92;12040.73;8417.96;25.80
------CLUSTER------
percent:0.81
size:25
c_b_rsashko,vladik2712,pin1089,zzz777,koshka_D,Ackarida,Bitrix,Zavrrrrrrrrr,Reystlin_,hooliganst_p,kost280283,_Snow_Bars_,WhiteRabbid,GPON,Lenyysia,Nigg,ONIX13,Mikolate,igrochan,TAPH,odminkoS,G_Pavel,mixaek,MihAny,12BU
gate;colony_count;level;liga;rank;bo;archeology;building;science;ra
0.00;2.00;29.92;3.00;1469727.08;239.26;28481.64;63134.92;17389.56;28.81
------CLUSTER------
percent:0.78
size:24
dddiiimmm13,guruns,soldier777,1900000000,tosnja,brew20,BoneDog,faustrol,yetim,frfl,Folian,ALEXEYXXX3,777Evgen777,onza,knight013,T_E_S_L_A,mandarinus33,olegmos07,jabloko283,SeregaSU,VIVTHEBEST,alekseynike,litlepoket,Daancer
gate;colony_count;level;liga;rank;bo;archeology;building;science;ra
0.00;0.00;13.75;2.00;171096.87;3.06;831.04;12751.12;5018.54;21.47
------CLUSTER------
percent:0.61
size:19
madfisher,jojering,1error1,Meltiron,TPAXTEPPOPSHA,Troshabb,leamevealone,netspook,hfft2007,vurdalak0404,zackaz,serementiy,Zikkon,qwetrew2,PhoenixWright,lex_x84,hauseanton,GHTKFN,Whi11S
gate;colony_count;level;liga;rank;bo;archeology;building;science;ra
1.00;2.00;17.68;2.00;321401.32;5.61;1135.74;26600.95;4760.32;3.00
------CLUSTER------
percent:0.58
size:18
ksevl2,luzzer,maximum_11,spamik,LorD_OF_ThE_LasT_DaY,fnelzya,loveyou1,xAntoxAx,viktoreg,RAEDEN,vovikz,kananada,Torrents,StudentUA,gramm100,carlosita,alexey1964,novikya
gate;colony_count;level;liga;rank;bo;archeology;building;science;ra
1.00;2.00;23.67;3.00;765373.25;75.90;8320.56;49688.78;8900.61;24.12
------CLUSTER------
percent:0.55
size:17
bojarkin,_WEN_,marskorp,lukich77,Biseza,Serega960,Illbesen,hjvfxbuhby,lavr999,Baymer23,LazyBigCat,dvv2,_NeoSpirit_,DmAn,1lora1,liziya,Sorocin
gate;colony_count;level;liga;rank;bo;archeology;building;science;ra
1.00;2.00;32.35;3.00;979084.90;483.80;26958.88;72104.88;15599.41;3.61
------CLUSTER------
percent:0.55
size:17
sly_fly,korvala,apollo89,Gera_Alyona,Mertvii,sapffir,apollo131289,aizek6,sitakka,magnitka,nikson76,velik1982,sherbak,Nyashami_kun,Mim2,Gerlen,grafpk
gate;colony_count;level;liga;rank;bo;archeology;building;science;ra
1.00;2.00;23.41;3.00;676046.55;57.95;8076.35;49653.12;7559.71;14.57
------CLUSTER------
percent:0.52
size:16
webpirat,enerpac,igr071,Foreis90,Marauderrr,damdil,poccu,Udjinrr,zlak666,SmartT,MrKill,getman556,zaqwerw,WolffTanya,odomsa,phage
gate;colony_count;level;liga;rank;bo;archeology;building;science;ra
0.00;2.00;35.19;3.00;1123733.80;483.30;48460.19;70790.81;21508.87;4.21
------CLUSTER------
percent:0.52
size:16
ZloiSTELS,MIRAY,kivabl,lordpuma,DarkGuest,Arshak202,mimme,DaRTMuR,spiridon1973,kataros,eka_s,wasp15,abyfk,Fakel_2010,IchibanBasi,hazer888
gate;colony_count;level;liga;rank;bo;archeology;building;science;ra
0.00;1.00;18.06;3.00;273096.80;26.51;1413.44;26024.19;5650.44;7.25
------CLUSTER------
percent:0.49
size:15
Andronis,KAHT75,Levingad,Igor252,FERZ5,seroga1977,kotopesss,linoquasarhqs,PHLURO,igorkow,ajvbxwifi,pohmelniy,mixa2,ppavk3,181818
gate;colony_count;level;liga;rank;bo;archeology;building;science;ra
1.00;2.00;28.27;3.00;1203355.44;188.17;15293.00;52981.66;32352.73;3.29
------CLUSTER------
percent:0.42
size:13
markuson,nahika2011,Totek,DadHunter_Sergei,kanash,Khitrets,Elloco,mirror1983,Nulesmurt,addakss,YuraHaliman,jenia99_23,PauelMitchel
gate;colony_count;level;liga;rank;bo;archeology;building;science;ra
0.00;0.00;6.38;1.00;34165.15;0.03;132.77;3499.85;696.46;24.47
------CLUSTER------
percent:0.42
size:13
straxov,deftones,Tpo9lH,aminra,Gardenman,Igorovic,rusruslan,anizot,bb111200,mihail2010,jzerica,lekomcev1975,jakatau
gate;colony_count;level;liga;rank;bo;archeology;building;science;ra
1.00;2.00;29.31;3.00;1291326.05;211.06;23493.08;69453.69;13790.69;19.78
------CLUSTER------
percent:0.36
size:11
Mc_DEN,Daine,Ksenz_88,nettoo,aureolus,freemen77,mr_kostja,shali,TENb_,alex777d,Feelmycry
gate;colony_count;level;liga;rank;bo;archeology;building;science;ra
0.00;2.00;35.27;3.00;2221737.36;571.42;35241.63;64438.63;34867.64;30.77
------CLUSTER------
percent:0.29
size:9
itsm,Sumka2,Sumka1,Ephor,sUnShInE2009,Toha26rus,freja_96,T0n1S,callobok
gate;colony_count;level;liga;rank;bo;archeology;building;science;ra
0.00;1.00;16.44;2.00;213154.67;3.33;819.11;21654.33;3989.67;4.07
------CLUSTER------
percent:0.26
size:8
Spiceworks,kostyasem07,P_AlexB,volodjalukjanov,opozzed,seleech,xatyn,Vagrant
gate;colony_count;level;liga;rank;bo;archeology;building;science;ra
1.00;1.00;14.00;1.00;191589.14;4.09;784.88;13494.50;3415.75;2.34
------CLUSTER------
percent:0.26
size:8
Ildarik,terani,Yerk747,vahe_grigoryan,T0Pdog,margulis,ARTURASSERGEY,sa08
gate;colony_count;level;liga;rank;bo;archeology;building;science;ra
1.00;2.00;29.25;3.00;1344709.29;240.18;22232.88;57098.87;27329.88;13.68
------CLUSTER------
percent:0.26
size:8
Semenich01,an26,Sokratas,totaldeath7,florit,Defffolt,styurij22,BOOMych
gate;colony_count;level;liga;rank;bo;archeology;building;science;ra
1.00;2.00;33.88;3.00;2061072.95;149.32;47341.75;47712.75;65416.75;5.28
------CLUSTER------
percent:0.23
size:7
Tue_MihaN,mistik2702,moxitoborw,Dungus,Traditor,marblsya,Rom22
gate;colony_count;level;liga;rank;bo;archeology;building;science;ra
1.00;0.00;10.14;1.00;114020.15;0.13;237.14;6907.57;1758.57;17.64
------CLUSTER------
percent:0.23
size:7
Termo_Voin,sollex,kavas23,Wuglusker,Nick_II,boloyang2008,makerpeace
gate;colony_count;level;liga;rank;bo;archeology;building;science;ra
0.00;2.00;30.14;3.00;1815671.88;121.07;23674.43;52369.00;51235.14;12.38
------CLUSTER------
percent:0.23
size:7
kordin,Gnomicus,arhar2ius,kovalenko967,Xinde,amanit,nemesis_
gate;colony_count;level;liga;rank;bo;archeology;building;science;ra
1.00;2.00;36.86;3.00;1407133.09;380.45;81644.86;64219.14;21537.29;13.66
------CLUSTER------
percent:0.23
size:7
bujhm2,1Chipolino1,galroy,Ololololo,caramel_,Get_It,lisodav
gate;colony_count;level;liga;rank;bo;archeology;building;science;ra
0.00;2.00;32.29;3.00;650889.27;471.06;18423.86;88258.72;9699.57;6.38
------CLUSTER------
percent:0.23
size:7
z0389,HellLioN,ElvenKnight,dartl,xBAGAx,lobadur,gosha5_55
gate;colony_count;level;liga;rank;bo;archeology;building;science;ra
0.00;2.00;35.86;3.00;1515474.35;599.26;36893.43;83965.42;19094.71;29.02
------CLUSTER------
percent:0.23
size:7
Aversss,mrak3108,Arkaviel,gebert1980ira,333000333,Prolom,Erratum
gate;colony_count;level;liga;rank;bo;archeology;building;science;ra
1.00;2.00;32.14;3.00;1628213.01;289.02;43606.43;72125.71;11640.43;31.27
------CLUSTER------
percent:0.23
size:7
Shezar,CoHbKo,SVMinotavr,osmin,ingema,Solarees,mexikoz
gate;colony_count;level;liga;rank;bo;archeology;building;science;ra
1.00;0.00;9.71;1.00;108997.43;0.14;224.43;7280.14;1318.00;33.47
------CLUSTER------
percent:0.19
size:6
ITZ_dav,KPOMEWHiK,bestbroker,kavas232,InNalchik,BOBAH63RUS
gate;colony_count;level;liga;rank;bo;archeology;building;science;ra
0.00;2.00;31.17;3.00;2002475.83;205.27;26937.83;50951.17;50530.67;23.24
------CLUSTER------
percent:0.19
size:6
chars05,desantura77,NINJA82,1245,trialist3,erik82
gate;colony_count;level;liga;rank;bo;archeology;building;science;ra
0.00;2.00;40.67;3.00;1404541.65;1258.83;38190.50;54616.34;31637.33;4.45
------CLUSTER------
percent:0.19
size:6
DemonSDN,ZakopateL,rozhik,DivV,bekser,TPAXTEPPOP
gate;colony_count;level;liga;rank;bo;archeology;building;science;ra
1.00;2.00;38.50;3.00;1725941.69;386.93;74700.67;65831.67;39030.00;2.63
------CLUSTER------
percent:0.16
size:5
jeisonn35,Botar666,KilgurBT,syhoi,buzmaks
gate;colony_count;level;liga;rank;bo;archeology;building;science;ra
0.00;2.00;24.40;3.00;508998.84;83.45;14200.80;48905.40;7034.00;31.10
------CLUSTER------
percent:0.16
size:5
Alisa121,flint77,goblin2078,ilya44,Effion
gate;colony_count;level;liga;rank;bo;archeology;building;science;ra
1.00;1.00;22.40;3.00;301681.58;105.80;7081.60;38678.20;6942.80;28.47
------CLUSTER------
percent:0.16
size:5
Asmodey996633,medved_max1234,DrLightman,lzdjk1,GoGi30
gate;colony_count;level;liga;rank;bo;archeology;building;science;ra
0.00;0.00;5.00;1.00;27528.80;0.00;16.60;2040.00;508.60;48.65
------CLUSTER------
percent:0.16
size:5
Ssang,Grekoff,ominakos,serk66,setanaka
gate;colony_count;level;liga;rank;bo;archeology;building;science;ra
1.00;2.00;42.80;3.00;1196742.58;1275.82;36923.60;80947.00;31540.20;3.96
------CLUSTER------
percent:0.16
size:5
krokusar,sonOFsam,Phoenics2,Ravzik_Rine,diartp
gate;colony_count;level;liga;rank;bo;archeology;building;science;ra
0.00;2.00;31.40;3.00;1132897.65;482.18;16375.00;75750.40;14140.80;13.87
------CLUSTER------
percent:0.16
size:5
Austa,Gekon2001,rustuk,Llevella,dima_14_2010
gate;colony_count;level;liga;rank;bo;archeology;building;science;ra
0.00;2.00;37.40;3.00;930568.42;490.06;81461.80;59939.00;18697.80;15.54
------CLUSTER------
percent:0.16
size:5
185014,darik,swartalf,VIKra,werty19
gate;colony_count;level;liga;rank;bo;archeology;building;science;ra
1.00;2.00;27.80;3.00;1065016.98;245.13;9855.40;70399.40;9560.40;43.97
------CLUSTER------
percent:0.16
size:5
chuma2008,m_grigore,AlfaStrah,kren_vamm,is1n
gate;colony_count;level;liga;rank;bo;archeology;building;science;ra
1.00;2.00;37.20;3.00;2683129.24;574.51;51871.60;65469.00;33142.20;33.00
------CLUSTER------
percent:0.16
size:5
Vidocq,TJbla2e,_3mey_,KorvinCW,fora_d
gate;colony_count;level;liga;rank;bo;archeology;building;science;ra
0.00;2.00;46.80;3.00;1010035.26;2007.31;20189.40;92567.40;16250.40;7.62
------CLUSTER------
percent:0.16
size:5
97serega2009,KortesTitan,Yurge,catmad,barbasins
gate;colony_count;level;liga;rank;bo;archeology;building;science;ra
0.00;2.00;18.20;2.00;346913.58;7.03;1324.40;30842.60;4657.00;4.44
------CLUSTER------
percent:0.13
size:4
mixa81,Fight777,Stylemaster,igor1504
gate;colony_count;level;liga;rank;bo;archeology;building;science;ra
0.00;0.00;5.50;1.00;26901.75;0.00;16.00;1756.25;475.75;59.63
------CLUSTER------
percent:0.13
size:4
Alexeyxxx2,Kanbera,rijaya03,cool_vovkins
gate;colony_count;level;liga;rank;bo;archeology;building;science;ra
0.00;1.00;15.75;3.00;286719.78;2.46;566.25;16726.25;6346.50;22.92
------CLUSTER------
percent:0.13
size:4
vanya_21,Dadhunter_sergey,nugopacuk,SmokedGun
gate;colony_count;level;liga;rank;bo;archeology;building;science;ra
1.00;0.00;9.00;1.00;77314.50;0.00;35.25;5512.25;1012.00;52.75
------CLUSTER------
percent:0.13
size:4
fag07,Layba,sergiorossi,Kibenematika
gate;colony_count;level;liga;rank;bo;archeology;building;science;ra
1.00;2.00;28.75;3.00;1686948.17;142.65;15925.00;58752.50;35195.50;25.00
------CLUSTER------
percent:0.13
size:4
Barsik_ua,Lenusichka,zvukach,kostet_008
gate;colony_count;level;liga;rank;bo;archeology;building;science;ra
0.00;2.00;16.75;3.00;427317.02;3.26;1727.25;20177.75;5979.25;8.65
------CLUSTER------
percent:0.13
size:4
Wintermen,starmaxi,kolera,vinni007
gate;colony_count;level;liga;rank;bo;archeology;building;science;ra
1.00;2.00;34.50;3.00;2642077.49;448.70;14876.50;53496.00;80770.75;5.11
------CLUSTER------
percent:0.13
size:4
susaninsv,vern2,TinkyWinky,Alhulav
gate;colony_count;level;liga;rank;bo;archeology;building;science;ra
1.00;3.00;58.75;3.00;3673569.85;2918.10;58524.25;94923.00;27243.00;40.95
------CLUSTER------
percent:0.13
size:4
_knopka_,Ferling,able75,Zelenaya8
gate;colony_count;level;liga;rank;bo;archeology;building;science;ra
1.00;3.00;62.25;3.00;6385074.13;2998.23;63455.25;135698.75;17909.00;38.56
------CLUSTER------
percent:0.10
size:3
setjke,Besitzerin,Dym228
gate;colony_count;level;liga;rank;bo;archeology;building;science;ra
1.00;1.00;17.33;2.00;314376.00;6.56;2960.67;22380.00;3631.67;32.54
------CLUSTER------
percent:0.10
size:3
DARSHAN,Maximus89,Eddi4ka
gate;colony_count;level;liga;rank;bo;archeology;building;science;ra
0.00;2.00;32.33;3.00;1698637.71;191.33;32062.33;70089.00;40285.33;16.39
------CLUSTER------
percent:0.10
size:3
ReOrando,mmisher,kain8
gate;colony_count;level;liga;rank;bo;archeology;building;science;ra
1.00;1.00;17.33;2.00;371239.98;2.96;2313.33;25286.67;3559.67;17.95
------CLUSTER------
percent:0.10
size:3
Nothrog,Le_Gran,geroldin1964
gate;colony_count;level;liga;rank;bo;archeology;building;science;ra
1.00;1.00;23.33;3.00;132758.99;89.24;6283.33;42355.33;11139.00;3.70
------CLUSTER------
percent:0.10
size:3
141087,biperch,Colt943
gate;colony_count;level;liga;rank;bo;archeology;building;science;ra
1.00;3.00;33.33;3.00;1519716.75;361.12;14644.33;92380.01;15314.67;23.54
------CLUSTER------
percent:0.10
size:3
mif_ugra,roman723,hatredworld
gate;colony_count;level;liga;rank;bo;archeology;building;science;ra
1.00;3.00;37.67;3.00;2896760.85;415.64;32674.00;121091.66;27274.33;33.54
------CLUSTER------
percent:0.10
size:3
rww67,nash_48277,RAKSHAZ
gate;colony_count;level;liga;rank;bo;archeology;building;science;ra
0.00;2.00;43.67;3.00;1902240.02;1324.58;33837.66;99118.01;29961.00;19.17
------CLUSTER------
percent:0.10
size:3
Erti,danil95_09,koss1988
gate;colony_count;level;liga;rank;bo;archeology;building;science;ra
1.00;2.00;18.67;2.00;395855.98;8.07;1713.33;30291.00;3973.33;18.92
------CLUSTER------
percent:0.06
size:2
Tasman05,ComData
gate;colony_count;level;liga;rank;bo;archeology;building;science;ra
0.00;2.00;31.50;3.00;1493044.51;208.03;21416.00;62245.00;55886.50;3.65
------CLUSTER------
percent:0.06
size:2
lapik810,konan_volk
gate;colony_count;level;liga;rank;bo;archeology;building;science;ra
1.00;3.00;41.00;3.00;2684177.95;660.90;68160.50;83102.50;37273.50;29.83
------CLUSTER------
percent:0.06
size:2
chegur,SosoRivkind
gate;colony_count;level;liga;rank;bo;archeology;building;science;ra
1.00;2.00;51.00;3.00;786732.98;2483.05;40010.00;87810.00;11069.50;3.09
------CLUSTER------
percent:0.06
size:2
Draiv_t,Morrr
gate;colony_count;level;liga;rank;bo;archeology;building;science;ra
1.00;3.00;35.00;3.00;974891.93;420.52;46632.50;75203.50;23743.50;10.78
------CLUSTER------
percent:0.06
size:2
kapa74,oldvolk1
gate;colony_count;level;liga;rank;bo;archeology;building;science;ra
1.00;1.00;15.00;1.00;260035.01;2.82;380.00;16701.50;3681.50;32.41
------CLUSTER------
percent:0.06
size:2
hoNchi,ZhekaSH
gate;colony_count;level;liga;rank;bo;archeology;building;science;ra
0.00;2.00;75.50;3.00;1397986.00;5640.32;47218.50;74052.50;33545.50;2.46
------CLUSTER------
percent:0.06
size:2
DJABA_2,stop_mult
gate;colony_count;level;liga;rank;bo;archeology;building;science;ra
0.00;2.00;62.50;3.00;2936463.55;3758.49;8777.50;109389.50;17546.50;34.74
------CLUSTER------
percent:0.06
size:2
Glyants,Macedonyus
gate;colony_count;level;liga;rank;bo;archeology;building;science;ra
1.00;2.00;52.50;3.00;3308233.67;2030.66;36013.00;108240.00;44056.00;4.79
------CLUSTER------
percent:0.06
size:2
Starcros,__sid__
gate;colony_count;level;liga;rank;bo;archeology;building;science;ra
1.00;2.00;50.00;3.00;1384733.08;373.38;186767.01;89437.00;18973.00;38.79
------CLUSTER------
percent:0.06
size:2
kuxot,baka_umka
gate;colony_count;level;liga;rank;bo;archeology;building;science;ra
1.00;3.00;31.50;3.00;2028996.64;224.82;25662.50;89593.00;14415.00;34.42
------CLUSTER------
percent:0.06
size:2
Quattro2505,behappy2008
gate;colony_count;level;liga;rank;bo;archeology;building;science;ra
1.00;2.00;23.50;3.00;1534485.00;30.65;7532.50;54235.00;5650.00;35.56
------CLUSTER------
percent:0.06
size:2
WhiteCuguar,maxpvm1
gate;colony_count;level;liga;rank;bo;archeology;building;science;ra
0.00;2.00;46.50;3.00;2339130.97;1586.67;41041.00;66178.00;52219.50;22.57
------CLUSTER------
percent:0.06
size:2
iskdir,fodi
gate;colony_count;level;liga;rank;bo;archeology;building;science;ra
0.00;2.00;38.50;3.00;2592192.99;160.25;96464.00;57655.00;51277.50;27.87
------CLUSTER------
percent:0.06
size:2
erehbi,Hore
gate;colony_count;level;liga;rank;bo;archeology;building;science;ra
1.00;2.00;39.50;3.00;1902697.99;200.35;118073.00;57981.50;31278.50;25.22
------CLUSTER------
percent:0.06
size:2
wikzai,pnpnick
gate;colony_count;level;liga;rank;bo;archeology;building;science;ra
1.00;2.00;70.50;3.00;4565048.03;4524.80;52335.00;53565.00;77545.50;33.73
------CLUSTER------
percent:0.06
size:2
DeadEjig,tis1
gate;colony_count;level;liga;rank;bo;archeology;building;science;ra
1.00;3.00;67.00;3.00;4183535.97;4321.96;35896.00;99190.00;30693.00;31.40
------CLUSTER------
percent:0.06
size:2
GoldenFish,Vasilisk_
gate;colony_count;level;liga;rank;bo;archeology;building;science;ra
0.00;2.00;43.00;3.00;2306847.90;1062.11;48276.00;53371.50;77610.00;19.74
------CLUSTER------
percent:0.06
size:2
urhon,AndVarVar
gate;colony_count;level;liga;rank;bo;archeology;building;science;ra
1.00;3.00;61.50;3.00;4203823.69;1688.46;178458.00;88194.00;46998.50;35.75
------CLUSTER------
percent:0.06
size:2
0K0,TSAr_BOBr
gate;colony_count;level;liga;rank;bo;archeology;building;science;ra
0.00;2.00;36.50;3.00;2342822.98;543.70;31921.50;47750.00;73670.00;5.17
------CLUSTER------
percent:0.06
size:2
Akhinaton,OLEG_KRUTOY1
gate;colony_count;level;liga;rank;bo;archeology;building;science;ra
1.00;2.00;38.00;3.00;391030.50;13.69;132907.51;58495.50;11936.00;7.69
------CLUSTER------
percent:0.06
size:2
1GA,Fuori
gate;colony_count;level;liga;rank;bo;archeology;building;science;ra
1.00;2.00;36.00;3.00;2366877.95;568.33;19552.00;65032.50;66758.50;26.71
------CLUSTER------
percent:0.06
size:2
Nerrzool,vladimirmvmu
gate;colony_count;level;liga;rank;bo;archeology;building;science;ra
0.00;2.00;46.00;3.00;3296591.55;550.12;112226.00;103625.00;32170.00;33.54
------CLUSTER------
percent:0.03
size:1
abkbys
gate;colony_count;level;liga;rank;bo;archeology;building;science;ra
1.00;3.00;127.00;3.00;56574670.00;24388.00;96914.00;139585.00;14279.00;44.77
------CLUSTER------
percent:0.03
size:1
serg4100
gate;colony_count;level;liga;rank;bo;archeology;building;science;ra
1.00;3.00;145.00;3.00;34218662.40;49315.00;102222.00;130315.00;31036.00;41.24
------CLUSTER------
percent:0.03
size:1
sevilla135
gate;colony_count;level;liga;rank;bo;archeology;building;science;ra
1.00;3.00;99.00;3.00;17977267.59;9252.70;48523.00;95050.00;84438.00;36.19
------CLUSTER------
percent:0.03
size:1
XXxLLlll
gate;colony_count;level;liga;rank;bo;archeology;building;science;ra
1.00;3.00;117.00;3.00;14446068.79;16271.00;39914.00;152307.00;26069.00;68.35
------CLUSTER------
percent:0.03
size:1
Dorca_Forbarra
gate;colony_count;level;liga;rank;bo;archeology;building;science;ra
1.00;3.00;44.00;3.00;12045250.60;1077.02;38561.00;125292.00;14890.00;50.44
------CLUSTER------
percent:0.03
size:1
wadicaz
gate;colony_count;level;liga;rank;bo;archeology;building;science;ra
1.00;2.00;95.00;3.00;10298920.13;9094.14;32928.00;80700.00;28868.00;43.38
------CLUSTER------
percent:0.03
size:1
ploher1
gate;colony_count;level;liga;rank;bo;archeology;building;science;ra
1.00;2.00;135.00;3.00;9310405.60;32856.30;110578.00;84122.00;47862.00;17.28
------CLUSTER------
percent:0.03
size:1
narkommax
gate;colony_count;level;liga;rank;bo;archeology;building;science;ra
0.00;3.00;146.00;3.00;9038838.22;52397.70;174578.00;156785.00;21445.00;37.33
------CLUSTER------
percent:0.03
size:1
veeroshek
gate;colony_count;level;liga;rank;bo;archeology;building;science;ra
1.00;3.00;88.00;3.00;8573752.01;7603.38;51073.00;91025.00;30520.00;37.70
------CLUSTER------
percent:0.03
size:1
imperationne
gate;colony_count;level;liga;rank;bo;archeology;building;science;ra
1.00;2.00;71.00;3.00;7644050.84;4420.89;48937.00;78189.00;44975.00;38.46
------CLUSTER------
percent:0.03
size:1
xxDRONxx
gate;colony_count;level;liga;rank;bo;archeology;building;science;ra
0.00;2.00;56.00;3.00;7609501.31;2394.76;19012.00;123845.00;24228.00;36.57
------CLUSTER------
percent:0.03
size:1
vldimirpetrenk
gate;colony_count;level;liga;rank;bo;archeology;building;science;ra
1.00;3.00;55.00;3.00;7007567.10;2758.44;34928.00;115900.00;15307.00;38.97
------CLUSTER------
percent:0.03
size:1
nicknh
gate;colony_count;level;liga;rank;bo;archeology;building;science;ra
1.00;3.00;108.00;3.00;6247802.08;10707.00;177056.01;74848.00;85356.00;34.55
------CLUSTER------
percent:0.03
size:1
Michelok
gate;colony_count;level;liga;rank;bo;archeology;building;science;ra
1.00;2.00;38.00;3.00;5286738.85;0.08;32921.00;48302.00;144241.00;27.49
------CLUSTER------
percent:0.03
size:1
sanya88
gate;colony_count;level;liga;rank;bo;archeology;building;science;ra
0.00;3.00;51.00;3.00;4853646.13;2308.99;15166.00;125945.00;25321.00;35.31
------CLUSTER------
percent:0.03
size:1
yurhome
gate;colony_count;level;liga;rank;bo;archeology;building;science;ra
1.00;3.00;31.00;3.00;4788755.01;39.21;736.00;135910.00;8210.00;46.53
------CLUSTER------
percent:0.03
size:1
OlinVolk
gate;colony_count;level;liga;rank;bo;archeology;building;science;ra
1.00;2.00;39.00;3.00;4691365.86;95.80;25916.00;39540.00;170214.00;9.08
------CLUSTER------
percent:0.03
size:1
Scvoch_Master
gate;colony_count;level;liga;rank;bo;archeology;building;science;ra
1.00;3.00;41.00;3.00;4508571.11;309.91;58124.00;91611.00;69581.00;32.03
------CLUSTER------
percent:0.03
size:1
xXxRAWENxXx
gate;colony_count;level;liga;rank;bo;archeology;building;science;ra
1.00;3.00;39.00;3.00;4425447.98;458.73;26026.00;149810.00;20400.00;35.06
------CLUSTER------
percent:0.03
size:1
oleg731389
gate;colony_count;level;liga;rank;bo;archeology;building;science;ra
0.00;3.00;42.00;3.00;4246368.84;1038.43;31124.00;82750.00;63799.00;31.90
------CLUSTER------
percent:0.03
size:1
nataha_22
gate;colony_count;level;liga;rank;bo;archeology;building;science;ra
1.00;3.00;51.00;3.00;3899633.08;1925.68;47153.00;110055.00;12587.00;48.05
------CLUSTER------
percent:0.03
size:1
Zomba_Inc
gate;colony_count;level;liga;rank;bo;archeology;building;science;ra
1.00;2.00;64.00;3.00;3846862.07;3004.96;132211.00;81316.00;17570.00;33.67
------CLUSTER------
percent:0.03
size:1
krestnik98
gate;colony_count;level;liga;rank;bo;archeology;building;science;ra
1.00;3.00;98.00;3.00;3648513.16;9445.52;54929.00;100454.00;64831.00;8.95
------CLUSTER------
percent:0.03
size:1
Ziker
gate;colony_count;level;liga;rank;bo;archeology;building;science;ra
1.00;3.00;95.00;3.00;3627964.11;8130.90;109299.00;118860.00;24775.00;42.24
------CLUSTER------
percent:0.03
size:1
Kolokolnik
gate;colony_count;level;liga;rank;bo;archeology;building;science;ra
0.00;3.00;63.00;3.00;3540042.93;3998.92;11259.00;124762.00;15317.00;23.46
------CLUSTER------
percent:0.03
size:1
APOHAP
gate;colony_count;level;liga;rank;bo;archeology;building;science;ra
1.00;2.00;45.00;3.00;3234871.04;912.73;63747.00;83285.00;38766.00;31.15
------CLUSTER------
percent:0.03
size:1
Mic
gate;colony_count;level;liga;rank;bo;archeology;building;science;ra
0.00;2.00;35.00;3.00;3199576.07;0.02;14689.00;45513.00;138350.00;18.54
------CLUSTER------
percent:0.03
size:1
shmaks007
gate;colony_count;level;liga;rank;bo;archeology;building;science;ra
0.00;3.00;37.00;3.00;3178624.05;612.53;30901.00;92367.00;36451.00;32.66
------CLUSTER------
percent:0.03
size:1
Kulikov10341
gate;colony_count;level;liga;rank;bo;archeology;building;science;ra
1.00;2.00;69.00;3.00;3104651.07;4360.47;68249.00;79095.00;35474.00;28.75
------CLUSTER------
percent:0.03
size:1
yura111
gate;colony_count;level;liga;rank;bo;archeology;building;science;ra
1.00;3.00;114.00;3.00;3014124.96;14899.40;74921.00;135858.00;20887.00;13.49
------CLUSTER------
percent:0.03
size:1
LoneWolf2004
gate;colony_count;level;liga;rank;bo;archeology;building;science;ra
1.00;2.00;45.00;3.00;2914175.98;120.04;127723.00;55725.00;84859.00;15.38
------CLUSTER------
percent:0.03
size:1
tsef666
gate;colony_count;level;liga;rank;bo;archeology;building;science;ra
1.00;2.00;38.00;3.00;2673441.03;643.86;30018.00;72825.00;61910.00;16.27
------CLUSTER------
percent:0.03
size:1
Vadyuxa
gate;colony_count;level;liga;rank;bo;archeology;building;science;ra
1.00;2.00;46.00;3.00;2609392.09;416.08;151208.00;69825.00;35481.00;32.03
------CLUSTER------
percent:0.03
size:1
Encephalon
gate;colony_count;level;liga;rank;bo;archeology;building;science;ra
1.00;3.00;40.00;3.00;2313652.98;0.90;59200.00;80520.00;112340.00;6.43
------CLUSTER------
percent:0.03
size:1
jeesus
gate;colony_count;level;liga;rank;bo;archeology;building;science;ra
0.00;3.00;113.00;3.00;2308722.99;15558.00;17920.00;92800.00;18840.00;37.45
------CLUSTER------
percent:0.03
size:1
red_panda
gate;colony_count;level;liga;rank;bo;archeology;building;science;ra
0.00;2.00;69.00;3.00;2250134.94;4576.76;28238.00;51713.00;63771.00;12.86
------CLUSTER------
percent:0.03
size:1
Samuraij
gate;colony_count;level;liga;rank;bo;archeology;building;science;ra
0.00;2.00;93.00;3.00;2240062.10;8700.05;55346.00;59100.00;41651.00;6.43
------CLUSTER------
percent:0.03
size:1
vaz21047
gate;colony_count;level;liga;rank;bo;archeology;building;science;ra
1.00;2.00;56.00;3.00;2228521.99;2922.15;34632.00;49571.00;68017.00;4.67
------CLUSTER------
percent:0.03
size:1
lheu4
gate;colony_count;level;liga;rank;bo;archeology;building;science;ra
1.00;2.00;110.00;3.00;1892369.08;13558.30;43816.00;148619.00;21059.00;50.95
------CLUSTER------
percent:0.03
size:1
moer
gate;colony_count;level;liga;rank;bo;archeology;building;science;ra
0.00;2.00;61.00;3.00;1876966.04;3808.70;25655.00;79985.00;31361.00;31.65
------CLUSTER------
percent:0.03
size:1
HTML2k
gate;colony_count;level;liga;rank;bo;archeology;building;science;ra
1.00;2.00;83.00;3.00;1875567.04;5184.76;157214.00;104834.00;19526.00;2.52
------CLUSTER------
percent:0.03
size:1
SmallGoblin
gate;colony_count;level;liga;rank;bo;archeology;building;science;ra
1.00;3.00;31.00;3.00;1784663.05;395.77;10690.00;67652.00;28231.00;24.72
------CLUSTER------
percent:0.03
size:1
mdkChaos
gate;colony_count;level;liga;rank;bo;archeology;building;science;ra
0.00;2.00;41.00;3.00;1710691.02;561.11;30574.00;126615.00;28359.00;23.58
------CLUSTER------
percent:0.03
size:1
nuBac
gate;colony_count;level;liga;rank;bo;archeology;building;science;ra
1.00;3.00;51.00;3.00;1704744.03;1239.93;93739.00;123610.00;24525.00;28.25
------CLUSTER------
percent:0.03
size:1
Kerk_
gate;colony_count;level;liga;rank;bo;archeology;building;science;ra
1.00;2.00;40.00;3.00;1564674.00;1233.60;26424.00;100285.00;8718.00;37.58
------CLUSTER------
percent:0.03
size:1
BierMeister
gate;colony_count;level;liga;rank;bo;archeology;building;science;ra
0.00;2.00;105.00;3.00;1553870.05;11275.20;83031.00;79501.00;43466.00;6.81
------CLUSTER------
percent:0.03
size:1
13lena
gate;colony_count;level;liga;rank;bo;archeology;building;science;ra
1.00;3.00;39.00;3.00;1473414.03;516.52;69294.00;90661.00;12713.00;59.14
------CLUSTER------
percent:0.03
size:1
morkovko2010
gate;colony_count;level;liga;rank;bo;archeology;building;science;ra
1.00;3.00;47.00;3.00;1455335.03;123.08;171438.01;95830.00;13105.00;47.54
------CLUSTER------
percent:0.03
size:1
kisskisa
gate;colony_count;level;liga;rank;bo;archeology;building;science;ra
1.00;2.00;33.00;3.00;1444015.05;305.70;7350.00;105882.00;25898.00;29.38
------CLUSTER------
percent:0.03
size:1
Pogrebspivom
gate;colony_count;level;liga;rank;bo;archeology;building;science;ra
1.00;2.00;72.00;3.00;1414972.98;5287.87;46520.00;44439.00;31017.00;4.04
------CLUSTER------
percent:0.03
size:1
LEXA6P9HCK
gate;colony_count;level;liga;rank;bo;archeology;building;science;ra
1.00;2.00;25.00;3.00;1360000.95;4.16;817.00;26231.00;56101.00;3.91
------CLUSTER------
percent:0.03
size:1
oleoleola
gate;colony_count;level;liga;rank;bo;archeology;building;science;ra
0.00;2.00;130.00;3.00;1352493.01;27862.10;51423.00;66352.00;37035.00;38.59
------CLUSTER------
percent:0.03
size:1
indau
gate;colony_count;level;liga;rank;bo;archeology;building;science;ra
0.00;2.00;49.00;3.00;1201960.98;2772.14;27177.00;46090.00;15409.00;30.14
------CLUSTER------
percent:0.03
size:1
Warrioriss
gate;colony_count;level;liga;rank;bo;archeology;building;science;ra
0.00;2.00;74.00;3.00;1025813.97;5329.33;50597.00;100600.00;13407.00;3.53
------CLUSTER------
percent:0.03
size:1
st12dk
gate;colony_count;level;liga;rank;bo;archeology;building;science;ra
0.00;2.00;25.00;3.00;1014393.99;27.97;2063.00;26253.00;53949.00;11.35
------CLUSTER------
percent:0.03
size:1
Prince_Zart_Arn
gate;colony_count;level;liga;rank;bo;archeology;building;science;ra
0.00;3.00;47.00;3.00;959372.02;1149.53;95797.00;91131.00;17372.00;36.95
------CLUSTER------
percent:0.03
size:1
KOPOHA_P
gate;colony_count;level;liga;rank;bo;archeology;building;science;ra
1.00;2.00;35.00;3.00;911751.98;72.47;84315.00;48420.00;37406.00;11.10
------CLUSTER------
percent:0.03
size:1
Inna2010
gate;colony_count;level;liga;rank;bo;archeology;building;science;ra
0.00;2.00;40.00;3.00;889257.97;24.78;147151.00;54095.00;19359.00;4.41
------CLUSTER------
percent:0.03
size:1
Vimarster
gate;colony_count;level;liga;rank;bo;archeology;building;science;ra
1.00;2.00;46.00;3.00;874367.01;855.87;132936.00;64710.00;21936.00;49.45
------CLUSTER------
percent:0.03
size:1
combik
gate;colony_count;level;liga;rank;bo;archeology;building;science;ra
1.00;2.00;22.00;3.00;690403.98;38.40;824.00;51221.00;3567.00;69.99
------CLUSTER------
percent:0.03
size:1
kenata
gate;colony_count;level;liga;rank;bo;archeology;building;science;ra
1.00;2.00;22.00;3.00;607704.00;39.40;140.00;46588.00;4613.00;51.83
------CLUSTER------
percent:0.03
size:1
Fantom1990
gate;colony_count;level;liga;rank;bo;archeology;building;science;ra
1.00;2.00;107.00;3.00;546938.00;13748.70;0.00;56962.00;6377.00;6.43
------CLUSTER------
percent:0.03
size:1
narkotikmax
gate;colony_count;level;liga;rank;bo;archeology;building;science;ra
1.00;1.00;19.00;3.00;535272.01;6.72;4112.00;27159.00;5765.00;15.38
------CLUSTER------
percent:0.03
size:1
BlackseaClown
gate;colony_count;level;liga;rank;bo;archeology;building;science;ra
0.00;1.00;22.00;3.00;531616.99;39.91;4649.00;38845.00;9896.00;24.21
------CLUSTER------
percent:0.03
size:1
TANKER
gate;colony_count;level;liga;rank;bo;archeology;building;science;ra
1.00;0.00;18.00;2.00;479724.99;0.00;0.00;1440.00;34117.00;5.17
------CLUSTER------
percent:0.03
size:1
shaeh
gate;colony_count;level;liga;rank;bo;archeology;building;science;ra
1.00;2.00;37.00;3.00;402408.99;808.08;27382.00;98155.00;12629.00;8.58
------CLUSTER------
percent:0.03
size:1
Gefard
gate;colony_count;level;liga;rank;bo;archeology;building;science;ra
1.00;2.00;87.00;3.00;360493.99;101.10;678722.00;70825.00;14009.00;10.65
------CLUSTER------
percent:0.03
size:1
Great_World
gate;colony_count;level;liga;rank;bo;archeology;building;science;ra
1.00;2.00;16.00;2.00;349861.99;0.13;1402.00;18037.00;3988.00;28.63
------CLUSTER------
percent:0.03
size:1
Arhimagistrat
gate;colony_count;level;liga;rank;bo;archeology;building;science;ra
1.00;1.00;32.00;3.00;315575.99;35.79;87780.00;35984.00;18914.00;3.66
------CLUSTER------
percent:0.03
size:1
Vestring
gate;colony_count;level;liga;rank;bo;archeology;building;science;ra
1.00;1.00;17.00;2.00;292950.00;24.71;0.00;24378.00;3600.00;64.82
------CLUSTER------
percent:0.03
size:1
slaziz
gate;colony_count;level;liga;rank;bo;archeology;building;science;ra
0.00;1.00;18.00;2.00;269759.99;13.43;489.00;24985.00;5545.00;20.55
------CLUSTER------
percent:0.03
size:1
ice_76
gate;colony_count;level;liga;rank;bo;archeology;building;science;ra
1.00;1.00;15.00;1.00;263292.99;1.34;328.00;18832.00;2638.00;17.40
------CLUSTER------
percent:0.03
size:1
Romancool
gate;colony_count;level;liga;rank;bo;archeology;building;science;ra
1.00;0.00;9.00;3.00;227399.01;0.00;6.00;6077.00;915.00;35.44
------CLUSTER------
percent:0.03
size:1
A_nti_P
gate;colony_count;level;liga;rank;bo;archeology;building;science;ra
1.00;2.00;78.00;3.00;207545.00;551.36;524270.01;59420.00;12604.00;12.50
------CLUSTER------
percent:0.03
size:1
AGA000
gate;colony_count;level;liga;rank;bo;archeology;building;science;ra
0.00;1.00;9.00;3.00;40673.00;0.32;390.00;3275.00;3017.00;4.04
------CLUSTER------
percent:0.03
size:1
Shayle
gate;colony_count;level;liga;rank;bo;archeology;building;science;ra
1.00;0.00;8.00;3.00;2531.00;0.40;412.00;1500.00;2381.00;20.55
