14:52:56 06.12.2011
hierarhy - mst: 31.03
hierarhy - kmeans: 20.11
------CLUSTER------
percent:6.80
size:137
Virtual3000,_KingeR_,jplus,misha277,zazszxc,legionre,wwwmoly,Bloody_Oracle,vetall3333333333,dimman,Vladik,hudenkei,___Papand___,T3471,sania321321321,logarto,drakonramil,Sezostris,fdhgdjsfg,ldzutte,PrislugaXXXX,MDMDMD,STALKER82,NewDew,Slavik311,bankai,ZloiKakaha,papaje,FausT13,ezgard_152,ArtemG,chebor2,Nyrok111,waterdemon,king1996,VKZi,rendom_,Tkach1977,fakn,hdhdi,asasineras,the_unfogiven,sp_stalker,Markach,1234re,24157,zqd,oleg345678910,Maru_007,jimkaz,amalika,Mihaildov,konsollll,Overheat,frigate_super,AnnitaMult,vovan200,Jin6,bambula88,Andrey312A,DSMonitoring,MegaQ,Gvorin,SLY78,Virgos,Vit_Illi4,Annabellru,dizz04,Necris88,dimaffr,oniko6221,dinara_z,OTEC_VAWU_MATb,ilol112,nik020286,PAPAND_THE_MIGHTY,kenshinsama,ZNASA,garik1221,farmerama,vandal76rus,pro100makc,v031099,MrSeregal,Rollty,Banifacyu,drdrdr,artyomik99,Elmon104,vhyp9u,McWeS,tatouzov,Z08,NA2,ASSASIN_DG,MrSmit96,lLightSoul,shavel5,bibded,Podzemelye,kyaroslav2002,wolkodaw32,Pavlo2,vanya232,domcrat,Lider17,DoKToR01,KycTaPHuK,Termitall,artimassar,zik444,moskownyy,malakhov26,Nanocrystalcorp,mjfgto,igrik241,Swapper,ac220,Enzo,Dank0,germanick,DraGneR,Slava_fv,AntonFedchin,Timorfeus,SlastenaN,Dase333,Dizo88,Razorpain,pensioner1917,taratusik,Tr0r,Darth_Reservoir,SAV81,Makic,kostyantin,Grubastuk
gate;colony_count;level;liga;rank;bo;archeology;building;science;ra
0.00;0.00;2.72;1.00;5855.41;0.06;65.28;1149.51;436.26;1.83
------CLUSTER------
percent:3.03
size:61
tension,vtar1,TSTST,AivengoBill,OYMA,kristel,Juurka,Mad_Wolverine,Kronuss,TucKan_new,NG33x,__T__,lizardlp,hosaen,Villion,_Terracot_,_GM_,Booltasaur,engenertv,million09,smoukis,zenith1111,_renDom__,PRIVatizator,autosoft1,Fatemaster,Satanika,InfernoKiller,kotabus,zuravl,frost10,Stibium,Aleiiika,SanchoPanso,lekomcev1975,Wscor,erier,Liks41,kobx,ignors,Zloy_Pahan,xzeroqoolx,Master_of_souls,LANCELOT1,Gop__Stop,DebianLinux,neon777,divine7782,PinakoladA,New73,Crazybadboy,denistaenchuck,Hakkon,viktoreg,LexxKillerDS,MiMiDom,avz71,IStrok,vogak2010,nata135,Andrey_SnAkE
gate;colony_count;level;liga;rank;bo;archeology;building;science;ra
1.00;2.00;26.89;3.00;244908.11;182.16;14828.11;58731.53;13866.21;0.74
------CLUSTER------
percent:2.63
size:53
DrSEM,Klikushutka,RWorld1,Trance_goa,tpso,voleri_moon,asd201073,musso01,watson3,tinishka,mr_black,opaque,aeca,Mifistia,R_Killer,Boritodog,amenist,HarRam,_Cruiser_,HerMaior2,Pauls1000,Cherniy_,bubzi,koka1978,roman723,D_i_d_a,Arthur22,KEVin_Virs,0ffice7,xnopa,Teyssi,BIPOLAR,Kos74,Medinat_Israel,myxomopuwe,icewind666,XPOMOCOMA,cferka,gidr0s,bova199,cl0n,zoolosur,valenkovoz,GoriK2112,demension,Zelenaya8,Evgench,NE_yeskela,Pross,wariorre,insaid3,usch83,alesya85
gate;colony_count;level;liga;rank;bo;archeology;building;science;ra
0.00;3.00;31.47;3.00;392936.76;261.55;32899.74;79537.09;15705.08;1.04
------CLUSTER------
percent:2.28
size:46
Probotektor,voydan,1Kadyr,0lo_lo,6irins,__SITH__,Shevy,Vongmaers,Dina74,qkolegua,martash,Gmen9696,benalmadena,DogPsolao,Botmaster,mr_molotok,Alehanua,Stooper,mr_utyg,cash22,evgenij22,shyverovasv,YN12,TEROMAX,ivanharlanov,Warrioriss,Nimfa1988,bo2,U_N_D_E_R,rustymattok,xXxRAWENxXx,Acid_Rain79,Bambi,minato,drummer_vzik,ioryi,Lev_Sha,cepera010,Vedaz,Lukast,4atloman,gafster_904,Alykar,rockbear,CIHLID,abvipan1
gate;colony_count;level;liga;rank;bo;archeology;building;science;ra
0.00;0.00;8.59;3.00;30552.93;1.66;1174.02;4975.41;3025.30;1.14
------CLUSTER------
percent:2.28
size:46
sanjok27,I_KEA,Queter,JIECTAT,itergalinskaya,Maugis,MABEFAS,Librium,mexanik197213,MaestroGaD,BrFoxx,228grob,frankinstejn666,perchikov00,arbyz47,marklevant,MAKOVA,SSpieleRR,overwhlmerr,XvalodiaX,boudi,HAMIS,lesha04,Rakushka32,mjoy73,avaldus,dardemons,david76ra,skvo9,Fray77,kojkjv,petrovich1972,Hamlo666,Ksandrik,DevilDark,lihach1986,Rifone,mishanyyyyy,Volcharo,dtasca,BAS007,ashtar7,yida,Negodjay,Vcentr,filnord
gate;colony_count;level;liga;rank;bo;archeology;building;science;ra
0.00;0.00;3.07;2.00;8916.22;0.72;36.07;1588.20;930.11;1.68
------CLUSTER------
percent:2.04
size:41
HRomiK,yulik555,tamerlanII,FDM,Slonopotamius,RPM,Nevr13,kmsTroll,Just_moment,TARAN777,Cheshire_Cat,Zeus_S_Olimpa,akbars,JustPlay,HellDog,pakemon07,pav052,Bop_Ha_Bope,Bukharev,Alienora,_Docent_,Wildd,dirhammer,Divanovich,Jarodus,Barkys,ns_lsb,AndrBriz,pankent,056098,HANSA,chamsu,D_i_e_s_e_L,Ari_Man,AntoLLIka,Galsakh,Saracinus,DARK_SHINOBY,dest_lid,Kris_tall,Dimka2424
gate;colony_count;level;liga;rank;bo;archeology;building;science;ra
0.00;3.00;33.56;3.00;293073.61;346.94;34263.66;71569.10;36585.10;1.02
------CLUSTER------
percent:1.64
size:33
acronix,Juicer,misteranl,Chronon,tom1210,SaintAngel,zloy_mag,VDanil,iomega,_BAHO_,Stychalovec,Diavolo666,Ben_Gun,Bazzilic,SergeyF,Augusto_Pinochet,IJOP,razrus,WERpo,tiks07,pristig,tolyan_senk,Dark_Bes,YukaChai,LaTerre,Cruiser57,Lord_Readl,Djim77,gvozdoder123,Unit3,MAGAS_06,neoIXP,Goryshko
gate;colony_count;level;liga;rank;bo;archeology;building;science;ra
0.00;3.00;31.30;3.00;342476.58;110.23;24040.30;55482.57;62207.27;1.19
------CLUSTER------
percent:1.64
size:33
Gremla,Noiret,pettka,trigger777,Hrundelek,Blantman,Sepuka,fetor,sheisright,_The_Undertaker_,Bayov,StepanRazin,jura_sc,StDrongo,Den1ss,SmallNightmare,stiks1,Mraker,Divon,METALL2008,lemesh_vika,vladislavich5555,Vansu,progun71,Myth911,tram2,abdrapapupa,tiktaki,krugger1,Mol4anie,Svolik,Arar001,belts
gate;colony_count;level;liga;rank;bo;archeology;building;science;ra
0.00;2.00;24.45;3.00;220904.60;89.83;9677.36;46900.57;16134.45;2.16
------CLUSTER------
percent:1.54
size:31
NG33x_team,markant,autopart,rka1999,winamp039,vecis42,nicotinlex,zveroboy71,Maskarat,psix2033,PinkiePie,Annita,Hatreth,Sovenok1,vladlorte,mirsanbelbek,freedpool,KJIuH,4EPT_uk,Kabby,_IV_,rav__war,Bulgari07,Barret68,SIIaPT,Shtoltz,Method123,5126,Starcros,Dark_Claw,MozgWares
gate;colony_count;level;liga;rank;bo;archeology;building;science;ra
1.00;0.00;9.42;1.00;45032.39;0.34;162.94;6521.42;1487.68;0.95
------CLUSTER------
percent:1.54
size:31
PAMbl4,CapBlack,Puzirkin,kyk37,chupa4u,lidialion,Burgyi,xolodets1,Maim72,goldperi,nata67,brain4you,per4ilo,tamaga,xolodets2,pcb,voloch78,kodish,BenTehc,direangel,kon_ivan6796,mdkChaos,shvec1977,Barsellius,cdochita,aleks222134,santerishe,F_A_N,mi_24,Tormgor,_baldur_
gate;colony_count;level;liga;rank;bo;archeology;building;science;ra
0.00;3.00;24.52;3.00;226749.97;32.45;13571.26;46615.55;16313.48;1.33
------CLUSTER------
percent:1.39
size:28
cucushka,dimasterl,SensaUno,asket3103,Zloy_Kaban,baubrr,kodex333,questionbig,Regisio,9InoH4uk,Hiro_Nakamura,skywitch,konopatyi,Warrkan,haos76,sfera_me4t,Leggg,Yuli23,Andy_Panda,Amazonka87,femida511,K_U_G_U_A_R,RoomWoodpecker,Cepera_001,20121965,Feanor_1,Mictian,redrum7
gate;colony_count;level;liga;rank;bo;archeology;building;science;ra
1.00;3.00;38.14;3.00;360800.45;396.44;75719.75;83801.57;23207.07;1.11
------CLUSTER------
percent:1.34
size:27
Sam_Gold,stetsulya,DarknessOrk,Shadowman86,MexWars,artserg,yuiop5655,t_grigore,Rek13,dfujy,zmr16,DEBCHENNKA,intcorp,n0name116,mad_berserker,Dzentei,CeMb,AlexJSpecnaz,RadioVideo,RustamB,wlad48ru,SUPERGUS,aivamar,Phantom77,pilot454,CrimeaWolf,Despite
gate;colony_count;level;liga;rank;bo;archeology;building;science;ra
1.00;3.00;28.26;3.00;325698.63;144.73;18805.93;71558.70;14287.70;0.87
------CLUSTER------
percent:1.34
size:27
Avir,nikolsem,Rudini,Ve4eslavi4,Tabletko,Turoxid,Buffy96,AZY,Glazyr,falkon777,GnomKozak,AndrewsAnswer,lissard,evg0220,VadimTreshhenok,dmianatolevich,OldRedvirus,Akinka,Xima14,tsl,atamas,andrewka_ch,dispen,Quorthon,lordvsehzemel,GukovR,Andy_ok
gate;colony_count;level;liga;rank;bo;archeology;building;science;ra
0.00;3.00;30.07;3.00;301850.19;185.05;29506.96;65548.78;23977.85;6.59
------CLUSTER------
percent:1.24
size:25
COOLUR,RUMACTEP,xxx_77,Voltdveller,provincija,f01001,townN,nokia89,XmmX,BOP_BOP,Vaago,neAngel_Ok,LumpiPumpi,Primery,ApostolVS,bmv005,SammLight,vasecheggg,terra_l,VVIIKK,Prezident_EAO,mdeagle,caVVen,nh777,koluxan
gate;colony_count;level;liga;rank;bo;archeology;building;science;ra
1.00;3.00;33.00;3.00;417183.38;392.37;27836.92;89917.87;16360.48;0.72
------CLUSTER------
percent:1.24
size:25
Bizon1979,VisMedicatrix,blizard_sis,M_600,HWoTer,Changes_for_good,megazz13,artist2,negson,McBot,trifonce,MiKhA_AZ,Aboltuss,RevengeAngel,Zuheben,Mamay,sPINnINC,Safm,paspartu,gifft,mig1079,esqwerdo,Pavel_kpi,Shiiva,Narval2
gate;colony_count;level;liga;rank;bo;archeology;building;science;ra
0.00;3.00;38.64;3.00;394189.05;315.30;56134.00;78628.68;65239.32;1.76
------CLUSTER------
percent:1.19
size:24
kpuBeDKo,SyberiaKIN,Colonel329,l_ZERO_l,Cancerdok,rokier,siroliver,hedgamahog,Kelani,Gryzovik,G_R_O_U_N_D,allinone,Nov2006,suplik,tamagotchi2009,Mushikana,warlord25,Belka0822,MIKARON,koleg02,raind,Interponyo,Gunga,zorkiyglaz
gate;colony_count;level;liga;rank;bo;archeology;building;science;ra
1.00;0.00;12.12;3.00;65963.75;5.79;1209.71;9223.54;3360.87;0.63
------CLUSTER------
percent:1.19
size:24
rita1966,rypon,ZloyFenix,iluzij,reierk,homchikv,Rapper777,Segal,pasha_BFG,DigRuz,snoopy_s,togwar,elhar_kesser,nillcontent,westfal,MrZet,vvm4,272086612,ImafiozoI,tamaralove,Veselchak,Ellund,artemimarat,XLYANDER
gate;colony_count;level;liga;rank;bo;archeology;building;science;ra
1.00;3.00;25.54;3.00;256516.16;78.07;13854.88;55150.00;14751.58;0.87
------CLUSTER------
percent:1.14
size:23
i_65,San_ya,Azart2004,kizzi,padovanlelik,Foreis,capitansumy,GRAV1Capa,Lynkz,ZaykaSET,trotz,GeraltII,oks61,pElot,Zoldaten,ISa_,AntiMinus,smalpilot,LG3000,Le_Gran,Slava_vf,Vilor,D_vitaly
gate;colony_count;level;liga;rank;bo;archeology;building;science;ra
0.00;3.00;38.30;3.00;479359.25;196.82;46835.91;71547.44;89757.60;2.17
------CLUSTER------
percent:0.89
size:18
zero_1992,dumai,Lala_Zor,Alex1236,Mishael_D,medik952,Xroftsh,bpffng,klepikovalex,Antist,maximelan,besarion1966,Lesha1597,shnyak,SacredPhoenix,AsBloodRunsBlack,revash1,Friagn
gate;colony_count;level;liga;rank;bo;archeology;building;science;ra
1.00;0.00;10.17;2.00;40280.83;1.55;353.06;7673.28;1547.39;0.27
------CLUSTER------
percent:0.89
size:18
timikan,nuu,FANTOM_1,Carateli,tigriusus,Pest007,lavrsss,kolirts,anastas1256,SLBE,sanyapro96,Crash_777,Violiator,pafnut_1,Romanwar,hlopak,woodooas,sheleg3s
gate;colony_count;level;liga;rank;bo;archeology;building;science;ra
0.00;3.00;35.00;3.00;487349.08;213.49;53039.11;87685.16;25301.17;7.80
------CLUSTER------
percent:0.89
size:18
bugor,Destructed,ig62,NAZA10,domovoika,varvar007,Ognakan,kettybree,gidromodul,nenep,syfiy,Lokotof,serlili,zoloto5,drakon4777,Mafiy7,ghjk2011,olyyaa6
gate;colony_count;level;liga;rank;bo;archeology;building;science;ra
1.00;3.00;30.67;3.00;438194.29;329.76;26937.89;74351.89;12675.11;7.78
------CLUSTER------
percent:0.84
size:17
romzes_27,WEnDi,Garielum,kostya_k,otmena2,kot21,magnuss,PIRAMIDAAA,Gloomey,Osel_i_Skyns,Botar666,Mr_Y,SvetZil,polika,myasnikoff,22voron22,RZV09
gate;colony_count;level;liga;rank;bo;archeology;building;science;ra
1.00;1.00;17.71;3.00;125998.12;27.43;2417.65;21660.06;6386.82;0.58
------CLUSTER------
percent:0.84
size:17
Ivanauskas,LvVS,Zerotool,papikserg,mr_V,Milansir,SUPERSHTORMER,Tigra5547,mihaelzub,asd645,Luks,vestem,1as,JohnnyMnemonic,mework,ball1,Dendnepr
gate;colony_count;level;liga;rank;bo;archeology;building;science;ra
1.00;2.00;30.59;3.00;330235.28;380.37;19992.77;52884.00;37017.30;2.20
------CLUSTER------
percent:0.79
size:16
l_ZERR0_l,TYAHY4KA,mari1988,ath1ete,bilirubin,Progressiveage,Daine,Antigrenok,Avova,uhtr,x_Key_Dach_x,Maloy1992,varankom,augur,Trils,Greebnick
gate;colony_count;level;liga;rank;bo;archeology;building;science;ra
1.00;2.00;20.19;3.00;203688.32;19.20;3070.81;35230.13;7000.56;0.44
------CLUSTER------
percent:0.79
size:16
_ASTERICS_,maxsolod,Navudonohosor,YASEMIN,V1t_Krivbass,Karibo,cdi,baddron,Shao_Khan,TOM4S,villum,pticalovkach_716,Dolomit,Helgi_Tornson,Inna2010,mikrostov
gate;colony_count;level;liga;rank;bo;archeology;building;science;ra
0.00;3.00;44.31;3.00;299385.31;664.71;116369.44;80147.81;20592.31;2.44
------CLUSTER------
percent:0.79
size:16
Malenjkui,Azarov,igoresha20,nifigasibenick,Yokel,guligo,lyda,Vasilich222,KtO_TaM,LIVEFREE_DIERESPECT,Kempes,natanel55,maknim,nioman,Jin83,Gretthen
gate;colony_count;level;liga;rank;bo;archeology;building;science;ra
0.00;2.00;28.38;3.00;251229.49;224.48;20520.62;58054.37;19633.00;15.98
------CLUSTER------
percent:0.74
size:15
Encephalon,Restruktor,Razzielll,_MOLODOY_,Q21,Dirt_fear,UNeron,dronkir,igor_777,nemezida82,OlegT78,derektor1133,Horner,strilok335,sherbak
gate;colony_count;level;liga;rank;bo;archeology;building;science;ra
0.00;3.00;38.80;3.00;586246.87;721.51;34861.93;108097.66;22411.80;1.11
------CLUSTER------
percent:0.74
size:15
allizunov,ufnm1,strigvald,Augur13,Turkababa,_PioNeeR_,Max8080,2d_monah,Geri3,sahek,favorit08,Alexander81,assapetuhov,nut2008,gor1517
gate;colony_count;level;liga;rank;bo;archeology;building;science;ra
0.00;3.00;39.60;3.00;611978.53;658.18;49269.13;73760.54;50661.07;30.56
------CLUSTER------
percent:0.65
size:13
mrazzz,Iris6529,nikmar,HeshBala,Martynes,StalkersShade,Mapis,solomon41,dimakyl,VaniliNkiN,LordSatan,mhayk09,bloker_14
gate;colony_count;level;liga;rank;bo;archeology;building;science;ra
0.00;2.00;29.15;3.00;185584.32;160.85;31756.00;58842.69;20863.69;9.40
------CLUSTER------
percent:0.65
size:13
kt987410,ilden,TKE,Armagia,ponchik1980,abs19771,Agasferr,Glebber,nuy,K3K,snayperillo,ZeRATuL1901,Pulet
gate;colony_count;level;liga;rank;bo;archeology;building;science;ra
0.00;3.00;40.31;3.00;345000.93;729.60;56024.23;101676.84;20478.85;34.45
------CLUSTER------
percent:0.65
size:13
maskashmaska,paulruss,dsoracul,supervolk,Marshak25,T0Pdog,BrotherOfDeath,hoNchi,vaselyok,Arven_1,BEHEPA,zana4,fed1994
gate;colony_count;level;liga;rank;bo;archeology;building;science;ra
0.00;3.00;38.77;3.00;474680.47;545.28;57437.15;79884.46;42063.00;14.75
------CLUSTER------
percent:0.65
size:13
dimka_3,Darlene,malval1971_730,liensoed,prismo_med,drpit,argon161,CakpaMEHTo,pikcher,nn1234,mazolina,NeR,samadur
gate;colony_count;level;liga;rank;bo;archeology;building;science;ra
0.00;0.00;15.23;3.00;53799.77;5.38;1420.23;11943.08;7593.38;11.30
------CLUSTER------
percent:0.65
size:13
yurymeshkovsky,bataleon,fantic,Psyhodrug,Chii,krot_enot,mir4u,Virsaitis,Imanta,Lud_Mila,Uhul,Elektroslesar,QTF
gate;colony_count;level;liga;rank;bo;archeology;building;science;ra
1.00;2.00;31.31;3.00;430031.44;81.56;11666.54;45753.08;90319.92;1.51
------CLUSTER------
percent:0.60
size:12
_Volk_,user_snow,vanster,Radostin76,fosfor1999,BSP,narkommax,Geizer_,Lampikard,lasi,Blednoliciy,Raven12
gate;colony_count;level;liga;rank;bo;archeology;building;science;ra
0.00;3.00;30.92;3.00;260194.17;232.45;27786.25;81403.42;14711.75;20.22
------CLUSTER------
percent:0.55
size:11
InerT,SSPARTANECC,shumaii,AnDimentij,Alexeyas,kenkra,adba,figo_ai,magobi,BRUT79,Komunist_Lenin
gate;colony_count;level;liga;rank;bo;archeology;building;science;ra
0.00;2.00;34.73;3.00;412893.19;264.40;35288.55;55258.00;73368.18;1.54
------CLUSTER------
percent:0.55
size:11
wildpussycat,raptorsss,General_1,romancziv,shd13_,welomanin,Zelenkoff,terraformator,tdv204,lheu4,RUBIROID
gate;colony_count;level;liga;rank;bo;archeology;building;science;ra
1.00;3.00;37.18;3.00;370000.47;431.43;55285.09;89486.45;27286.82;28.41
------CLUSTER------
percent:0.55
size:11
ASkamerman,Super_Boss,NikolasX,Gutcul,ElvenKnight,oleg_k,Vitaliyc,AlenaGamer,SerGant,vasilek2,TotoKutugno
gate;colony_count;level;liga;rank;bo;archeology;building;science;ra
0.00;2.00;32.36;3.00;245755.18;259.28;40377.09;68391.82;25318.46;28.56
------CLUSTER------
percent:0.55
size:11
kristi_mg,Hvitaliy,Baksru,HideNeon,Atomobot,HangLoose,taukelev_a,pashavor,makerpeace,popolzen06,kvis
gate;colony_count;level;liga;rank;bo;archeology;building;science;ra
0.00;3.00;60.73;3.00;509493.34;3157.22;71835.45;89732.99;25414.91;3.72
------CLUSTER------
percent:0.50
size:10
Green_Zorog,77andreym,Schik,pretty__,ASEW,OldCat,Mahmed,Mubo,BakersDozen,mmpmip
gate;colony_count;level;liga;rank;bo;archeology;building;science;ra
0.00;2.00;32.70;3.00;340683.60;239.01;39304.10;62559.90;39128.10;2.45
------CLUSTER------
percent:0.50
size:10
Lidyxa,Frizerdom,zews2005,Alch2005,boris1989,Lord_of_Detruction,RUSSNICK,VIK20,ZAKI,CBr_brat
gate;colony_count;level;liga;rank;bo;archeology;building;science;ra
0.00;3.00;35.00;3.00;370024.00;546.45;44071.30;78634.00;14042.30;27.45
------CLUSTER------
percent:0.50
size:10
K_A_A,Erics520,KoMno3uTop,criticalmistake,Dragon_Fire,kaktus_5,Shurikwar,War2000,CdAlex,Mironicus
gate;colony_count;level;liga;rank;bo;archeology;building;science;ra
0.00;3.00;46.10;3.00;732262.97;482.28;129235.70;69753.20;54030.50;2.63
------CLUSTER------
percent:0.50
size:10
SanyL,Anton42,homado,oktober,d_oreh3,Dunkers,pavluxa2,A_Bil,viki77,lencik2000
gate;colony_count;level;liga;rank;bo;archeology;building;science;ra
0.00;2.00;32.80;3.00;436308.73;183.37;37472.40;59925.20;50284.40;24.48
------CLUSTER------
percent:0.45
size:9
Hades_,BierBrauer,semsestr,VitalyX,hin_jr,serik11,Blastterror,Graf_intima,satos
gate;colony_count;level;liga;rank;bo;archeology;building;science;ra
1.00;3.00;39.33;3.00;780018.73;446.77;38718.22;89691.88;70703.00;1.38
------CLUSTER------
percent:0.45
size:9
Milibusia,JEKA212,BLuDnIK,svinunit,ramasanta,Gross_Master,SLIDER_TM,bakka24,_batuttt_
gate;colony_count;level;liga;rank;bo;archeology;building;science;ra
0.00;3.00;47.00;3.00;307454.23;1299.12;55943.67;126130.66;21551.22;3.51
------CLUSTER------
percent:0.45
size:9
mfarik,gevgeniy,Erato,crazy_horse2008,Alexey710,Hell_Hound,DARE_Forever,Serafim35,Sam_FD
gate;colony_count;level;liga;rank;bo;archeology;building;science;ra
1.00;3.00;40.78;3.00;430125.55;801.34;57942.45;83655.89;33081.11;11.81
------CLUSTER------
percent:0.45
size:9
dronder,Gekkata,bah2005,bigbull03,vladqwerty1,vvvvvvvvvv1,Serg548,Nick_II,zic05
gate;colony_count;level;liga;rank;bo;archeology;building;science;ra
0.00;3.00;50.67;3.00;932484.59;1350.83;66288.33;96859.00;76938.55;35.98
------CLUSTER------
percent:0.45
size:9
poiuypo,Zax112,SorglosEngel,Mourner,JLndd,Warrior703,neoleg,PANDASPHERE,Hehelf
gate;colony_count;level;liga;rank;bo;archeology;building;science;ra
1.00;3.00;32.56;3.00;391003.21;331.81;17311.22;59207.88;57930.34;4.02
------CLUSTER------
percent:0.45
size:9
Dimasik30,Nik75,frachtzahler,gugu75,Eugene313,HLO,alex_II,vitu,vitaliy75
gate;colony_count;level;liga;rank;bo;archeology;building;science;ra
0.00;2.00;39.11;3.00;573272.10;513.48;84291.55;74048.77;20943.00;39.97
------CLUSTER------
percent:0.40
size:8
Xorpulus,minay,Svin2000,Galar,gavchik,npu3bIBHuk,Lussia,Jeen2005
gate;colony_count;level;liga;rank;bo;archeology;building;science;ra
1.00;2.00;35.25;3.00;355619.01;438.74;29043.13;64697.63;61377.00;1.59
------CLUSTER------
percent:0.40
size:8
pasan_1,Drishenok,Spiritrabbit,Tarian,bestbroker,Sarkarda,Managing,_makc_
gate;colony_count;level;liga;rank;bo;archeology;building;science;ra
0.00;3.00;42.25;3.00;404190.98;714.77;80018.13;89342.37;27287.50;21.11
------CLUSTER------
percent:0.40
size:8
octa,The_Punisher,TOLJAN2004,DeadGoblin,demon_ajax,c_b_rsashko,zergs_sk,wield
gate;colony_count;level;liga;rank;bo;archeology;building;science;ra
0.00;3.00;46.50;3.00;542286.52;544.24;104466.51;87736.00;70661.50;10.79
------CLUSTER------
percent:0.40
size:8
knekt,Onoqur,al_bandy,kamikadze108,rjcnhjvby,RASHOL,skobatr,demchenko2611
gate;colony_count;level;liga;rank;bo;archeology;building;science;ra
1.00;3.00;39.87;3.00;392079.27;459.10;89815.63;83545.62;19808.75;21.99
------CLUSTER------
percent:0.40
size:8
nook21,mi1473,radik_dm,rikl,palis,Decrepit,bio610000,Dowmntime
gate;colony_count;level;liga;rank;bo;archeology;building;science;ra
0.00;2.00;35.00;3.00;229370.26;408.98;50227.63;78765.00;19660.63;0.90
------CLUSTER------
percent:0.40
size:8
COKPYIIIUTEJIb,blblblbl,Fire_Dragon_111,Layard,3axap78,crimp23,Anniona,A_nti_P
gate;colony_count;level;liga;rank;bo;archeology;building;science;ra
1.00;3.00;48.37;3.00;198792.38;119.52;201527.87;86370.75;11557.00;1.27
------CLUSTER------
percent:0.35
size:7
100ronnik,FuckU9,CNS_XeRoBoEc,MIEM,Kpd19940000,TequilaMAN,Pashunya14
gate;colony_count;level;liga;rank;bo;archeology;building;science;ra
1.00;1.00;14.57;1.00;117198.73;3.54;672.14;17330.29;2982.43;0.77
------CLUSTER------
percent:0.35
size:7
Starwoker,Zytz,grbr,Wittt,aserr,7536,keks111
gate;colony_count;level;liga;rank;bo;archeology;building;science;ra
1.00;3.00;42.29;3.00;827035.03;499.66;46609.00;70972.29;110688.29;2.71
------CLUSTER------
percent:0.35
size:7
iphritus,2111omar,iamsuhov,Korrelyator,shelmu,Taryel,Dremlin
gate;colony_count;level;liga;rank;bo;archeology;building;science;ra
0.00;3.00;34.43;3.00;661255.82;336.54;30073.71;71658.29;53185.14;6.48
------CLUSTER------
percent:0.35
size:7
ivalnick,expresso,karma_05,Quper,MooNDevilS,DDD75,vomihal
gate;colony_count;level;liga;rank;bo;archeology;building;science;ra
1.00;3.00;56.57;3.00;561517.82;937.68;171029.29;86641.00;71343.86;1.63
------CLUSTER------
percent:0.35
size:7
Drunk_Amigo,Zaplutavshiy,opex2,arma33,SANCHOUSS,dokuchai,chikden
gate;colony_count;level;liga;rank;bo;archeology;building;science;ra
0.00;3.00;63.57;3.00;1535487.07;2844.63;127619.71;91181.00;29002.71;46.23
------CLUSTER------
percent:0.35
size:7
_Romzes_,Elada,gramm100,De_Jeavue,microCosmos,Warr74kan,IIIun
gate;colony_count;level;liga;rank;bo;archeology;building;science;ra
1.00;3.00;33.57;3.00;284713.00;256.87;17003.71;52490.29;87216.28;1.39
------CLUSTER------
percent:0.35
size:7
_BARMALEI_,MuaDipus,MoonScorpio,latyna5,victor98,Monster,ilarki
gate;colony_count;level;liga;rank;bo;archeology;building;science;ra
0.00;3.00;40.57;3.00;358292.56;650.52;57591.29;114842.72;23626.71;16.70
------CLUSTER------
percent:0.35
size:7
akland,meska,Batiskaf,robiw2,Prikolochka,radsh,Cuesta
gate;colony_count;level;liga;rank;bo;archeology;building;science;ra
0.00;3.00;44.43;3.00;710284.58;424.15;90242.00;73040.00;86658.28;27.71
------CLUSTER------
percent:0.35
size:7
Hydroge2,JDI,ziski,burok,GloomlySeth,vl_v,teepok
gate;colony_count;level;liga;rank;bo;archeology;building;science;ra
0.00;3.00;41.14;3.00;539241.42;319.87;34874.00;66869.15;133051.00;3.96
------CLUSTER------
percent:0.35
size:7
wink_9,Fill1908,kontorshik2009,NewPatriot,BESSY,stasshi,gan_jah
gate;colony_count;level;liga;rank;bo;archeology;building;science;ra
1.00;3.00;45.14;3.00;437124.75;1189.72;47979.15;121481.43;26707.00;1.17
------CLUSTER------
percent:0.35
size:7
igrasfera,musorosbornik,lord0,mazdau,MTU,diw_perm,elipss
gate;colony_count;level;liga;rank;bo;archeology;building;science;ra
1.00;3.00;39.29;3.00;742735.89;234.74;26000.14;54580.86;141406.85;2.47
------CLUSTER------
percent:0.35
size:7
kzmk,komarik123,vitalyk78,spaider22,Tuxedo_Mask,Grosmen,Londo_Malari
gate;colony_count;level;liga;rank;bo;archeology;building;science;ra
0.00;3.00;52.14;3.00;474133.28;1522.75;74330.43;105024.43;60937.29;30.84
------CLUSTER------
percent:0.30
size:6
Trevor_Kidd,As171,Suderator,Yakov2008,ybilinegroff,chebulduk
gate;colony_count;level;liga;rank;bo;archeology;building;science;ra
1.00;3.00;38.17;3.00;142250.67;218.18;30844.50;166891.66;15466.33;0.92
------CLUSTER------
percent:0.30
size:6
tisson,StarLancer,Siriusbug,vladLev,natuljasta1,Vrednuchka
gate;colony_count;level;liga;rank;bo;archeology;building;science;ra
0.00;3.00;38.83;3.00;566857.16;445.76;44429.50;80490.66;63978.16;22.22
------CLUSTER------
percent:0.30
size:6
vio777,Iegion,tatsestr1,arhiepiscop,Konig,Sicilianec
gate;colony_count;level;liga;rank;bo;archeology;building;science;ra
1.00;3.00;43.33;3.00;457936.01;569.58;89814.33;75592.84;54685.33;2.84
------CLUSTER------
percent:0.30
size:6
Astrad_Sevinus,alexagfv,DrakonXIII,ViNZ,Rom_zess,Dantalas
gate;colony_count;level;liga;rank;bo;archeology;building;science;ra
0.00;3.00;43.83;3.00;417798.49;644.84;78469.66;97840.83;46860.17;1.31
------CLUSTER------
percent:0.30
size:6
UDARrrr,Psyche,Skyle,rlv_aBRA,TheWarLord,Oriloun
gate;colony_count;level;liga;rank;bo;archeology;building;science;ra
0.00;3.00;57.00;3.00;645980.67;599.73;151394.84;82008.50;140072.17;1.22
------CLUSTER------
percent:0.30
size:6
sidvk,YaceK,gawiw,TembrVC,yasen,DonAlonzo
gate;colony_count;level;liga;rank;bo;archeology;building;science;ra
1.00;3.00;60.17;3.00;311211.85;3096.61;72988.33;98006.17;17241.33;0.54
------CLUSTER------
percent:0.30
size:6
DartSidius,VioletDog,Daenlo,finder1,pumo,ivan74
gate;colony_count;level;liga;rank;bo;archeology;building;science;ra
0.00;3.00;36.50;3.00;441613.33;346.44;41729.33;99243.67;33706.17;27.46
------CLUSTER------
percent:0.30
size:6
Doktor33,Podavan,soloveii,mr_STARper,BARMAN123,LeeDwin
gate;colony_count;level;liga;rank;bo;archeology;building;science;ra
0.00;3.00;41.83;3.00;434889.85;549.99;84104.50;61012.50;61848.67;12.07
------CLUSTER------
percent:0.30
size:6
vitovt,sunwanderer,Svepol,Sidorova,Mmv1,Solbi
gate;colony_count;level;liga;rank;bo;archeology;building;science;ra
1.00;3.00;47.50;3.00;837410.99;1180.65;53482.67;107678.17;61122.17;7.65
------CLUSTER------
percent:0.30
size:6
Alexei_kor,afa_ll,Cingston,eKoll,parm,Ferling
gate;colony_count;level;liga;rank;bo;archeology;building;science;ra
0.00;3.00;37.83;3.00;641498.64;441.85;65959.00;92504.66;16261.50;42.10
------CLUSTER------
percent:0.30
size:6
doc_by,Raddy,vierdaagse,Druggur,Hasasnor,IvanKA_BY
gate;colony_count;level;liga;rank;bo;archeology;building;science;ra
1.00;3.00;54.00;3.00;932282.36;346.60;155796.33;87518.00;114078.00;3.80
------CLUSTER------
percent:0.30
size:6
R_U_S_I_K,admin13,Ding,ZloyGeolog,motya77,dilissa
gate;colony_count;level;liga;rank;bo;archeology;building;science;ra
1.00;3.00;49.50;3.00;746283.36;811.89;125148.01;80670.33;55998.00;20.30
------CLUSTER------
percent:0.25
size:5
voronice,FigFam,Ariakas,FOE100,Pochtovik
gate;colony_count;level;liga;rank;bo;archeology;building;science;ra
0.00;0.00;15.40;3.00;66541.00;27.89;1269.80;9903.60;9194.00;22.13
------CLUSTER------
percent:0.25
size:5
PRZR,Landin,Fantom82,Varlix,FateKiller
gate;colony_count;level;liga;rank;bo;archeology;building;science;ra
0.00;3.00;26.40;3.00;362572.22;63.19;12419.00;67357.60;10120.40;13.13
------CLUSTER------
percent:0.25
size:5
konstfntin,Sivuch,Chubakka,KOLYFF,alex_del
gate;colony_count;level;liga;rank;bo;archeology;building;science;ra
1.00;3.00;43.40;3.00;438445.41;817.97;74320.00;104746.20;17975.60;6.10
------CLUSTER------
percent:0.25
size:5
MegaRock,Razdobreev,VadiKK,ZOTOV,red_mavr
gate;colony_count;level;liga;rank;bo;archeology;building;science;ra
0.00;2.00;36.60;3.00;431118.57;205.51;48015.40;57102.60;83829.40;27.44
------CLUSTER------
percent:0.25
size:5
Garrka,Elina30,Azimys,titanstrong444,Kvon
gate;colony_count;level;liga;rank;bo;archeology;building;science;ra
1.00;3.00;45.80;3.00;510926.97;895.62;100330.21;92531.80;23052.80;37.43
------CLUSTER------
percent:0.25
size:5
pavel117,wowa7,green_lacerta,abrekos666,kvb80
gate;colony_count;level;liga;rank;bo;archeology;building;science;ra
1.00;3.00;36.00;3.00;393419.42;522.20;38964.00;95245.99;15367.00;17.95
------CLUSTER------
percent:0.25
size:5
xagis,Askanio,Arktos,Aleks_Freeman,overloadmax
gate;colony_count;level;liga;rank;bo;archeology;building;science;ra
1.00;3.00;45.00;3.00;503779.79;423.80;101732.99;68509.20;83130.60;2.61
------CLUSTER------
percent:0.25
size:5
tv73,ZoyAKa,Arebeka,Qazedc,Quistis
gate;colony_count;level;liga;rank;bo;archeology;building;science;ra
1.00;3.00;57.60;3.00;1107200.39;195.75;90362.80;71403.00;276086.21;2.26
------CLUSTER------
percent:0.25
size:5
nevigen,SpaceBizon,canada,vladkomarov,justa
gate;colony_count;level;liga;rank;bo;archeology;building;science;ra
0.00;3.00;55.60;3.00;788531.65;1284.77;139148.39;102376.19;47306.20;27.41
------CLUSTER------
percent:0.25
size:5
user812,2beda,Alexovershoes,kwakun,NeBydi
gate;colony_count;level;liga;rank;bo;archeology;building;science;ra
0.00;3.00;71.60;3.00;1049656.82;3348.35;160050.01;94022.00;51766.80;40.59
------CLUSTER------
percent:0.25
size:5
arander,RODINdeARNO,jorgen,Dantist13,Irakly
gate;colony_count;level;liga;rank;bo;archeology;building;science;ra
0.00;3.00;46.20;3.00;1451215.24;485.18;75510.80;82532.40;110755.00;36.41
------CLUSTER------
percent:0.25
size:5
a3at,SDRQ,avalsuper,DragonSfera,Evgen2141
gate;colony_count;level;liga;rank;bo;archeology;building;science;ra
0.00;3.00;57.00;3.00;709298.16;1545.96;127096.20;95138.60;68510.60;3.26
------CLUSTER------
percent:0.25
size:5
Gilmorring,boaxei,pnpnick,Sibarok,sasha010788
gate;colony_count;level;liga;rank;bo;archeology;building;science;ra
1.00;3.00;113.00;3.00;1369043.33;14501.62;111253.00;134798.60;22233.20;40.23
------CLUSTER------
percent:0.25
size:5
Whiperer,EvilBarabashka,BarGlot,Linkrus,Prade
gate;colony_count;level;liga;rank;bo;archeology;building;science;ra
0.00;3.00;36.00;3.00;528098.00;62.52;32663.00;69233.60;97730.00;22.43
------CLUSTER------
percent:0.25
size:5
kren_vamm,Mual,warangel,TurboAndroid,Borodatiy177
gate;colony_count;level;liga;rank;bo;archeology;building;science;ra
1.00;3.00;84.00;3.00;963378.59;5848.97;100688.80;150543.20;21330.80;40.69
------CLUSTER------
percent:0.25
size:5
GoldenWorm,APOHAP,iwsh,Praid,Spr
gate;colony_count;level;liga;rank;bo;archeology;building;science;ra
0.00;3.00;50.60;3.00;1084206.37;493.80;170488.40;97238.40;29896.40;40.54
------CLUSTER------
percent:0.25
size:5
Olga105,Din0,djamknacker,Persid,fsj
gate;colony_count;level;liga;rank;bo;archeology;building;science;ra
1.00;3.00;104.40;3.00;411864.39;11794.86;90568.80;87905.80;42705.60;1.23
------CLUSTER------
percent:0.25
size:5
Deconstructor,yojek,Vadyuxa,g_oleg,Dj_VMB
gate;colony_count;level;liga;rank;bo;archeology;building;science;ra
1.00;3.00;57.20;3.00;874686.96;1654.19;134834.00;89968.00;54290.60;40.31
------CLUSTER------
percent:0.25
size:5
mif_ugra,Rekrut333,denis_dok,Lelik_095,Filosof82
gate;colony_count;level;liga;rank;bo;archeology;building;science;ra
0.00;3.00;42.60;3.00;393004.41;907.48;51494.60;119236.59;20219.40;45.05
------CLUSTER------
percent:0.20
size:4
dog200,Dj_NAIL,Beelzeboss69,zver_s_yuga
gate;colony_count;level;liga;rank;bo;archeology;building;science;ra
0.00;1.00;14.75;3.00;72293.50;0.85;488.25;15842.50;4005.00;0.19
------CLUSTER------
percent:0.20
size:4
DOLEGV,Jane_Alba,Shay,GIHS
gate;colony_count;level;liga;rank;bo;archeology;building;science;ra
0.00;0.00;21.75;3.00;106044.00;72.93;3308.25;12422.50;35275.00;0.96
------CLUSTER------
percent:0.20
size:4
Dilya_SD,suph,Aikon_jo,RD2D
gate;colony_count;level;liga;rank;bo;archeology;building;science;ra
1.00;2.00;32.00;3.00;175749.25;231.02;22704.75;100710.00;12053.00;1.41
------CLUSTER------
percent:0.20
size:4
Akhinaton,sauron101,kain_7,Merzus
gate;colony_count;level;liga;rank;bo;archeology;building;science;ra
0.00;3.00;88.75;3.00;494938.98;6604.92;119337.00;130584.99;33015.50;2.37
------CLUSTER------
percent:0.20
size:4
nuker2000,molot3000,NiceMaster,Zelle
gate;colony_count;level;liga;rank;bo;archeology;building;science;ra
1.00;3.00;37.75;3.00;434878.50;366.03;31285.50;152385.00;8218.25;9.49
------CLUSTER------
percent:0.20
size:4
JJTT_Master,Troller,A_Celentano,Max2k
gate;colony_count;level;liga;rank;bo;archeology;building;science;ra
1.00;3.00;49.25;3.00;628858.24;30.11;114487.49;60151.75;164107.50;2.18
------CLUSTER------
percent:0.20
size:4
Nik2007,SilverEagle,Oleksadovbush,faimai
gate;colony_count;level;liga;rank;bo;archeology;building;science;ra
0.00;3.00;61.75;3.00;365547.00;3238.46;63367.00;79718.75;53063.00;0.83
------CLUSTER------
percent:0.20
size:4
boox,tiki_tak,shurlerus,psaa
gate;colony_count;level;liga;rank;bo;archeology;building;science;ra
0.00;2.00;31.00;3.00;312199.49;29.15;44042.25;61322.75;36241.75;35.22
------CLUSTER------
percent:0.20
size:4
KOHTPAKTHbIk,Zilog,Indica,airstamp
gate;colony_count;level;liga;rank;bo;archeology;building;science;ra
1.00;3.00;47.00;3.00;790173.20;189.26;54935.50;60624.25;197183.50;3.27
------CLUSTER------
percent:0.20
size:4
malakal,samson88,warrior777,strike696
gate;colony_count;level;liga;rank;bo;archeology;building;science;ra
1.00;2.00;15.75;2.00;144390.51;5.26;610.00;22470.25;4508.25;0.23
------CLUSTER------
percent:0.20
size:4
Rhianon,andron32,Assist,VaduNik
gate;colony_count;level;liga;rank;bo;archeology;building;science;ra
0.00;3.00;34.50;3.00;346625.52;163.85;64721.25;59915.25;41282.75;25.03
------CLUSTER------
percent:0.20
size:4
Brodaga,kedzo,nanajoin,mousewar
gate;colony_count;level;liga;rank;bo;archeology;building;science;ra
0.00;3.00;57.75;3.00;554223.72;480.68;224493.51;76282.50;74124.50;2.47
------CLUSTER------
percent:0.20
size:4
strannik2000,pavbor,skymuker,Paltcev
gate;colony_count;level;liga;rank;bo;archeology;building;science;ra
1.00;3.00;49.50;3.00;1030832.52;736.60;46333.75;82237.75;163616.99;1.76
------CLUSTER------
percent:0.20
size:4
dedushkapro,sergVIP,Stenley,ToniKukoc
gate;colony_count;level;liga;rank;bo;archeology;building;science;ra
0.00;2.00;25.50;3.00;128241.00;6.80;24527.00;51411.00;8945.75;27.79
------CLUSTER------
percent:0.20
size:4
irma77,Ingvard77,Wolf_of_Odin,MegaGosha
gate;colony_count;level;liga;rank;bo;archeology;building;science;ra
0.00;3.00;51.50;3.00;1304205.48;294.76;162654.25;88544.00;78712.25;36.51
------CLUSTER------
percent:0.20
size:4
Blak_Jak,Loich,krk72,oxi13
gate;colony_count;level;liga;rank;bo;archeology;building;science;ra
1.00;2.00;30.50;3.00;300200.50;302.90;30659.00;68152.50;14660.00;16.92
------CLUSTER------
percent:0.20
size:4
IIacmyx,klon_77,WB999,kuzichlin
gate;colony_count;level;liga;rank;bo;archeology;building;science;ra
1.00;3.00;45.75;3.00;901211.81;414.90;100348.00;84865.75;81088.25;28.40
------CLUSTER------
percent:0.20
size:4
Galinochka,abkbys,Osprey3,chumakv
gate;colony_count;level;liga;rank;bo;archeology;building;science;ra
0.00;3.00;30.25;3.00;800056.24;210.39;26633.75;74929.50;18247.25;48.62
------CLUSTER------
percent:0.20
size:4
cittenn,wwww37,ASVShade,DAZO
gate;colony_count;level;liga;rank;bo;archeology;building;science;ra
1.00;3.00;36.75;3.00;1210611.99;624.28;31569.50;84231.50;33146.50;45.42
------CLUSTER------
percent:0.20
size:4
BiSas,Aspect,_KPOM_,D_warf
gate;colony_count;level;liga;rank;bo;archeology;building;science;ra
0.00;3.00;55.50;3.00;1006395.74;298.33;158480.75;74024.75;147604.75;26.09
------CLUSTER------
percent:0.20
size:4
Trust_Me,Dark_Anakin,Voldemarius,Alex432
gate;colony_count;level;liga;rank;bo;archeology;building;science;ra
0.00;3.00;46.25;3.00;495392.24;838.70;46925.25;88340.00;102725.75;17.79
------CLUSTER------
percent:0.20
size:4
Star2D,i999,K_o_n_d_u_k_t_o_r,brodjga
gate;colony_count;level;liga;rank;bo;archeology;building;science;ra
0.00;2.00;31.00;3.00;341596.24;174.51;16448.00;48266.50;71926.75;18.46
------CLUSTER------
percent:0.20
size:4
IBA,_Bagira_,Bond_07,qwe_ksv
gate;colony_count;level;liga;rank;bo;archeology;building;science;ra
0.00;3.00;28.25;3.00;235717.01;163.57;26291.50;57113.50;17986.00;35.93
------CLUSTER------
percent:0.20
size:4
kamr,Farting,rattxxx,susaninsv
gate;colony_count;level;liga;rank;bo;archeology;building;science;ra
1.00;2.00;41.25;3.00;563647.99;1265.71;42742.00;68950.00;27431.50;33.36
------CLUSTER------
percent:0.20
size:4
Arcivi,unisat,korleon,yabu3
gate;colony_count;level;liga;rank;bo;archeology;building;science;ra
1.00;3.00;62.50;3.00;1595847.51;2164.17;141033.50;148641.24;21909.50;45.74
------CLUSTER------
percent:0.20
size:4
YuriyCh,AncientWorrior,78ikar,LeoFH
gate;colony_count;level;liga;rank;bo;archeology;building;science;ra
1.00;3.00;46.25;3.00;280437.50;321.37;163451.75;86666.50;14901.00;13.69
------CLUSTER------
percent:0.20
size:4
lucifer_OFF,_Shaman,meltdown,US_r
gate;colony_count;level;liga;rank;bo;archeology;building;science;ra
0.00;3.00;135.25;3.00;649406.22;34004.75;131142.25;76783.00;26166.00;3.20
------CLUSTER------
percent:0.20
size:4
psychogamer,Russian_Amazonka,podorvikolbasku,zaqwerw
gate;colony_count;level;liga;rank;bo;archeology;building;science;ra
1.00;3.00;46.50;3.00;190631.75;1441.32;44991.00;123331.00;18915.50;15.77
------CLUSTER------
percent:0.20
size:4
skam,TactiX,Traf,Gloss
gate;colony_count;level;liga;rank;bo;archeology;building;science;ra
0.00;2.00;34.00;3.00;432803.00;680.57;30214.00;70301.00;14054.50;46.06
------CLUSTER------
percent:0.20
size:4
Ex_Melon,az43fert,Anatoli_Petrovich,jordaniko
gate;colony_count;level;liga;rank;bo;archeology;building;science;ra
1.00;3.00;56.75;3.00;589569.49;1433.22;160834.75;96071.25;25899.75;28.14
------CLUSTER------
percent:0.20
size:4
mikalai_v,Shtaketishe,Mor_God,wlana
gate;colony_count;level;liga;rank;bo;archeology;building;science;ra
0.00;3.00;66.75;3.00;913015.07;2177.28;146696.25;88328.74;114756.75;29.58
------CLUSTER------
percent:0.20
size:4
Rusachek,Woland_D,Argazmatron,DmAn
gate;colony_count;level;liga;rank;bo;archeology;building;science;ra
1.00;3.00;97.00;3.00;695512.47;9106.89;93066.00;102057.50;27134.25;37.82
------CLUSTER------
percent:0.20
size:4
Wadimius,Selfwill,Rustik27,Sky_EnForcer
gate;colony_count;level;liga;rank;bo;archeology;building;science;ra
0.00;3.00;49.00;3.00;902672.03;504.28;73184.00;66569.25;161670.74;30.74
------CLUSTER------
percent:0.20
size:4
lukic,Solaris13,SHD,Novokhudanossor
gate;colony_count;level;liga;rank;bo;archeology;building;science;ra
0.00;2.00;38.75;3.00;571804.74;377.14;48152.50;116893.75;30233.75;30.23
------CLUSTER------
percent:0.20
size:4
SeVaR,UncleVP,uHBaJIug,sts121
gate;colony_count;level;liga;rank;bo;archeology;building;science;ra
0.00;3.00;92.25;3.00;365206.25;8429.30;66192.25;89212.25;33189.00;1.06
------CLUSTER------
percent:0.20
size:4
9l3bl4HuK,DelastatoR,hornet,Faniskas
gate;colony_count;level;liga;rank;bo;archeology;building;science;ra
0.00;3.00;59.25;3.00;489514.76;1584.52;144281.25;116411.00;49351.50;7.56
------CLUSTER------
percent:0.20
size:4
lejja,nofilet,pomik2005,marino4ka_don
gate;colony_count;level;liga;rank;bo;archeology;building;science;ra
0.00;3.00;51.75;3.00;539534.51;814.16;101477.51;73425.25;126419.25;21.73
------CLUSTER------
percent:0.20
size:4
Barbie_Doll,AngelFantom,Armando_12,_The_Godfather_
gate;colony_count;level;liga;rank;bo;archeology;building;science;ra
0.00;3.00;115.25;3.00;648827.02;16254.20;99021.00;91920.74;23659.50;21.92
------CLUSTER------
percent:0.20
size:4
_hAOS_,RAZUM2000,RAKSHAZ,Heckfy1982
gate;colony_count;level;liga;rank;bo;archeology;building;science;ra
0.00;3.00;63.50;3.00;402600.75;2817.69;104885.25;131163.50;18664.50;18.18
------CLUSTER------
percent:0.20
size:4
Boka,Snaib,AmiiR,ExLord
gate;colony_count;level;liga;rank;bo;archeology;building;science;ra
0.00;3.00;49.00;3.00;676535.01;162.20;76924.00;62750.50;194503.50;10.03
------CLUSTER------
percent:0.20
size:4
milaska,MerlKori,Ursuladog,Barakuda455
gate;colony_count;level;liga;rank;bo;archeology;building;science;ra
1.00;3.00;68.25;3.00;806191.03;1961.89;232924.25;117496.00;24373.00;31.35
------CLUSTER------
percent:0.15
size:3
valik_b,BOEVIK_KUB,sergei223
gate;colony_count;level;liga;rank;bo;archeology;building;science;ra
0.00;3.00;46.00;3.00;459061.67;18.53;138063.00;59265.34;103491.33;2.43
------CLUSTER------
percent:0.15
size:3
viromax,t007,koss1
gate;colony_count;level;liga;rank;bo;archeology;building;science;ra
0.00;2.00;20.00;2.00;120719.33;6.71;2931.00;30715.00;9865.33;1.37
------CLUSTER------
percent:0.15
size:3
wistos777,Alexander1976,Gines
gate;colony_count;level;liga;rank;bo;archeology;building;science;ra
0.00;0.00;8.67;3.00;26416.33;0.00;287.00;5246.67;3832.67;29.40
------CLUSTER------
percent:0.15
size:3
Killer_IDF,Robinson,Pirelli
gate;colony_count;level;liga;rank;bo;archeology;building;science;ra
1.00;3.00;53.67;3.00;880663.30;103.79;228540.68;82774.00;47008.67;4.70
------CLUSTER------
percent:0.15
size:3
MSLION,gjuyt,l_ZERRO_l
gate;colony_count;level;liga;rank;bo;archeology;building;science;ra
1.00;2.00;21.00;3.00;203885.33;16.48;1867.33;43280.00;4622.67;7.99
------CLUSTER------
percent:0.15
size:3
Nnordy,molotoboec20099,Lenusichka
gate;colony_count;level;liga;rank;bo;archeology;building;science;ra
0.00;3.00;63.67;3.00;532788.36;3587.48;75842.34;82217.33;22568.33;41.11
------CLUSTER------
percent:0.15
size:3
onsmith,KirillP,marehuano
gate;colony_count;level;liga;rank;bo;archeology;building;science;ra
0.00;0.00;8.33;1.00;17789.00;5.78;518.00;4085.33;3805.33;15.89
------CLUSTER------
percent:0.15
size:3
Mickm,AndrewPchelintsev,VozDyx
gate;colony_count;level;liga;rank;bo;archeology;building;science;ra
1.00;3.00;63.33;3.00;550262.34;585.73;252523.35;71008.67;107452.66;10.81
------CLUSTER------
percent:0.15
size:3
Amigo0x0,MikroBarsik,Legailz
gate;colony_count;level;liga;rank;bo;archeology;building;science;ra
0.00;3.00;38.67;3.00;613005.33;138.94;46948.34;140946.66;30077.67;27.31
------CLUSTER------
percent:0.15
size:3
Kenny_McCormick,peetbull,costano
gate;colony_count;level;liga;rank;bo;archeology;building;science;ra
0.00;3.00;35.67;3.00;832159.65;616.86;19345.00;109810.66;17430.33;8.85
------CLUSTER------
percent:0.15
size:3
vitaliy_5,qastro,Vin4ester
gate;colony_count;level;liga;rank;bo;archeology;building;science;ra
1.00;3.00;53.33;3.00;782927.94;2126.13;60314.00;103542.33;30150.33;24.96
------CLUSTER------
percent:0.15
size:3
clubexe,Sergei28,falzschwert
gate;colony_count;level;liga;rank;bo;archeology;building;science;ra
0.00;3.00;42.67;3.00;463405.00;462.66;102957.00;65684.00;51763.33;38.50
------CLUSTER------
percent:0.15
size:3
belkob,drakon100776,Ivanissimo
gate;colony_count;level;liga;rank;bo;archeology;building;science;ra
1.00;3.00;50.00;3.00;260655.99;1250.00;61014.00;178907.66;13769.67;39.45
------CLUSTER------
percent:0.15
size:3
Luckiflash,Gadskiy_papa,gr385
gate;colony_count;level;liga;rank;bo;archeology;building;science;ra
0.00;3.00;54.67;3.00;560910.31;1367.67;104821.33;92565.67;77629.67;23.08
------CLUSTER------
percent:0.15
size:3
Korssar,atomka,Onyx1
gate;colony_count;level;liga;rank;bo;archeology;building;science;ra
1.00;3.00;19.67;2.00;142815.33;0.40;510.33;38487.00;3229.67;35.85
------CLUSTER------
percent:0.15
size:3
Gerald_iz_rivii3,MrWhisper,pariskar
gate;colony_count;level;liga;rank;bo;archeology;building;science;ra
0.00;3.00;77.67;3.00;718673.32;5422.08;73163.66;126032.00;12449.33;36.45
------CLUSTER------
percent:0.15
size:3
belmon,Pigmey1,kukers
gate;colony_count;level;liga;rank;bo;archeology;building;science;ra
1.00;3.00;69.00;3.00;449489.98;4009.04;108524.66;90401.67;15888.33;42.52
------CLUSTER------
percent:0.15
size:3
ILIA2000,stacker,nort4
gate;colony_count;level;liga;rank;bo;archeology;building;science;ra
0.00;2.00;42.33;3.00;1291499.33;1005.41;55288.67;59942.67;58857.00;47.69
------CLUSTER------
percent:0.15
size:3
favorit15,vitalys11,fanDimaBilan
gate;colony_count;level;liga;rank;bo;archeology;building;science;ra
0.00;3.00;63.00;3.00;410227.32;1165.95;258652.01;91498.33;22147.67;15.90
------CLUSTER------
percent:0.15
size:3
KLyp,Wakf,Tesser
gate;colony_count;level;liga;rank;bo;archeology;building;science;ra
0.00;3.00;50.00;3.00;549731.66;600.25;84942.33;72536.00;141396.34;8.80
------CLUSTER------
percent:0.15
size:3
Mic,BADC0DEh,r1r2r3
gate;colony_count;level;liga;rank;bo;archeology;building;science;ra
0.00;3.00;45.00;3.00;624223.69;302.06;48435.33;67096.67;166370.33;1.62
------CLUSTER------
percent:0.15
size:3
GorAndre,KSUSHACHESS,arvivil
gate;colony_count;level;liga;rank;bo;archeology;building;science;ra
0.00;3.00;49.00;3.00;1147060.43;298.09;126429.66;76750.00;102531.00;41.03
------CLUSTER------
percent:0.15
size:3
titansla,K0T999,Faruk
gate;colony_count;level;liga;rank;bo;archeology;building;science;ra
1.00;3.00;25.33;3.00;241103.35;107.12;6923.00;67825.00;8830.00;28.55
------CLUSTER------
percent:0.15
size:3
greygendalf,artunik,kolinz
gate;colony_count;level;liga;rank;bo;archeology;building;science;ra
1.00;2.00;40.67;3.00;621348.67;319.23;28840.67;50429.34;152104.66;2.18
------CLUSTER------
percent:0.15
size:3
Otorgunov,Kysenka,AAS_2005
gate;colony_count;level;liga;rank;bo;archeology;building;science;ra
0.00;3.00;106.67;3.00;655687.03;11688.63;114662.00;81566.67;31023.67;39.79
------CLUSTER------
percent:0.15
size:3
Furchtelich,StarHunter,Dimetriys
gate;colony_count;level;liga;rank;bo;archeology;building;science;ra
0.00;3.00;50.33;3.00;712542.64;403.74;149236.66;76591.00;84244.00;16.11
------CLUSTER------
percent:0.15
size:3
Segen_v_Miluime,pcv77,Sensible
gate;colony_count;level;liga;rank;bo;archeology;building;science;ra
0.00;3.00;111.00;3.00;1374213.00;13116.86;157848.34;140510.33;26394.33;48.76
------CLUSTER------
percent:0.15
size:3
cherrylady,grecki,7S5S7
gate;colony_count;level;liga;rank;bo;archeology;building;science;ra
1.00;3.00;58.33;3.00;1735316.26;352.07;56913.00;106872.66;271674.99;1.96
------CLUSTER------
percent:0.15
size:3
ZuuM_2214,igshahin,len7
gate;colony_count;level;liga;rank;bo;archeology;building;science;ra
0.00;3.00;88.00;3.00;1007058.70;6917.25;122949.01;104173.33;21025.66;31.50
------CLUSTER------
percent:0.15
size:3
kivkmw,gongarus,BHY4EK
gate;colony_count;level;liga;rank;bo;archeology;building;science;ra
0.00;3.00;43.67;3.00;1190601.07;1006.17;75878.00;70636.67;40284.33;48.59
------CLUSTER------
percent:0.15
size:3
Zoric,romanoks,wirton
gate;colony_count;level;liga;rank;bo;archeology;building;science;ra
1.00;3.00;53.00;3.00;588054.65;863.44;137161.34;149275.66;13057.00;36.37
------CLUSTER------
percent:0.15
size:3
alekgrass,LordOfBalance,is1n
gate;colony_count;level;liga;rank;bo;archeology;building;science;ra
1.00;3.00;162.33;3.00;190064.67;101928.37;85834.33;91098.00;17594.33;5.81
------CLUSTER------
percent:0.15
size:3
Mandelai,Jakobo,axbap
gate;colony_count;level;liga;rank;bo;archeology;building;science;ra
0.00;3.00;102.00;3.00;1651695.90;10600.69;109878.66;96474.00;15814.67;48.67
------CLUSTER------
percent:0.15
size:3
ksplus,Shrek2015,Olezhka11
gate;colony_count;level;liga;rank;bo;archeology;building;science;ra
1.00;3.00;82.33;3.00;667535.69;3746.17;265284.35;88600.33;52864.33;28.29
------CLUSTER------
percent:0.15
size:3
d_kozub,urhon,petrichenco
gate;colony_count;level;liga;rank;bo;archeology;building;science;ra
1.00;3.00;64.33;3.00;866096.63;1468.82;197570.01;128728.33;49860.33;42.26
------CLUSTER------
percent:0.15
size:3
julia2583,swqa,Domaiz
gate;colony_count;level;liga;rank;bo;archeology;building;science;ra
0.00;3.00;65.67;3.00;680833.34;2475.56;146340.66;143345.66;22754.67;35.00
------CLUSTER------
percent:0.15
size:3
_PartizankA_,tm1,slonikms
gate;colony_count;level;liga;rank;bo;archeology;building;science;ra
1.00;3.00;64.67;3.00;1711088.59;2957.89;115507.00;102741.33;29402.33;48.20
------CLUSTER------
percent:0.15
size:3
dada,Pan4es,pandahrenolog1
gate;colony_count;level;liga;rank;bo;archeology;building;science;ra
1.00;1.00;18.33;2.00;182795.33;54.72;1751.33;24961.33;3407.67;4.62
------CLUSTER------
percent:0.15
size:3
AYMIB,Colbasin,hardegor
gate;colony_count;level;liga;rank;bo;archeology;building;science;ra
0.00;3.00;70.67;3.00;1084308.94;3074.97;163318.33;124144.99;30853.00;42.48
------CLUSTER------
percent:0.15
size:3
SURFLINE,in_out,iskdir
gate;colony_count;level;liga;rank;bo;archeology;building;science;ra
0.00;3.00;44.33;3.00;953847.01;483.48;95799.99;63218.00;82601.67;43.42
------CLUSTER------
percent:0.15
size:3
JIeBaK,kosmopolit,Vedmed_2007
gate;colony_count;level;liga;rank;bo;archeology;building;science;ra
1.00;3.00;62.00;3.00;331731.02;2621.88;84798.34;155008.34;20849.33;3.12
------CLUSTER------
percent:0.15
size:3
Chrom1,Solomus,Casho
gate;colony_count;level;liga;rank;bo;archeology;building;science;ra
1.00;3.00;48.67;3.00;611016.30;746.27;91587.00;70287.67;106247.67;14.70
------CLUSTER------
percent:0.15
size:3
gjtpl,Stiko,Xortitsa
gate;colony_count;level;liga;rank;bo;archeology;building;science;ra
1.00;3.00;119.67;3.00;1506791.30;19044.57;80168.00;146223.33;19467.67;46.92
------CLUSTER------
percent:0.15
size:3
status_x,dimahost,Triptophan
gate;colony_count;level;liga;rank;bo;archeology;building;science;ra
0.00;3.00;63.67;3.00;391557.32;3438.91;84550.33;93262.66;21060.67;29.57
------CLUSTER------
percent:0.15
size:3
DAN_VA,givashke,mirotvorec23
gate;colony_count;level;liga;rank;bo;archeology;building;science;ra
1.00;2.00;35.67;3.00;436901.99;700.35;24779.67;94680.00;15169.00;34.40
------CLUSTER------
percent:0.15
size:3
neruski,gurgen21,Ccucumber
gate;colony_count;level;liga;rank;bo;archeology;building;science;ra
1.00;3.00;132.33;3.00;703126.38;30593.90;206438.67;99162.00;39523.00;3.25
------CLUSTER------
percent:0.15
size:3
Ecomo,NewWorld,herz123
gate;colony_count;level;liga;rank;bo;archeology;building;science;ra
0.00;3.00;81.67;3.00;1353381.93;5756.41;102857.67;66421.67;80828.00;40.60
------CLUSTER------
percent:0.15
size:3
alexxy,krasnoturinsk,OOOps_OOOps
gate;colony_count;level;liga;rank;bo;archeology;building;science;ra
1.00;3.00;81.00;3.00;652176.01;6153.27;73796.00;104611.66;25923.67;28.84
------CLUSTER------
percent:0.15
size:3
Black_Raven,Denbear,Sevafri
gate;colony_count;level;liga;rank;bo;archeology;building;science;ra
0.00;3.00;54.67;3.00;1999502.05;294.52;117105.67;71068.67;194741.67;27.01
------CLUSTER------
percent:0.15
size:3
gf5h6,draco666,Abaddondelex
gate;colony_count;level;liga;rank;bo;archeology;building;science;ra
1.00;3.00;52.33;3.00;1177866.97;468.08;192525.33;91363.99;31273.00;48.16
------CLUSTER------
percent:0.15
size:3
vanekmursh,Gavn0bacK,HH80
gate;colony_count;level;liga;rank;bo;archeology;building;science;ra
0.00;3.00;71.67;3.00;490876.66;4798.16;43765.33;98179.33;45233.67;12.05
------CLUSTER------
percent:0.15
size:3
Palik,vladimirlevchenk,Buccaneer13
gate;colony_count;level;liga;rank;bo;archeology;building;science;ra
1.00;3.00;137.67;3.00;551956.98;40458.13;143476.00;99725.67;39870.33;35.26
------CLUSTER------
percent:0.10
size:2
gopak37,gogotan
gate;colony_count;level;liga;rank;bo;archeology;building;science;ra
0.00;0.00;0.00;0.00;648.00;0.00;0.00;0.00;0.00;0.00
------CLUSTER------
percent:0.10
size:2
banans_333,Elminester
gate;colony_count;level;liga;rank;bo;archeology;building;science;ra
1.00;0.00;12.00;1.00;90539.00;0.00;97.00;9983.00;2056.00;12.37
------CLUSTER------
percent:0.10
size:2
HETOT,AlexandrHV
gate;colony_count;level;liga;rank;bo;archeology;building;science;ra
1.00;3.00;22.00;1.00;354493.50;3.15;4262.50;46780.50;4969.00;0.26
------CLUSTER------
percent:0.10
size:2
kanash,maykopanet
gate;colony_count;level;liga;rank;bo;archeology;building;science;ra
0.00;0.00;7.50;1.00;28639.00;0.00;64.00;3814.00;678.50;37.70
------CLUSTER------
percent:0.10
size:2
LIFTERs,shlyap
gate;colony_count;level;liga;rank;bo;archeology;building;science;ra
1.00;3.00;21.00;2.00;225253.49;5.32;3662.00;39530.00;8104.00;0.26
------CLUSTER------
percent:0.10
size:2
alx_12,barterb
gate;colony_count;level;liga;rank;bo;archeology;building;science;ra
1.00;3.00;78.50;3.00;181254.51;4876.90;141815.99;91094.00;20028.50;2.50
------CLUSTER------
percent:0.10
size:2
Don542,Zyi
gate;colony_count;level;liga;rank;bo;archeology;building;science;ra
0.00;2.00;24.50;3.00;254532.98;13.87;15047.50;37661.00;22648.00;20.12
------CLUSTER------
percent:0.10
size:2
akimen,Copernic
gate;colony_count;level;liga;rank;bo;archeology;building;science;ra
0.00;3.00;40.00;3.00;404341.52;353.03;19647.50;135423.00;67810.50;0.83
------CLUSTER------
percent:0.10
size:2
Dikaya_Orhideya,Sp3ctr
gate;colony_count;level;liga;rank;bo;archeology;building;science;ra
0.00;3.00;56.00;3.00;942045.48;293.32;151126.51;66757.00;174769.00;2.82
------CLUSTER------
percent:0.10
size:2
MaDRoL,Slavik313
gate;colony_count;level;liga;rank;bo;archeology;building;science;ra
1.00;0.00;11.00;1.00;77934.50;0.00;447.00;9169.50;1523.00;29.94
------CLUSTER------
percent:0.10
size:2
gutalin49,john2
gate;colony_count;level;liga;rank;bo;archeology;building;science;ra
1.00;3.00;72.50;3.00;666550.48;3030.22;187075.50;93427.00;55108.50;33.08
------CLUSTER------
percent:0.10
size:2
codesh,pokemonX
gate;colony_count;level;liga;rank;bo;archeology;building;science;ra
1.00;2.00;40.00;3.00;130222.50;473.78;121232.50;59995.50;8598.00;0.19
------CLUSTER------
percent:0.10
size:2
Jerald,WorIg
gate;colony_count;level;liga;rank;bo;archeology;building;science;ra
1.00;3.00;51.50;3.00;989328.49;832.36;132826.50;93176.00;61711.00;10.32
------CLUSTER------
percent:0.10
size:2
vl_sith,alexbroker
gate;colony_count;level;liga;rank;bo;archeology;building;science;ra
0.00;2.00;28.50;3.00;210098.49;39.88;23449.50;41081.00;56330.50;9.17
------CLUSTER------
percent:0.10
size:2
BOMG666,Skrab
gate;colony_count;level;liga;rank;bo;archeology;building;science;ra
0.00;2.00;36.00;3.00;548768.98;98.75;39065.50;52543.50;107884.01;20.84
------CLUSTER------
percent:0.10
size:2
Karpender,mixaa
gate;colony_count;level;liga;rank;bo;archeology;building;science;ra
1.00;4.00;116.50;3.00;5015528.41;15844.35;149684.50;164797.50;20343.50;51.73
------CLUSTER------
percent:0.10
size:2
vicccviccc,freemOK
gate;colony_count;level;liga;rank;bo;archeology;building;science;ra
1.00;3.00;38.50;3.00;384233.51;652.80;52247.00;92069.00;19543.50;51.47
------CLUSTER------
percent:0.10
size:2
Edelvais,DariiXIV
gate;colony_count;level;liga;rank;bo;archeology;building;science;ra
0.00;3.00;42.00;3.00;938637.02;292.27;82614.00;105490.50;51072.50;40.64
------CLUSTER------
percent:0.10
size:2
Alexture,Push_Ok
gate;colony_count;level;liga;rank;bo;archeology;building;science;ra
1.00;3.00;68.50;3.00;592750.98;4456.11;48984.00;95484.00;26122.50;36.09
------CLUSTER------
percent:0.10
size:2
Khaya,rasnikv
gate;colony_count;level;liga;rank;bo;archeology;building;science;ra
0.00;0.00;19.50;2.00;79962.50;57.55;1855.00;14710.00;18733.50;13.85
------CLUSTER------
percent:0.10
size:2
anna61,Santorio
gate;colony_count;level;liga;rank;bo;archeology;building;science;ra
0.00;2.00;46.00;3.00;584170.51;176.30;119433.00;56845.00;105930.00;9.74
------CLUSTER------
percent:0.10
size:2
danhan,unenezh
gate;colony_count;level;liga;rank;bo;archeology;building;science;ra
0.00;3.00;150.50;3.00;387231.99;64560.15;140052.00;130713.49;26394.00;40.83
------CLUSTER------
percent:0.10
size:2
Crazy_biteks,salabim
gate;colony_count;level;liga;rank;bo;archeology;building;science;ra
0.00;3.00;118.00;3.00;301246.00;17503.80;76003.00;97002.50;46205.00;1.47
------CLUSTER------
percent:0.10
size:2
aleksys,Mizantropka
gate;colony_count;level;liga;rank;bo;archeology;building;science;ra
1.00;3.00;71.00;3.00;186127.99;7.21;438931.49;90197.50;30303.50;0.96
------CLUSTER------
percent:0.10
size:2
Grudik,Ukrainer
gate;colony_count;level;liga;rank;bo;archeology;building;science;ra
0.00;3.00;43.00;3.00;527277.00;293.03;53018.50;102611.50;97038.50;9.36
------CLUSTER------
percent:0.10
size:2
Sparkless,Dimoka
gate;colony_count;level;liga;rank;bo;archeology;building;science;ra
0.00;0.00;20.00;2.00;124000.50;0.00;6383.00;14582.50;24035.50;25.26
------CLUSTER------
percent:0.10
size:2
dorik,Freeway1
gate;colony_count;level;liga;rank;bo;archeology;building;science;ra
1.00;2.00;119.00;3.00;235514.00;17516.25;176816.00;80020.99;22696.50;1.99
------CLUSTER------
percent:0.10
size:2
zukmsk,AflameHeart
gate;colony_count;level;liga;rank;bo;archeology;building;science;ra
0.00;3.00;72.00;3.00;116450.00;4393.42;57339.00;155993.99;18939.50;0.32
------CLUSTER------
percent:0.10
size:2
SVZ,polimk
gate;colony_count;level;liga;rank;bo;archeology;building;science;ra
1.00;3.00;130.00;3.00;2448779.06;26633.00;230864.01;98892.50;29171.00;48.40
------CLUSTER------
percent:0.10
size:2
sav497,BISCO
gate;colony_count;level;liga;rank;bo;archeology;building;science;ra
1.00;2.00;43.00;3.00;1073167.01;197.01;116835.99;72645.00;56784.50;40.19
------CLUSTER------
percent:0.10
size:2
EneJlenC,Lumumber
gate;colony_count;level;liga;rank;bo;archeology;building;science;ra
1.00;3.00;82.00;3.00;685197.47;4557.01;193116.01;84286.50;61592.50;9.87
------CLUSTER------
percent:0.10
size:2
Rhal,Valvikt
gate;colony_count;level;liga;rank;bo;archeology;building;science;ra
1.00;3.00;67.00;3.00;1576517.00;571.37;146320.01;101278.50;268190.50;16.21
------CLUSTER------
percent:0.10
size:2
Leonya,Neofit2006
gate;colony_count;level;liga;rank;bo;archeology;building;science;ra
1.00;3.00;38.00;3.00;515990.50;519.17;31510.50;78933.50;72575.00;22.82
------CLUSTER------
percent:0.10
size:2
Thrown,BaseBel
gate;colony_count;level;liga;rank;bo;archeology;building;science;ra
1.00;3.00;67.50;3.00;1105935.45;1403.85;252606.01;98332.50;58208.50;40.96
------CLUSTER------
percent:0.10
size:2
Dumlin,rossotel
gate;colony_count;level;liga;rank;bo;archeology;building;science;ra
0.00;3.00;105.50;3.00;643034.51;10786.10;128101.49;73709.99;75093.50;2.18
------CLUSTER------
percent:0.10
size:2
Sergio808,Gemelli84
gate;colony_count;level;liga;rank;bo;archeology;building;science;ra
0.00;3.00;64.50;3.00;631015.01;1154.59;258506.02;82005.50;53047.00;25.32
------CLUSTER------
percent:0.10
size:2
chinganchuk,mabold
gate;colony_count;level;liga;rank;bo;archeology;building;science;ra
1.00;3.00;79.50;3.00;1055151.00;6157.55;45954.00;84423.50;43434.00;9.42
------CLUSTER------
percent:0.10
size:2
VaMaG,zaharovei
gate;colony_count;level;liga;rank;bo;archeology;building;science;ra
0.00;3.00;85.00;3.00;1298328.55;5618.46;150052.00;137412.50;17654.00;15.13
------CLUSTER------
percent:0.10
size:2
kolia230,fbfly
gate;colony_count;level;liga;rank;bo;archeology;building;science;ra
0.00;3.00;70.00;3.00;325150.99;4685.38;46483.50;54284.00;76494.50;0.90
------CLUSTER------
percent:0.10
size:2
Kakach,vvborodin
gate;colony_count;level;liga;rank;bo;archeology;building;science;ra
1.00;3.00;52.50;3.00;839916.01;795.28;71960.00;76340.00;167852.51;28.78
------CLUSTER------
percent:0.10
size:2
WhiteRat,edileo2009
gate;colony_count;level;liga;rank;bo;archeology;building;science;ra
0.00;3.00;75.50;3.00;241850.51;5274.71;72900.00;77129.00;32641.50;18.27
------CLUSTER------
percent:0.10
size:2
MrPapa,Nataniya
gate;colony_count;level;liga;rank;bo;archeology;building;science;ra
1.00;3.00;72.00;3.00;1349594.97;1127.39;292755.50;74658.50;128038.01;34.75
------CLUSTER------
percent:0.10
size:2
Methatron,oleoleola
gate;colony_count;level;liga;rank;bo;archeology;building;science;ra
0.00;3.00;121.50;3.00;1404003.04;17781.95;251457.50;87384.50;69997.50;44.55
------CLUSTER------
percent:0.10
size:2
PyaNaYa_KlyuKva,EOZERG_BFG
gate;colony_count;level;liga;rank;bo;archeology;building;science;ra
1.00;3.00;57.50;3.00;277623.01;2834.56;69644.00;61690.00;33465.50;2.89
------CLUSTER------
percent:0.10
size:2
AlexGLN,pbg80
gate;colony_count;level;liga;rank;bo;archeology;building;science;ra
1.00;3.00;63.50;3.00;167784.00;116.88;351345.99;89435.00;17065.00;20.25
------CLUSTER------
percent:0.10
size:2
3yJIuH,30_Om_30
gate;colony_count;level;liga;rank;bo;archeology;building;science;ra
1.00;3.00;87.50;3.00;831552.51;7653.88;41890.00;112495.50;20774.00;48.02
------CLUSTER------
percent:0.10
size:2
TERADON,KIT
gate;colony_count;level;liga;rank;bo;archeology;building;science;ra
0.00;3.00;55.00;3.00;1245500.52;781.23;99365.50;79150.00;158009.50;38.27
------CLUSTER------
percent:0.10
size:2
AlexHaz,nn_pnv
gate;colony_count;level;liga;rank;bo;archeology;building;science;ra
1.00;3.00;79.00;3.00;2315188.06;3172.71;253863.00;78991.00;79024.50;4.10
------CLUSTER------
percent:0.10
size:2
Wolf1313,anjak
gate;colony_count;level;liga;rank;bo;archeology;building;science;ra
0.00;3.00;44.50;3.00;936064.44;261.97;45767.00;57057.50;173948.49;18.65
------CLUSTER------
percent:0.10
size:2
otselnik,serega971
gate;colony_count;level;liga;rank;bo;archeology;building;science;ra
1.00;3.00;65.00;3.00;804127.02;1729.03;112524.50;60905.00;205981.50;7.82
------CLUSTER------
percent:0.10
size:2
BFalcon,GrafChe
gate;colony_count;level;liga;rank;bo;archeology;building;science;ra
1.00;3.00;40.00;3.00;767591.06;678.66;43744.50;116645.00;32046.50;32.69
------CLUSTER------
percent:0.10
size:2
BUGATTI_MART,Eutanaser
gate;colony_count;level;liga;rank;bo;archeology;building;science;ra
1.00;3.00;104.00;3.00;777120.47;9463.18;188195.50;131533.01;51708.00;21.86
------CLUSTER------
percent:0.10
size:2
kunya,Kuzmin
gate;colony_count;level;liga;rank;bo;archeology;building;science;ra
0.00;3.00;109.50;3.00;306563.00;13293.60;87877.00;76415.50;22338.50;6.34
------CLUSTER------
percent:0.10
size:2
Vladisl,pipikus
gate;colony_count;level;liga;rank;bo;archeology;building;science;ra
0.00;3.00;89.50;3.00;2238433.45;6370.67;166150.50;94528.50;67589.50;47.18
------CLUSTER------
percent:0.10
size:2
BATYRHAN,piraa
gate;colony_count;level;liga;rank;bo;archeology;building;science;ra
0.00;3.00;135.00;3.00;879145.02;33705.40;122301.00;100371.00;69061.50;7.69
------CLUSTER------
percent:0.10
size:2
808333,urano
gate;colony_count;level;liga;rank;bo;archeology;building;science;ra
1.00;3.00;71.50;3.00;1380991.47;2951.58;131834.00;187584.99;29118.50;43.46
------CLUSTER------
percent:0.10
size:2
porvandr,4124
gate;colony_count;level;liga;rank;bo;archeology;building;science;ra
0.00;3.00;71.00;3.00;451576.47;3338.93;98322.00;95965.00;108830.50;3.72
------CLUSTER------
percent:0.10
size:2
wrs,SirbuV
gate;colony_count;level;liga;rank;bo;archeology;building;science;ra
1.00;3.00;82.50;3.00;2113618.37;5312.54;109772.50;87394.99;102795.00;39.36
------CLUSTER------
percent:0.10
size:2
irine,BlackHorseman
gate;colony_count;level;liga;rank;bo;archeology;building;science;ra
1.00;3.00;52.00;3.00;1188125.00;91.42;95983.00;71240.00;203009.49;21.09
------CLUSTER------
percent:0.10
size:2
Karmoponizhatel,ssaann
gate;colony_count;level;liga;rank;bo;archeology;building;science;ra
1.00;3.00;90.50;3.00;1141135.02;4693.85;295538.50;89900.00;74753.50;38.79
------CLUSTER------
percent:0.10
size:2
Teika,Queer
gate;colony_count;level;liga;rank;bo;archeology;building;science;ra
1.00;3.00;89.50;3.00;612403.48;61.83;698961.99;83832.50;23895.50;3.40
------CLUSTER------
percent:0.10
size:2
AN_TON,angel_KPOXA
gate;colony_count;level;liga;rank;bo;archeology;building;science;ra
1.00;2.00;54.50;3.00;249841.49;2888.90;35754.00;79419.00;29593.00;12.95
------CLUSTER------
percent:0.10
size:2
AZO,nliox
gate;colony_count;level;liga;rank;bo;archeology;building;science;ra
0.00;3.00;77.00;3.00;1116295.49;1510.23;277978.50;70194.50;191177.50;3.27
------CLUSTER------
percent:0.10
size:2
pushok_lapushok,VAMPIRS
gate;colony_count;level;liga;rank;bo;archeology;building;science;ra
0.00;2.00;40.50;3.00;143818.00;850.10;42625.00;109382.50;22780.50;10.70
------CLUSTER------
percent:0.10
size:2
Ordos1,zleo66
gate;colony_count;level;liga;rank;bo;archeology;building;science;ra
0.00;3.00;67.50;3.00;826250.97;393.05;339173.98;88757.00;61043.50;38.65
------CLUSTER------
percent:0.10
size:2
242ORB,Ig0r
gate;colony_count;level;liga;rank;bo;archeology;building;science;ra
0.00;3.00;135.00;3.00;1196351.57;33084.50;165174.50;148290.00;26000.50;45.32
------CLUSTER------
percent:0.10
size:2
Johnny_Sid,MrManson
gate;colony_count;level;liga;rank;bo;archeology;building;science;ra
1.00;3.00;89.50;3.00;2179011.63;6358.12;151357.50;135480.00;38832.00;49.49
------CLUSTER------
percent:0.10
size:2
Colt943,ORggg
gate;colony_count;level;liga;rank;bo;archeology;building;science;ra
0.00;3.00;118.00;3.00;295350.01;16949.45;99844.50;161617.49;18860.00;4.04
------CLUSTER------
percent:0.10
size:2
whatze_phaq,L_and_M_forever
gate;colony_count;level;liga;rank;bo;archeology;building;science;ra
1.00;3.00;70.50;3.00;1265644.03;2376.29;179690.00;173375.00;21263.00;1.85
------CLUSTER------
percent:0.10
size:2
BesSoloV,Leevoth
gate;colony_count;level;liga;rank;bo;archeology;building;science;ra
1.00;2.00;74.50;3.00;180187.50;6245.34;35330.50;58082.50;17186.00;0.26
------CLUSTER------
percent:0.10
size:2
gobblinn,lio58
gate;colony_count;level;liga;rank;bo;archeology;building;science;ra
1.00;3.00;64.50;3.00;1130953.51;1607.73;140686.50;107033.00;135113.00;37.05
------CLUSTER------
percent:0.10
size:2
Sedoy_,KARA6AS
gate;colony_count;level;liga;rank;bo;archeology;building;science;ra
1.00;3.00;98.00;3.00;481035.49;10032.98;47101.00;141497.50;6936.00;12.95
------CLUSTER------
percent:0.10
size:2
FlintStone,Lineus
gate;colony_count;level;liga;rank;bo;archeology;building;science;ra
0.00;3.00;60.00;3.00;2432030.53;751.10;221624.00;69609.00;94844.00;26.34
------CLUSTER------
percent:0.10
size:2
IIIYHIH,Eug01
gate;colony_count;level;liga;rank;bo;archeology;building;science;ra
0.00;3.00;104.50;3.00;1643603.54;11985.39;77353.50;149945.01;9984.00;52.24
------CLUSTER------
percent:0.10
size:2
sma75,Mindar
gate;colony_count;level;liga;rank;bo;archeology;building;science;ra
1.00;3.00;111.00;3.00;1843575.45;14373.18;118768.00;89642.50;78067.50;42.82
------CLUSTER------
percent:0.10
size:2
Ice_Rock,Requiem
gate;colony_count;level;liga;rank;bo;archeology;building;science;ra
0.00;3.00;165.00;3.00;401887.51;122987.04;154828.50;108004.00;24745.00;20.64
------CLUSTER------
percent:0.10
size:2
lelj05,fifetka
gate;colony_count;level;liga;rank;bo;archeology;building;science;ra
1.00;3.00;80.00;3.00;65067.50;19.63;573294.02;78935.50;16187.00;3.46
------CLUSTER------
percent:0.10
size:2
Miaal,SERMIH
gate;colony_count;level;liga;rank;bo;archeology;building;science;ra
0.00;3.00;84.50;3.00;819785.97;4616.86;255322.02;89220.00;67261.00;5.96
------CLUSTER------
percent:0.10
size:2
AndyZorg,Akril
gate;colony_count;level;liga;rank;bo;archeology;building;science;ra
0.00;3.00;52.00;3.00;270195.49;590.11;100492.50;176055.01;46509.50;22.31
------CLUSTER------
percent:0.10
size:2
Futbolist,E_ug_E
gate;colony_count;level;liga;rank;bo;archeology;building;science;ra
0.00;3.00;69.00;3.00;1440601.95;1538.18;124180.00;143000.00;189024.00;35.06
------CLUSTER------
percent:0.10
size:2
El_Murena,arhi_v
gate;colony_count;level;liga;rank;bo;archeology;building;science;ra
1.00;3.00;113.50;3.00;249986.00;13855.55;137662.99;166354.99;17426.00;1.15
------CLUSTER------
percent:0.10
size:2
nuBac,Dokk5
gate;colony_count;level;liga;rank;bo;archeology;building;science;ra
1.00;3.00;88.00;3.00;684949.47;3227.39;404578.99;101193.99;39439.50;10.70
------CLUSTER------
percent:0.10
size:2
dr_earl,nettoo
gate;colony_count;level;liga;rank;bo;archeology;building;science;ra
1.00;3.00;148.00;3.00;1053776.44;61268.85;104703.50;146065.01;37438.50;44.24
------CLUSTER------
percent:0.10
size:2
Delikates,kronjev
gate;colony_count;level;liga;rank;bo;archeology;building;science;ra
0.00;2.00;75.00;3.00;479484.47;5303.02;87270.50;81834.51;13073.00;45.90
------CLUSTER------
percent:0.10
size:2
EKCIIEPIMEHTATOP,Aleks75
gate;colony_count;level;liga;rank;bo;archeology;building;science;ra
0.00;3.00;82.00;3.00;1059442.55;1928.40;237823.99;81692.50;269201.49;13.85
------CLUSTER------
percent:0.10
size:2
Tsaryok,DaerTawar
gate;colony_count;level;liga;rank;bo;archeology;building;science;ra
1.00;3.00;142.00;3.00;3517828.15;42407.35;293810.01;89675.50;67710.00;44.61
------CLUSTER------
percent:0.10
size:2
returnee,Alecslich
gate;colony_count;level;liga;rank;bo;archeology;building;science;ra
1.00;3.00;61.50;3.00;2586808.49;917.36;204562.00;146854.99;37695.00;19.10
------CLUSTER------
percent:0.05
size:1
Conquer
gate;colony_count;level;liga;rank;bo;archeology;building;science;ra
1.00;3.00;166.00;3.00;24278505.00;114997.00;213890.01;175170.01;54468.00;54.10
------CLUSTER------
percent:0.05
size:1
Awful_Cold
gate;colony_count;level;liga;rank;bo;archeology;building;science;ra
1.00;4.00;157.00;3.00;22895348.68;79588.40;154426.00;131255.00;66558.00;52.31
------CLUSTER------
percent:0.05
size:1
Kisik1
gate;colony_count;level;liga;rank;bo;archeology;building;science;ra
1.00;4.00;188.00;3.00;20927965.71;551208.00;279989.00;121479.01;72493.00;53.08
------CLUSTER------
percent:0.05
size:1
Cheebus
gate;colony_count;level;liga;rank;bo;archeology;building;science;ra
1.00;3.00;179.00;3.00;20128300.93;210789.01;235224.00;100510.00;22948.00;54.10
------CLUSTER------
percent:0.05
size:1
Tropar
gate;colony_count;level;liga;rank;bo;archeology;building;science;ra
1.00;4.00;134.00;3.00;14934449.94;30447.70;159682.00;125715.01;74205.00;51.67
------CLUSTER------
percent:0.05
size:1
Inkv
gate;colony_count;level;liga;rank;bo;archeology;building;science;ra
1.00;4.00;169.00;3.00;12796235.62;154309.00;410849.02;221835.00;19268.00;53.46
------CLUSTER------
percent:0.05
size:1
konstantin666
gate;colony_count;level;liga;rank;bo;archeology;building;science;ra
1.00;4.00;166.00;3.00;12376661.20;122860.00;137759.00;110091.00;52910.00;53.59
------CLUSTER------
percent:0.05
size:1
V_E_D_U_N
gate;colony_count;level;liga;rank;bo;archeology;building;science;ra
0.00;3.00;125.00;3.00;7807285.00;19501.70;267876.00;76660.00;121891.00;47.18
------CLUSTER------
percent:0.05
size:1
Dargaard
gate;colony_count;level;liga;rank;bo;archeology;building;science;ra
1.00;4.00;136.00;3.00;7500634.12;39083.50;50417.00;207050.00;127224.00;52.05
------CLUSTER------
percent:0.05
size:1
Karamazoff
gate;colony_count;level;liga;rank;bo;archeology;building;science;ra
1.00;2.00;136.00;3.00;7248088.07;32852.80;267419.99;138280.01;16491.00;29.87
------CLUSTER------
percent:0.05
size:1
pahan25
gate;colony_count;level;liga;rank;bo;archeology;building;science;ra
1.00;3.00;103.00;3.00;7115784.98;66396.30;359015.00;87694.00;23513.00;47.18
------CLUSTER------
percent:0.05
size:1
Koenigs_Tiger
gate;colony_count;level;liga;rank;bo;archeology;building;science;ra
1.00;4.00;145.00;3.00;6210969.01;50775.10;166243.00;181770.00;39311.00;52.56
------CLUSTER------
percent:0.05
size:1
koba007
gate;colony_count;level;liga;rank;bo;archeology;building;science;ra
1.00;3.00;182.00;3.00;5724933.00;277920.02;176439.00;123100.01;21297.00;48.97
------CLUSTER------
percent:0.05
size:1
Intelegent7771
gate;colony_count;level;liga;rank;bo;archeology;building;science;ra
1.00;3.00;72.00;3.00;5175411.00;3141.98;184467.01;101750.00;32058.00;40.38
------CLUSTER------
percent:0.05
size:1
M_A_V_E_R_I_C_K
gate;colony_count;level;liga;rank;bo;archeology;building;science;ra
1.00;3.00;171.00;3.00;4827725.14;142811.01;237227.01;88596.00;98222.00;42.44
------CLUSTER------
percent:0.05
size:1
spurt
gate;colony_count;level;liga;rank;bo;archeology;building;science;ra
1.00;3.00;111.00;3.00;4528816.96;11780.80;241834.01;147340.00;29129.00;46.28
------CLUSTER------
percent:0.05
size:1
Blood_Silencer
gate;colony_count;level;liga;rank;bo;archeology;building;science;ra
0.00;3.00;58.00;3.00;4492710.07;83.73;252430.99;80623.00;73146.00;35.77
------CLUSTER------
percent:0.05
size:1
Neved
gate;colony_count;level;liga;rank;bo;archeology;building;science;ra
0.00;2.00;53.00;3.00;3776933.18;0.20;231008.01;51695.00;84879.00;50.51
------CLUSTER------
percent:0.05
size:1
AtomMan
gate;colony_count;level;liga;rank;bo;archeology;building;science;ra
0.00;2.00;76.00;3.00;3722609.85;2399.76;240858.99;68705.00;125137.00;45.00
------CLUSTER------
percent:0.05
size:1
_Fordik_
gate;colony_count;level;liga;rank;bo;archeology;building;science;ra
1.00;3.00;71.00;3.00;3696233.96;2598.47;206933.99;69775.00;75147.00;23.46
------CLUSTER------
percent:0.05
size:1
Korushka
gate;colony_count;level;liga;rank;bo;archeology;building;science;ra
1.00;4.00;147.00;3.00;3542170.14;50693.10;132155.00;196986.99;253347.00;37.31
------CLUSTER------
percent:0.05
size:1
ss1988
gate;colony_count;level;liga;rank;bo;archeology;building;science;ra
0.00;3.00;72.00;3.00;3157861.13;1695.54;230365.00;143970.00;85317.00;37.18
------CLUSTER------
percent:0.05
size:1
VovanKaban
gate;colony_count;level;liga;rank;bo;archeology;building;science;ra
1.00;4.00;116.00;3.00;3093786.17;11695.20;296436.00;233925.00;96865.00;41.79
------CLUSTER------
percent:0.05
size:1
ClownBobo
gate;colony_count;level;liga;rank;bo;archeology;building;science;ra
0.00;3.00;56.00;3.00;2989104.02;431.36;110560.00;79325.00;193987.00;45.38
------CLUSTER------
percent:0.05
size:1
supersota
gate;colony_count;level;liga;rank;bo;archeology;building;science;ra
1.00;3.00;83.00;3.00;2899088.94;4235.39;261842.01;71735.00;32660.00;5.00
------CLUSTER------
percent:0.05
size:1
Zemliak
gate;colony_count;level;liga;rank;bo;archeology;building;science;ra
1.00;3.00;125.00;3.00;2828888.05;18983.50;391497.00;87975.00;56770.00;29.36
------CLUSTER------
percent:0.05
size:1
Chopin
gate;colony_count;level;liga;rank;bo;archeology;building;science;ra
0.00;2.00;75.00;3.00;2688973.96;4158.78;186489.01;69049.00;16641.00;33.33
------CLUSTER------
percent:0.05
size:1
AlexyBond
gate;colony_count;level;liga;rank;bo;archeology;building;science;ra
0.00;2.00;125.00;3.00;2489704.07;21692.10;168516.00;66990.00;55325.00;28.59
------CLUSTER------
percent:0.05
size:1
barbus_2004
gate;colony_count;level;liga;rank;bo;archeology;building;science;ra
1.00;2.00;47.00;3.00;2370285.94;313.29;169036.00;72870.00;26208.00;34.36
------CLUSTER------
percent:0.05
size:1
keeper76
gate;colony_count;level;liga;rank;bo;archeology;building;science;ra
0.00;3.00;108.00;3.00;2228977.93;10227.60;213635.99;72365.00;125500.00;42.95
------CLUSTER------
percent:0.05
size:1
namibius
gate;colony_count;level;liga;rank;bo;archeology;building;science;ra
0.00;4.00;180.00;3.00;2219391.99;234347.00;289019.01;131281.00;30469.00;30.00
------CLUSTER------
percent:0.05
size:1
LordDanmer
gate;colony_count;level;liga;rank;bo;archeology;building;science;ra
0.00;3.00;55.00;3.00;2085077.98;1480.34;97704.00;104835.00;63123.00;49.87
------CLUSTER------
percent:0.05
size:1
hapa555
gate;colony_count;level;liga;rank;bo;archeology;building;science;ra
0.00;3.00;135.00;3.00;1987541.06;31023.80;284879.01;122940.00;40317.00;38.33
------CLUSTER------
percent:0.05
size:1
DIEGO54
gate;colony_count;level;liga;rank;bo;archeology;building;science;ra
0.00;3.00;116.00;3.00;1829182.98;15046.80;168222.00;90595.00;72013.00;14.74
------CLUSTER------
percent:0.05
size:1
avgustin80
gate;colony_count;level;liga;rank;bo;archeology;building;science;ra
0.00;3.00;66.00;3.00;1801878.96;918.61;208720.99;128065.00;110882.00;26.15
------CLUSTER------
percent:0.05
size:1
Reptiloid
gate;colony_count;level;liga;rank;bo;archeology;building;science;ra
1.00;3.00;77.00;3.00;1693780.94;955.18;227531.00;100835.00;278186.00;28.33
------CLUSTER------
percent:0.05
size:1
SkifAkinakBabai
gate;colony_count;level;liga;rank;bo;archeology;building;science;ra
0.00;3.00;76.00;3.00;1669773.95;748.71;298586.99;62180.00;230730.01;41.54
------CLUSTER------
percent:0.05
size:1
Ded5555
gate;colony_count;level;liga;rank;bo;archeology;building;science;ra
1.00;3.00;69.00;3.00;1621093.94;645.83;252815.01;156210.00;94096.00;52.44
------CLUSTER------
percent:0.05
size:1
serg197474
gate;colony_count;level;liga;rank;bo;archeology;building;science;ra
1.00;4.00;137.00;3.00;1567421.08;34395.90;254469.99;113520.00;77406.00;43.21
------CLUSTER------
percent:0.05
size:1
Shinasale
gate;colony_count;level;liga;rank;bo;archeology;building;science;ra
0.00;3.00;149.00;3.00;1562021.06;56742.20;256674.00;91191.00;71444.00;6.15
------CLUSTER------
percent:0.05
size:1
Alexandrius1
gate;colony_count;level;liga;rank;bo;archeology;building;science;ra
1.00;4.00;142.00;3.00;1487367.99;45416.00;82512.00;199955.00;15938.00;47.31
------CLUSTER------
percent:0.05
size:1
Prometey_True
gate;colony_count;level;liga;rank;bo;archeology;building;science;ra
1.00;3.00;62.00;3.00;1461781.04;209.53;220185.01;68975.00;170086.01;37.82
------CLUSTER------
percent:0.05
size:1
oger
gate;colony_count;level;liga;rank;bo;archeology;building;science;ra
1.00;3.00;98.00;3.00;1393020.02;6621.28;125115.00;82585.00;274575.00;35.26
------CLUSTER------
percent:0.05
size:1
Solimr_Vali_Barad
gate;colony_count;level;liga;rank;bo;archeology;building;science;ra
1.00;3.00;129.00;3.00;1362102.96;24258.90;180898.99;143303.01;73302.00;29.10
------CLUSTER------
percent:0.05
size:1
dekabrys
gate;colony_count;level;liga;rank;bo;archeology;building;science;ra
0.00;3.00;110.00;3.00;1344837.00;11599.70;123122.00;164780.01;85063.00;45.26
------CLUSTER------
percent:0.05
size:1
Dagger_1
gate;colony_count;level;liga;rank;bo;archeology;building;science;ra
0.00;3.00;81.00;3.00;1253493.03;5383.59;88982.00;90200.00;87421.00;24.87
------CLUSTER------
percent:0.05
size:1
Double___Vazilin
gate;colony_count;level;liga;rank;bo;archeology;building;science;ra
0.00;3.00;58.00;3.00;1236295.99;194.84;75220.00;89710.00;278186.00;14.10
------CLUSTER------
percent:0.05
size:1
LION2007
gate;colony_count;level;liga;rank;bo;archeology;building;science;ra
0.00;3.00;113.00;3.00;1215096.00;13647.40;143794.00;67995.00;64903.00;29.49
------CLUSTER------
percent:0.05
size:1
Barbidol
gate;colony_count;level;liga;rank;bo;archeology;building;science;ra
0.00;3.00;176.00;3.00;1127498.02;187203.00;225397.99;95940.00;19783.00;31.03
------CLUSTER------
percent:0.05
size:1
Npretorius
gate;colony_count;level;liga;rank;bo;archeology;building;science;ra
1.00;3.00;120.00;3.00;1116483.98;18195.30;109051.00;112070.00;27713.00;52.95
------CLUSTER------
percent:0.05
size:1
Kykla_Yura
gate;colony_count;level;liga;rank;bo;archeology;building;science;ra
0.00;3.00;61.00;3.00;1098302.01;946.14;168158.00;159342.01;61892.00;0.90
------CLUSTER------
percent:0.05
size:1
yurahm
gate;colony_count;level;liga;rank;bo;archeology;building;science;ra
1.00;3.00;59.00;3.00;1089037.96;165.10;68889.00;112346.00;275765.99;21.92
------CLUSTER------
percent:0.05
size:1
HYGE
gate;colony_count;level;liga;rank;bo;archeology;building;science;ra
1.00;4.00;127.00;3.00;1055418.98;23350.70;172948.00;125760.00;46293.00;26.54
------CLUSTER------
percent:0.05
size:1
hvi
gate;colony_count;level;liga;rank;bo;archeology;building;science;ra
0.00;2.00;46.00;3.00;1042978.01;324.32;54545.00;53152.00;176290.00;25.38
------CLUSTER------
percent:0.05
size:1
AVADONX
gate;colony_count;level;liga;rank;bo;archeology;building;science;ra
1.00;3.00;78.00;3.00;1041342.97;1588.26;395405.98;98086.00;16523.00;34.62
------CLUSTER------
percent:0.05
size:1
mechowoi
gate;colony_count;level;liga;rank;bo;archeology;building;science;ra
1.00;3.00;55.00;3.00;1008960.00;213.99;174842.00;91880.00;111720.00;45.77
------CLUSTER------
percent:0.05
size:1
TANKER
gate;colony_count;level;liga;rank;bo;archeology;building;science;ra
1.00;2.00;55.00;3.00;969719.96;0.00;120932.00;70935.00;218559.01;22.31
------CLUSTER------
percent:0.05
size:1
nogarD
gate;colony_count;level;liga;rank;bo;archeology;building;science;ra
1.00;3.00;61.00;3.00;963587.97;2.02;176693.00;59872.00;235750.01;2.82
------CLUSTER------
percent:0.05
size:1
hunterzzz
gate;colony_count;level;liga;rank;bo;archeology;building;science;ra
1.00;3.00;122.00;3.00;929986.99;19446.00;76993.00;129425.01;95817.00;10.77
------CLUSTER------
percent:0.05
size:1
MGN
gate;colony_count;level;liga;rank;bo;archeology;building;science;ra
1.00;3.00;76.00;3.00;916637.97;4054.78;104955.00;124550.00;81481.00;0.26
------CLUSTER------
percent:0.05
size:1
husen
gate;colony_count;level;liga;rank;bo;archeology;building;science;ra
1.00;3.00;166.00;3.00;901938.98;113796.00;224996.01;89050.00;22073.00;46.28
------CLUSTER------
percent:0.05
size:1
ProTotTip
gate;colony_count;level;liga;rank;bo;archeology;building;science;ra
0.00;2.00;42.00;3.00;869531.04;0.08;147528.00;50505.00;54761.00;34.23
------CLUSTER------
percent:0.05
size:1
Nevergreen
gate;colony_count;level;liga;rank;bo;archeology;building;science;ra
1.00;3.00;116.00;3.00;851464.03;13851.10;228889.00;144015.01;31429.00;35.64
------CLUSTER------
percent:0.05
size:1
Alex_2005
gate;colony_count;level;liga;rank;bo;archeology;building;science;ra
0.00;3.00;145.00;3.00;816341.97;50755.80;37342.00;143035.01;14346.00;51.41
------CLUSTER------
percent:0.05
size:1
visorre
gate;colony_count;level;liga;rank;bo;archeology;building;science;ra
1.00;4.00;179.00;3.00;767634.02;231997.00;98054.00;140665.00;24335.00;52.44
------CLUSTER------
percent:0.05
size:1
Demerest
gate;colony_count;level;liga;rank;bo;archeology;building;science;ra
0.00;2.00;105.00;3.00;754315.02;10412.60;149075.00;60880.00;71490.00;38.46
------CLUSTER------
percent:0.05
size:1
Flying_sandals
gate;colony_count;level;liga;rank;bo;archeology;building;science;ra
0.00;3.00;125.00;3.00;750099.99;21087.20;217657.01;125398.00;33097.00;11.28
------CLUSTER------
percent:0.05
size:1
XPEH_Poison
gate;colony_count;level;liga;rank;bo;archeology;building;science;ra
0.00;3.00;129.00;3.00;749215.99;24163.00;248126.99;182155.00;22341.00;15.26
------CLUSTER------
percent:0.05
size:1
Mad_Horhio
gate;colony_count;level;liga;rank;bo;archeology;building;science;ra
0.00;3.00;67.00;3.00;735127.99;1635.97;215632.01;127464.99;22959.00;8.59
------CLUSTER------
percent:0.05
size:1
grifter
gate;colony_count;level;liga;rank;bo;archeology;building;science;ra
0.00;3.00;93.00;3.00;734644.98;7206.04;68390.00;64115.00;178548.00;4.87
------CLUSTER------
percent:0.05
size:1
Spinnovich
gate;colony_count;level;liga;rank;bo;archeology;building;science;ra
0.00;3.00;109.00;3.00;730475.98;11385.80;155941.00;62595.00;134231.00;3.46
------CLUSTER------
percent:0.05
size:1
kolchuga
gate;colony_count;level;liga;rank;bo;archeology;building;science;ra
0.00;3.00;133.00;3.00;688707.99;32231.10;24843.00;78665.00;56774.00;20.90
------CLUSTER------
percent:0.05
size:1
Mozka
gate;colony_count;level;liga;rank;bo;archeology;building;science;ra
1.00;4.00;176.00;3.00;685890.00;184519.00;148095.00;184957.00;15936.00;44.23
------CLUSTER------
percent:0.05
size:1
AntiFanT
gate;colony_count;level;liga;rank;bo;archeology;building;science;ra
1.00;3.00;55.00;3.00;669940.99;54.97;190512.00;102120.00;98856.00;24.74
------CLUSTER------
percent:0.05
size:1
tengriumai
gate;colony_count;level;liga;rank;bo;archeology;building;science;ra
0.00;3.00;60.00;3.00;633632.99;663.26;200839.01;166525.00;32864.00;42.82
------CLUSTER------
percent:0.05
size:1
Shveik
gate;colony_count;level;liga;rank;bo;archeology;building;science;ra
0.00;2.00;39.00;3.00;602911.01;0.70;21290.00;47548.00;169916.99;1.79
------CLUSTER------
percent:0.05
size:1
lemynara
gate;colony_count;level;liga;rank;bo;archeology;building;science;ra
1.00;3.00;65.00;3.00;600504.99;4618.05;37132.00;65769.00;8761.00;19.49
------CLUSTER------
percent:0.05
size:1
dscezar
gate;colony_count;level;liga;rank;bo;archeology;building;science;ra
0.00;3.00;154.00;3.00;598573.02;73582.90;42198.00;65682.00;53663.00;5.64
------CLUSTER------
percent:0.05
size:1
khnp
gate;colony_count;level;liga;rank;bo;archeology;building;science;ra
1.00;3.00;60.00;3.00;585975.99;361.81;177956.00;173919.00;60454.00;24.87
------CLUSTER------
percent:0.05
size:1
swartalf
gate;colony_count;level;liga;rank;bo;archeology;building;science;ra
1.00;4.00;40.00;3.00;577039.98;1116.28;306.00;130235.00;13374.00;44.62
------CLUSTER------
percent:0.05
size:1
Jagupop
gate;colony_count;level;liga;rank;bo;archeology;building;science;ra
1.00;2.00;39.00;3.00;569111.01;6.26;7026.00;37075.00;207715.00;1.28
------CLUSTER------
percent:0.05
size:1
HellLioN
gate;colony_count;level;liga;rank;bo;archeology;building;science;ra
0.00;3.00;69.00;3.00;548642.99;2821.37;90480.00;163570.00;74468.00;36.67
------CLUSTER------
percent:0.05
size:1
behappy2008
gate;colony_count;level;liga;rank;bo;archeology;building;science;ra
1.00;3.00;79.00;3.00;521269.01;7202.25;135926.00;77965.00;3819.00;51.03
------CLUSTER------
percent:0.05
size:1
KMJV
gate;colony_count;level;liga;rank;bo;archeology;building;science;ra
0.00;3.00;87.00;3.00;492358.98;4067.23;202804.01;156630.01;110953.00;20.26
------CLUSTER------
percent:0.05
size:1
Vercus
gate;colony_count;level;liga;rank;bo;archeology;building;science;ra
1.00;3.00;26.00;2.00;481854.00;24.42;8604.00;79838.00;4432.00;0.26
------CLUSTER------
percent:0.05
size:1
guriton
gate;colony_count;level;liga;rank;bo;archeology;building;science;ra
1.00;3.00;102.00;3.00;439587.98;10593.90;28164.00;84185.00;94653.00;10.90
------CLUSTER------
percent:0.05
size:1
KrichBAC
gate;colony_count;level;liga;rank;bo;archeology;building;science;ra
0.00;3.00;52.00;3.00;410198.02;313.75;119374.00;194695.00;29403.00;0.64
------CLUSTER------
percent:0.05
size:1
kadovik
gate;colony_count;level;liga;rank;bo;archeology;building;science;ra
0.00;3.00;29.00;3.00;384651.99;36.22;6624.00;37124.00;79019.00;10.90
------CLUSTER------
percent:0.05
size:1
Za_Maskaeva
gate;colony_count;level;liga;rank;bo;archeology;building;science;ra
0.00;2.00;74.00;3.00;381694.98;4946.85;54603.00;100355.00;46418.00;26.15
------CLUSTER------
percent:0.05
size:1
Pan_Predator
gate;colony_count;level;liga;rank;bo;archeology;building;science;ra
1.00;3.00;50.00;3.00;375322.01;889.15;60109.00;188389.99;29902.00;23.85
------CLUSTER------
percent:0.05
size:1
vicvalpol
gate;colony_count;level;liga;rank;bo;archeology;building;science;ra
1.00;3.00;92.00;3.00;373205.99;8148.19;34747.00;52684.00;110824.00;3.59
------CLUSTER------
percent:0.05
size:1
allksejj
gate;colony_count;level;liga;rank;bo;archeology;building;science;ra
0.00;3.00;103.00;3.00;370913.00;10852.30;8888.00;99575.00;102475.00;3.21
------CLUSTER------
percent:0.05
size:1
vabadabadoo
gate;colony_count;level;liga;rank;bo;archeology;building;science;ra
0.00;3.00;91.00;3.00;368670.99;7030.40;96920.00;157045.01;34008.00;26.28
------CLUSTER------
percent:0.05
size:1
PeterKriz
gate;colony_count;level;liga;rank;bo;archeology;building;science;ra
1.00;2.00;99.00;3.00;356309.99;10141.70;82762.00;57835.00;34526.00;45.90
------CLUSTER------
percent:0.05
size:1
FliesKiller
gate;colony_count;level;liga;rank;bo;archeology;building;science;ra
0.00;3.00;26.00;1.00;353717.99;90.70;12789.00;68435.00;7233.00;3.08
------CLUSTER------
percent:0.05
size:1
ATOH
gate;colony_count;level;liga;rank;bo;archeology;building;science;ra
0.00;2.00;94.00;3.00;353298.99;9745.07;26678.00;66107.00;17343.00;2.95
------CLUSTER------
percent:0.05
size:1
antisrg
gate;colony_count;level;liga;rank;bo;archeology;building;science;ra
0.00;2.00;43.00;3.00;343585.01;111.76;144595.00;65810.00;44304.00;0.90
------CLUSTER------
percent:0.05
size:1
mightowl
gate;colony_count;level;liga;rank;bo;archeology;building;science;ra
1.00;2.00;24.00;1.00;336852.00;42.52;7598.00;53135.00;5407.00;0.26
------CLUSTER------
percent:0.05
size:1
n0rdik
gate;colony_count;level;liga;rank;bo;archeology;building;science;ra
0.00;3.00;52.00;3.00;327707.00;1.33;238112.01;96799.00;9359.00;43.85
------CLUSTER------
percent:0.05
size:1
Malyi
gate;colony_count;level;liga;rank;bo;archeology;building;science;ra
0.00;2.00;51.00;3.00;309884.99;70.33;191333.00;42345.00;100343.00;0.26
------CLUSTER------
percent:0.05
size:1
Botankin
gate;colony_count;level;liga;rank;bo;archeology;building;science;ra
1.00;3.00;23.00;3.00;305197.01;0.00;1867.00;58711.00;4043.00;47.82
------CLUSTER------
percent:0.05
size:1
Dman1987
gate;colony_count;level;liga;rank;bo;archeology;building;science;ra
1.00;3.00;160.00;3.00;288756.01;90353.70;133952.00;148909.99;11688.00;33.21
------CLUSTER------
percent:0.05
size:1
tamis
gate;colony_count;level;liga;rank;bo;archeology;building;science;ra
0.00;2.00;37.00;3.00;282500.00;519.79;18145.00;5715.00;106623.00;4.62
------CLUSTER------
percent:0.05
size:1
pitonkrym
gate;colony_count;level;liga;rank;bo;archeology;building;science;ra
0.00;2.00;85.00;3.00;264241.99;6964.48;68513.00;55365.00;58717.00;10.26
------CLUSTER------
percent:0.05
size:1
ReaLine
gate;colony_count;level;liga;rank;bo;archeology;building;science;ra
1.00;2.00;50.00;3.00;258741.01;752.15;122910.00;83345.00;63785.00;7.82
------CLUSTER------
percent:0.05
size:1
tetyaasya
gate;colony_count;level;liga;rank;bo;archeology;building;science;ra
1.00;3.00;115.00;3.00;257364.01;15331.10;108652.00;122465.00;16198.00;23.59
------CLUSTER------
percent:0.05
size:1
Valid
gate;colony_count;level;liga;rank;bo;archeology;building;science;ra
0.00;0.00;18.00;2.00;232552.00;0.00;2089.00;14201.00;17014.00;47.18
------CLUSTER------
percent:0.05
size:1
Bandr
gate;colony_count;level;liga;rank;bo;archeology;building;science;ra
0.00;2.00;74.00;3.00;203270.99;5378.95;37166.00;106489.00;23478.00;3.46
------CLUSTER------
percent:0.05
size:1
bokapor
gate;colony_count;level;liga;rank;bo;archeology;building;science;ra
1.00;3.00;20.00;2.00;184301.99;18.40;726.00;37012.00;3502.00;53.21
------CLUSTER------
percent:0.05
size:1
perserg
gate;colony_count;level;liga;rank;bo;archeology;building;science;ra
1.00;0.00;13.00;1.00;179020.00;0.00;0.00;12710.00;1808.00;40.38
------CLUSTER------
percent:0.05
size:1
Kamikaze_FPA
gate;colony_count;level;liga;rank;bo;archeology;building;science;ra
1.00;2.00;67.00;3.00;172278.00;262.19;382533.99;71355.00;37465.00;30.77
------CLUSTER------
percent:0.05
size:1
Sawoda
gate;colony_count;level;liga;rank;bo;archeology;building;science;ra
1.00;3.00;113.00;3.00;167697.99;12289.60;216384.99;134160.00;60882.00;0.26
------CLUSTER------
percent:0.05
size:1
Volandret
gate;colony_count;level;liga;rank;bo;archeology;building;science;ra
0.00;3.00;76.00;3.00;163012.00;3558.01;234313.00;76514.00;13236.00;1.67
------CLUSTER------
percent:0.05
size:1
Silvez
gate;colony_count;level;liga;rank;bo;archeology;building;science;ra
0.00;3.00;20.00;2.00;153394.00;5.95;340.00;35388.00;11187.00;2.69
------CLUSTER------
percent:0.05
size:1
Nordling666
gate;colony_count;level;liga;rank;bo;archeology;building;science;ra
1.00;1.00;15.00;3.00;151737.00;0.33;26.00;18850.00;3070.00;25.26
------CLUSTER------
percent:0.05
size:1
MulderX
gate;colony_count;level;liga;rank;bo;archeology;building;science;ra
1.00;2.00;127.00;3.00;141501.00;25340.10;33680.00;76879.00;10247.00;0.26
------CLUSTER------
percent:0.05
size:1
Rompeprop
gate;colony_count;level;liga;rank;bo;archeology;building;science;ra
1.00;2.00;25.00;3.00;131506.00;45.70;17147.00;51980.00;6387.00;25.26
------CLUSTER------
percent:0.05
size:1
LORDTATJ
gate;colony_count;level;liga;rank;bo;archeology;building;science;ra
0.00;3.00;158.00;3.00;131288.00;86421.90;81833.00;91355.00;14102.00;11.79
------CLUSTER------
percent:0.05
size:1
shaxist
gate;colony_count;level;liga;rank;bo;archeology;building;science;ra
0.00;0.00;14.00;3.00;107366.00;0.00;2000.00;11546.00;2982.00;47.18
------CLUSTER------
percent:0.05
size:1
Kayman_
gate;colony_count;level;liga;rank;bo;archeology;building;science;ra
1.00;0.00;12.00;2.00;95898.99;0.45;192.00;10691.00;2142.00;25.00
------CLUSTER------
percent:0.05
size:1
Elenfird
gate;colony_count;level;liga;rank;bo;archeology;building;science;ra
0.00;1.00;15.00;2.00;84986.00;0.09;0.00;16382.00;2873.00;29.87
------CLUSTER------
percent:0.05
size:1
Sea4er
gate;colony_count;level;liga;rank;bo;archeology;building;science;ra
0.00;1.00;16.00;2.00;59677.00;13.21;858.00;20232.00;3468.00;2.95
------CLUSTER------
percent:0.05
size:1
OPUSTOSHITEL
gate;colony_count;level;liga;rank;bo;archeology;building;science;ra
0.00;2.00;84.00;3.00;39386.00;8185.48;26208.00;6310.00;18824.00;0.26
------CLUSTER------
percent:0.05
size:1
Armorer
gate;colony_count;level;liga;rank;bo;archeology;building;science;ra
0.00;2.00;18.00;2.00;34575.00;2.80;1308.00;25178.00;4274.00;11.15
------CLUSTER------
percent:0.05
size:1
Nak0
gate;colony_count;level;liga;rank;bo;archeology;building;science;ra
0.00;2.00;20.00;3.00;33981.00;151.00;992.00;26285.00;4986.00;34.74
