22:34:51 07.12.2011
hierarhy - mst: 90.21
hierarhy - kmeans: 91.18
------CLUSTER------
percent:67.10
size:877
lehaden,Croatoan,trumpetC,zverolov,rimcius,NuaFyn,Pozitron,Ta6bl4,ogliki,Volk_E,Spacer346,rodiohins,chaosit,Volnogorsk,lusiliu,sasha7004,wbf,zlodei83,DmitryKhomitchuk,stalker19772008,NAIT,Nalim82,Rezandr1,_Katran_,pqpaq,Arestey,Maks_Anik,leha33pro,Golovorez13,olegdok,parapa,MaestroTV,ivanivan00,dimoris,asqwera,5sajmon,wrewrew,blackwood141,valentin12,PLAF,hudeyjas,donetsking,vova181,mel3300,UIN,Putnik2836,Romankonckov,124757474852,svet2269,Khalissy,denis81,gatyz,shnurik,vesferm,Viper1,stepanko1,Nikolaparovoz,ForWARd_s,Aleksis11,georgeq,dirkus,gogos001,Kingun,spiller01,0286,GraGO,MoneySQ,agent93rus,zhbr29572,Aalia,ydgin1983,artisdent,zogo,tima23,orusbekova93,pahan109,JIVEC,JoJO_9,artem20052005,popovmatvei,Roman7043,kiril1325,MihaSamara,utjhu78,faust45,wFristeRw,lill,BOBko,sujhan,Zaratustra1,suslov,Zest01,XdimanX,lokei,tolan98,serginick,talismanoff,mio2,Allorna,karkasov,Smers34,danzel2001,Reapers,yurko76,oleg27812,jooz,vladdddosik,dimasukrushev,niskita008,suyhisd,hunterof23,divona,hellraiser,Specnaz2120,Stervets,vasyaya,buratino2011,fuckkkkkk,kev,tvoya_AniKA,obychnyichel,maxkot87,Dezember,Hugges,kozancevat,Price,dDenimb,ALLEGATR,swenn,_ShlepoK_,dimanmsu,rejina,serg22081977,ghj4,tulen,kwnwwod,egor1888,_Green_,leoxanin,m666,JaGuARrR4ikk,266666665,Max21091996,Karrra,denli97,PAWOK,chudilo,alex995,roma02021989,kosteglod,iliabin,MrG94,16091975,termoboris,Iris001,MONSTERKILER,WARgeN,dyachukigor,kaoor,REXONAMEN7,Rita67,Darm,YSAMABENLADEN,tronnnnnn,gushin06,Sylver,kalash918,cronfy,prototype24,Ambrosias,Erdan,crossfare,assassin1289,jkjfgfg,kentrol,kinder006,azulus,denissimo16,madkorish,tuthm2,lomm,gonzaa,hjvfy,sanya_sed,Busov,madmedik,ckream003,WonderIce,DenDeTot,Mezmerin,LEXA7654,zx001,shtefanovi,isr7,wedmak56,noobster,Max59rus,Bochok,SuperMax,321dsd,araks4422,warcraft98,zaurbek,ALEX7450,DANGER67,NAGIBATOR666,jepao1998,vikvikvik,1ken96,Maxusim,pasic,Cfg,1000chertei,vitalii176,NerzulForces,faga,kitty13,ura1990,FBI951,sssr126,Legolil,WightKnight,SabOtuR,Pb_u,artur009999,Klon_z,evgen01_84,winner_111,Artem198989,boland,84991982691,diesel609,Grifon1998,andre999,mufas,dandex,Anton32,chuper07,vlad1921,nehto19,arturs576,exviper,stasayn,Sub163,katebrunette,loooool,vano8080,yhyjytjtyj,aspectom,6547788,DarkWint,Askarot,sany_813,knaz1991,Avadog,DEviLlll,AlfaDog,seragl139,Genzel89,Mrbon,DEATHMEN,minecrafter,Aslanbeg,murali,sekasergeyseka,ivgapon,Britva2009,Sanchellos,CrazyBOJIK,vasya22,cozhin,Smertokriil,KRASHTER,Abai303,nikita31,Skaiper,Erap,klanz1997,eybutm,zarina201233,lst213,oks22,habor,dima456,bume28,nikitosik45,brokelmanov,den240281,Vasyanach,vladvish,kotyazin,AZER8692,M_Christya,GODZlLLA,bnd,Zombie646,topate,777Blad777,Weepingangel,DAGER05,DaoKakao,artorius14,NFD,kthf,soldatdolga,11052000,ujgghjrc,nikila,Darkaurum,danil12199,gerosssss,Jekatd,ivak,narminator,dfvdf,Mr_Germes,xarek,ushome1941,Ruslan25,maksimusment02,karolito,snyder,foks85,Lineholt,Simplejke,qwerty_1977,PATRICIY,BROK,dodzh,Ferkis,ZigVarxaid,kirill09,den141002,zigmund332,NodanRU,slavaslava1999,aaa5721,Kristalino,Zergoot,yura_immortal,Robotmac,Nic0,BlackVizier,Spock,liteyshik,vinnikovn,marat00714,nikitapolt,gummers,bardoo,dan008,danngerdan,Rochelle,SuperBERSERKER,79520298471,serega58,banga,InkenT,armagedon2007,lkjhgg,Romka527,Anaqan,gospoja06,anvarsa,Galats,Strateg88,Starfall17,Emfast,vlad520,Joshik,droyz,nevolyshechka,Bozhyk,CHEMBERS,DIMA90765,qpxFESTUxqp,UrfinDzhus,alexandr94,anton501,Torvald_Nord,incone,greben,1234sasha4321,dreadful,mexekanez,polivod,silverbee,Flakoson,rerreree,White_Mit9l,aleks73,NahaRaha962,Pehon,parsus,malinna_zm,Burt74,sapsan5,ytuhjd,Super8,jjuuju,dach_gamer,viktor066,berdnikovsa,1sergej,sportak1,kukk733,shuric,211,irinan07,alexwin1,Andry2003,LasTik007,Kiriilll,DeNTer,stivdavis,lehiy93,zagarcheg,schsindrom,nikitochec,Catgun,Storona,dezari,FpaHcy3,CosmoJo,Mih66,Destiny_Hero,Norton63,xxxHOUKxxxx,krigsmarine,lelj9995,SIDMORT,mihachipkov,MINOR_,sasha5556662,warl0ck2008,LaRcHiK,eFFecT,CRYSISS,human2000,Any69,shamuratov,lbyfvj,eduardverzlov,StariPerdyn,veti1998,leoxan,mastrenkov2008,MIXAmag,1962472,samplegko,HEKTAP,n141987,blondin1984,heltin,Vovabeca,chbgfhffdsg,GyGy,JimmiWest,arkan99,IVANGER,stas260302,exilcccp,st_lucka,naemik325,Ratio,KeParis,Danilauskas,Nekomimi,ASX,tsar45,AndreyLi,toxa1602,Artaniz,huhrik2011,koliya,KennY1DeatH,Toru,dorokhov,fasterdnb,Valter,lfneelpl,fiftifive,Kuzymaki,Simpson_H,hohage,baggio69,alladin1983,bvgjt,ZloyZak,kamila12,seta11121978,gordeev275012,Ruslan444223,AnOoBiSss,leftdead,LordKoc,RIFARD,dnb444,denik77,Witaly80,Spread88,Leizer,Selfish,nitup,CyPeH,ValerVp,BlackMind,DarYa,stalkeruga,hyneji,x6x6x6x,ushakofff,sss555,Slash888,dei40,virtuozas,varron,nikitanka,CeRdCeDKa,Linv,Vergeney,WildChild,utyf90utyf,gbodga,tusao,Fearik,Vadya159RUS,vikby,380964326493,marklevant,Ket87,demian46,giffon,Lomol,Skiyliyne,ferondo,moko,andrey88,perets,riferd137,Argossal,Immolatus,Loreta333,dvs007,sharkcool,Shraybikus,hfh,Dimano09,Artemboom,kemran26,balgaas,bepkyt2000,dim0nikus,kostja07,Killhfnter,CONEVAL,alexvh,lesha772,Lemonacs,CJRJK01,red45,maxcrow,Alekasan,NECRO71,fkxtvbcn,betta1,kvinto99,StasRV,dikabrazik,Bartezz,1a1s1d,ZAZU,rod283283,Nero333,kamanin,Morrokyn,Givi2012,reftik,ArchaicDefender,199198,fenixblack,slava001,makc1777,Fatonid,dante800,GOLCHIK,WebSnake,aferon,HappyRandom,byl61,Eia,bambu4i,lionhead,shmul,angel2012,666marko,Shinyaev,diletant,predo,Ramonezz,K_V_A_D_R_A,suhopliev72,sannyboy163,caha999,Alex_Croft,mizaa,faraon10000,mihason,zaxzax,FENIX29,vvulf2011,killeromaks,cergeu2011,Tagil,Vadimka1ka,asakyra90,Therrey,TIRATORE,Hakypu,Sarracenia,ssss1111,GTeR,xau,Mercenaries,Pianerik,Fantom2079,Zlobaa,CKA3KA,Legionys,Ziderld,Volc22,muxolov,zaxzaxs,ZzzerG,pirun,Mapoy,VOVIK80,Cubawa,HelixDragonoid,REXONAMEN,drozdofil143,rthz545,Aerona,RemNeo,Fylhtq555,vadders,sultan4ik,artyom310,levaa17,PNX,isayka,vazilin,Diego_ramirez,BOBK90,DINOZAVR3,pupsik10322,artem_v,KADRoid,kolysto,sunnykitten2,dgNastya,dvb87,bot_13,Arbitrator,FunGame,Manoroh,kaspwip,alecse,egordrago,BROKER7,RASTRAS,aidar19,Puritanin,20grigorenko20,CTAC29,ghifro,Shanxaec,feuerlotos,Arabella,Fagus,tvisterok,aisidora,Kirsans2,vanovoroneg,neo_n,leex,Krasavcheg,LordPioneR,UDAF,volohh,ArcGurrenLagann,kol011235,Kiri3,costya,Zaruba,vuvuy,a_angela1988,xSHNAPSx,Raul13,kyrbaka1990,RKMASTER,mun5,jinwar,appolonn,seshka,wirowulf,SergeyS75,Age,donirur,brik,Perikl,sergey1998_555,arghonich,InFlames,WladZ,alximikrt,Winamper,drovasi,Festival,dyherak,Njarlatotep,Logion,alnik2720,Rokeroman,Golam,cergnoxrin,sashakiller33,killive1990,Gromoboi15ss,Sano14,sergeyvahr,maxplo,starec23,valera8177,volkonss,As123,tornadinio,aleksandroya,Anubis21,Lamelia,disa13131313,Ramzes7474,mentyra,SASHA9821,wolkosonder,slashkaua,PushEV,VonDorn,ZeRgIUs,OLEG555,kcibark,aciruk,Valdagor,fkvlt,sinerus88,TsubasaMi,GREMBURG59rus,andreww,Egor2802,and123,Hebernot,kazancealeksandr,Skate,Dinek_KZ,kill23,Snaiper_001,hero220011,boroda71rub,FL0P,olegakimov54,rtwfkmrjfnkm1,Trayton,OXIMINION,Derevnya,TERORIO,xKAbuTOx,AzaZema,genius09,Vunder,Steel_Lion,Pavlin,madhunter13,Darkhuntshan,Falcorn,colohunter,daniel007007,Ckarabey,PUSTOTA,kramunys,20002011,Takeda,cwarnoi,Tur77,UoPilot,maklar,Up87,fugas777,totktonado1,renik,riddik123,alekzan,pavel30,1245698,Mirag70,noonan,EmiBow,mustafar,Ozy,SASHA50,kade,aricksin,sterling,denys1321,orin2012,KOt661,LaCross,Oddys,AlanTLT,smait97,rsvsergey,anchik89,renjiaero,SunFade,TheOleg,Kapernik,minitank,wolc,elisa97,dinotopli,Adzel,Bromc,volshebnik31,Trion666,22erty,kisska2307,gmb,Titbit,devilmaydie1,Mykhael,DarkValar,bespalovser,pepitos,dimaaaaaa,cingiz8,pauthii,rasengan,kullerr00,sonatochka1,gelos7119,PoolShark,Makcim1244,Frostworm,DarkGhost666,jetech,stjopa22,SOAD2106,svyazist,Resistance,SVOI,SPBOMB,sezyk,JohnKiss,ZIP111,Barma,tri4erz,mutabor278,djasper,guskonikita,samatron,delapro,davidbakaleynik1998,dgon666,keylogger,Sanc,aladdinast,209087,_nattanfrey_
gate;colony_count;level;liga;rank;bo;archeology;building;science;ra
0.00;0.00;1.40;1.00;4436.28;0.00;7.23;190.96;35.96;0.00
------CLUSTER------
percent:8.80
size:115
trollkill,st689,Sergiy1968,WarWiner,soranet,neveruncle,MimickryStronghold51,MimickryStronghold46,MimickryStronghold47,MimickryStronghold52,MimickryStronghold49,MimickryStronghold43,MimickryStronghold45,MimickryStronghold44,MimickryStronghold50,MimickryStronghold48,MimicryStronghold6,MimicryStronghold1,MimicryStronghold2,MimickryStronghold57,MimickryStronghold56,MimickryStronghold53,MimickryStronghold62,MimickryStronghold55,MimickryStronghold54,MimickryStronghold61,MimickryStronghold60,MimickryStronghold58,MimickryStronghold59,nivian,Dragon_Keeper,Zanty,aragon1971,zezar12,den1313,kroha71,viplena605,Alitet,izum110,mr_perfect,Kronos079,kosmoss,warloc69,koksik666,ZeSide,west21,Master112,vampir117,solo1328,Aladux,yanken,rex_s,Amaltea,CHEBUREK,YosukiSan,ShEvA,Mugen,urgin2002,MAPKC,sagatero,vbhjc,nimezidaa,Nyak,Sneik,tryba5,Olehka2,Scion,9691,nitrog25,Asteroid25,LUBOMIR1974,Eternum,XePoH,BORODA7,kot71,agent0,budulasha,alekslit,glotovkonstantin,gari_malii,YadoloV,maks300030,spiritvos1,James_Bond007,offka,zombie007,Arkanov,nonmob3103,kot985,vintfen,IIMMOR,Colony,JimiHendrix,yyk,Zalupitel,Lexsus111,INSTRUCTAG1,Infiltrator,alecseq,1tur1,Leomon,wayder,sk1308,shumjuri,Shimaka,ORO999,DogLao,arirgo,witaltec,EVE_Extrimal,Redfeek,alanhorn,stalerserega,dhuus,Mangafox
gate;colony_count;level;liga;rank;bo;archeology;building;science;ra
1.00;0.05;7.16;1.00;217789.77;0.27;123.85;4126.94;902.30;0.00
------CLUSTER------
percent:4.74
size:62
A_Makedonka,Gamble,LordAlucard,wwl911,romanandru,666aptom999,nikollai,zorge,tango_7,chay,straga,hashvis,RUPLERz,alex220174,Aversis,geroldin1964,Punya,Are,Smith_lara,alxan,fv1144,vfinogeev,Lavrentij,zoloto2,Irdis,hroerk,sorokin119,uef2,ryzhsergejj,elidos,lexa22s,juon85,evgentino,Novellino,sansan,ReyMysterio,VladikBoik,belozerskaya,fomichenko,transnn,vitrag,crover,JPS,karatell1,demoncon,Bury,HYMM,zhenja_kgd,fsuomi1,pensioner72,kimstar,prostolion,KorvinP,kuraneclan,ACCA1,vitus78,Harper_Scout,PanteraKL,xxHUNTERxx,amorfia,konan_varvar,Triptophan
gate;colony_count;level;liga;rank;bo;archeology;building;science;ra
1.00;1.00;23.79;3.00;1073196.90;131.70;16429.76;32120.82;9365.60;0.00
------CLUSTER------
percent:3.29
size:43
Slabon,ibrova,Erland,Rony,rexston,sergeypsb,freemen77,vova_chip,maxdima,vezunchik_I,Elkora,fosfor1999,harius666,ultimate1,sour,NLO_V,tehnolog,michadas,EugenAC,LOB111,Yometsukai,sega1980,AIIR,Y2009,corcy,JMC1,maximus89,romahka,skygirl,Ftvkun,Hunta,instaal,4kb,Vavilon222,Kribs,choff,Nigg,buginer,RJzzz,pedro1990,strannik100,moskva3,ryslanchik2008
gate;colony_count;level;liga;rank;bo;archeology;building;science;ra
0.00;1.00;22.09;3.00;1164311.79;51.98;10518.28;34360.74;10132.65;0.00
------CLUSTER------
percent:2.45
size:32
rodikant,Nomar,ZELLO,Noisia,Hidra_rTj,gendelf67,loliPedoKun,VIK_20,PonTorez,SlaF,vaz21047,mrak9745,oma,machinist,John_Dragon,Podonok2222,olegkoz,draiver,liveandlearn,milaska,Sniff,airi,111veser,uNknownMark,fanton200911,xexeylhf,140475,vovanjatka,pashkin,bbuucchhaa,KZB,dargo
gate;colony_count;level;liga;rank;bo;archeology;building;science;ra
1.00;3.00;34.16;3.00;2855587.06;535.29;31397.69;84312.93;14583.12;0.00
------CLUSTER------
percent:2.37
size:31
FU_SHU,Keyra,TheJone,grafarektor,555temik,bazzill10,FROST82,Anarchy,GadFly,alqumista,kurod,zanzibar2054,seregazyev,19972906,Nuligen,NEMO1234,acdc4098,korolewa,vbnzq12,alekspotapenko,manych1,kashtanov19651,pitmoto,mtnigor,fortockin1,htubcnhfwbz25,Nata0790,wakart,Accord_plus,Maymai,RAF79
gate;colony_count;level;liga;rank;bo;archeology;building;science;ra
0.00;0.00;4.61;2.00;48757.61;0.17;61.90;2109.39;580.26;0.00
------CLUSTER------
percent:2.22
size:29
vOICe,korael,Alexandersem,lrez,flast,Deadrustle,Uther,valtazar,anri100178,Lavrij,AlexDragon,Jonny_777,gsd_r,jekamaster,jekamaster76,lsashka,ojegin,strelesin,sheddar,Trionix,DirtyCat78,kirill1997,NewWayfarer,nikson76,DarkZeal,Maraderihka,SunMarin,AntohA85,rubra
gate;colony_count;level;liga;rank;bo;archeology;building;science;ra
1.00;1.00;17.97;2.00;640936.87;8.79;2555.55;26151.10;3897.79;0.00
------CLUSTER------
percent:1.84
size:24
NHKBN3NTOP,DIVERSANT4s,laeda1981,Biohazzard,RedOmar,_Lenusichka,Annita,Filonov,virtualboy,Sigrin,krenbelek,zhy_zhy_,Rerik,sirius_1,Likvidator,SEREGA_63,uborschica,malyanovalex,darkiona,ellorin,sokol775,igorechek,toha_killer,Turchik
gate;colony_count;level;liga;rank;bo;archeology;building;science;ra
0.00;0.00;11.25;3.00;292562.10;0.88;1318.00;8299.29;3889.21;0.00
------CLUSTER------
percent:1.22
size:16
LEONID20,LmishaA,Flout,OliverNight,dada,kiiss81,Zuulluus,MANGUS,KleineKrokodil,azarro627,Cummins,mauricio,mikyy,Darckgodx,toxa1241,vezelvul2
gate;colony_count;level;liga;rank;bo;archeology;building;science;ra
1.00;0.00;10.81;3.00;236639.87;2.11;250.50;7131.94;2975.00;0.00
------CLUSTER------
percent:1.22
size:16
sargona,rulio,kon823,WERWOLF5011,Gektorrus,vjaerin,ultrahacker1,genochka7,dendi90,sanyabessmertnii,aleksandr666,asks,Fagot99,Gotta,Chaplin2011,Rightman
gate;colony_count;level;liga;rank;bo;archeology;building;science;ra
1.00;0.00;9.75;2.00;182566.52;0.66;204.50;6411.69;1941.06;0.00
------CLUSTER------
percent:0.84
size:11
akakash,_Moron_,Angryman,test1111,stas1230,Alien3,distortion,dag83,Hunter,igusik66,EAS1977
gate;colony_count;level;liga;rank;bo;archeology;building;science;ra
1.00;2.00;29.55;3.00;2092652.52;260.56;21945.73;62369.91;16957.09;0.00
------CLUSTER------
percent:0.77
size:10
dartl,4312,ivo79,free_man,Zga,Spirit_GL,parmalan,diesell,mikrostov_702,Brethrezen
gate;colony_count;level;liga;rank;bo;archeology;building;science;ra
0.00;3.00;35.20;3.00;3722692.90;473.99;43405.00;81420.60;21952.70;0.00
------CLUSTER------
percent:0.61
size:8
Gerasim_fa,kozacok_2,stmaxst,tarantulMF,PSIMM,Varvar_,sav497,CTPELOK777
gate;colony_count;level;liga;rank;bo;archeology;building;science;ra
1.00;3.00;51.12;3.00;5638874.17;1385.02;116297.13;86497.13;21991.62;0.00
------CLUSTER------
percent:0.46
size:6
Vital82,novocat,geolog,MrSiquel,Dvirus,Morhf
gate;colony_count;level;liga;rank;bo;archeology;building;science;ra
0.00;1.00;17.00;2.00;531298.32;5.47;1646.67;23589.83;3504.17;0.00
------CLUSTER------
percent:0.31
size:4
KOGAN777,Beliar_MS,Gilgamesh,tyxwn
gate;colony_count;level;liga;rank;bo;archeology;building;science;ra
1.00;3.00;49.00;3.00;4462685.32;106.71;191355.76;69882.75;49298.50;0.00
------CLUSTER------
percent:0.31
size:4
Nrjalathotep,Yesman,morze333,nikbrat
gate;colony_count;level;liga;rank;bo;archeology;building;science;ra
0.00;2.00;34.50;3.00;1756148.99;506.65;33432.25;67301.25;11449.00;0.00
------CLUSTER------
percent:0.15
size:2
OnePiece,peha84
gate;colony_count;level;liga;rank;bo;archeology;building;science;ra
0.00;1.00;13.00;1.00;267135.51;0.00;321.00;11365.50;1667.00;0.00
------CLUSTER------
percent:0.15
size:2
lost_k,Polerio
gate;colony_count;level;liga;rank;bo;archeology;building;science;ra
1.00;2.00;56.00;3.00;1892867.54;2146.19;108523.00;77632.00;13199.00;0.00
------CLUSTER------
percent:0.15
size:2
vitok,GRECHKA
gate;colony_count;level;liga;rank;bo;archeology;building;science;ra
1.00;3.00;108.50;3.00;9419583.60;10831.05;219162.49;91205.00;32033.00;0.00
------CLUSTER------
percent:0.15
size:2
KRIS100,fatinya
gate;colony_count;level;liga;rank;bo;archeology;building;science;ra
1.00;3.00;81.00;3.00;4932676.35;3453.06;292967.49;98536.99;19892.00;0.00
------CLUSTER------
percent:0.08
size:1
Igougowego
gate;colony_count;level;liga;rank;bo;archeology;building;science;ra
1.00;1.00;114.00;3.00;14115729.00;13895.50;123766.00;62400.00;79836.00;0.00
------CLUSTER------
percent:0.08
size:1
Enki
gate;colony_count;level;liga;rank;bo;archeology;building;science;ra
1.00;3.00;54.00;3.00;9962651.28;2032.75;23031.00;75795.00;90967.00;0.00
------CLUSTER------
percent:0.08
size:1
neat1ve
gate;colony_count;level;liga;rank;bo;archeology;building;science;ra
1.00;3.00;77.00;3.00;7862469.07;4674.91;95452.00;121985.00;23018.00;0.00
------CLUSTER------
percent:0.08
size:1
Rostyslav
gate;colony_count;level;liga;rank;bo;archeology;building;science;ra
0.00;3.00;63.00;3.00;6806864.02;1868.68;193801.99;91063.00;17389.00;0.00
------CLUSTER------
percent:0.08
size:1
orbital
gate;colony_count;level;liga;rank;bo;archeology;building;science;ra
1.00;3.00;88.00;3.00;6698665.16;7967.02;31290.00;89900.00;21881.00;0.00
------CLUSTER------
percent:0.08
size:1
kapengagen2
gate;colony_count;level;liga;rank;bo;archeology;building;science;ra
0.00;3.00;59.00;3.00;6676892.89;2004.52;86078.00;161854.00;21721.00;0.00
------CLUSTER------
percent:0.08
size:1
Azzazelo
gate;colony_count;level;liga;rank;bo;archeology;building;science;ra
0.00;3.00;100.00;3.00;3693644.97;9670.12;86280.00;103565.00;26330.00;0.00
------CLUSTER------
percent:0.08
size:1
geraklit
gate;colony_count;level;liga;rank;bo;archeology;building;science;ra
0.00;1.00;44.00;3.00;3133361.96;1112.71;35290.00;73736.00;17486.00;0.00
------CLUSTER------
percent:0.08
size:1
Softly
gate;colony_count;level;liga;rank;bo;archeology;building;science;ra
0.00;2.00;61.00;3.00;2855542.90;0.51;343333.00;71882.00;18054.00;0.00
------CLUSTER------
percent:0.08
size:1
_Heo_
gate;colony_count;level;liga;rank;bo;archeology;building;science;ra
1.00;1.00;74.00;3.00;1518097.00;5876.04;17230.00;40495.00;18958.00;0.00
------CLUSTER------
percent:0.08
size:1
sergaaa
gate;colony_count;level;liga;rank;bo;archeology;building;science;ra
1.00;1.00;69.00;3.00;1364623.01;3544.82;147991.00;38070.00;19254.00;0.00
