17:00:40 06.12.2011
hierarhy - mst: 100.00
hierarhy - kmeans: 43.12
------CLUSTER------
percent:38.12
size:345
Disa911,iskdir,eviza,LEV_LIS,Dj_VMB,expresso,husen,gr385,hapa555,Ulis,dudaeev,LPM2003,KVV621,Praid,Barbidol,genesinov,aleks43210,Futbolist,yomoyo,alex_ak,BATYRHAN,tengriumai,westfal,adam45,VovanKaban,frachtzahler,shelmu,Mic,lheu4,psaa,sau2005,EvilBarabashka,KassanStVendetta,ivalnick,uHBaJIug,IVA60,GammyXXII,Sergey_SS,kirden,Cuesta,panpan,Dokk5,KIT,nik269,RODINdeARNO,Secor27,Encephalon,rivai,red_mavr,mazs8,EKCIIEPIMEHTATOP,Shveik,frosinmug,def__mrc,vladimirovich2007,Palit,RVADAK,STALKER3000,ss1988,Zondaj,AndrewsAnswer,vladimirmvmu,ivanrood78,Cheebus,_IIIAMAH_,lemynara,SlaerART,952703,FateNoMore,Rustik27,FOXIKspb,Vasilisk_,Zmeeed,pipikus,galenet,LZXVII,Dimasik30,Amigo0x0,Nerrzool,iwsh,vitalix,sma75,BarGlot,pav052,Alex_2005,UnbalanceD,_Zavulon_,VozDyx,RAV007,nofilet,veny,OHWIR,IIAPAMOH,gramm100,cherepanv,narkommax,Volandret,Phssthpok,afa_ll,filchakva,GENA1109,DARSHAN,DJINNYA,ddiiver,Palik,Chertopodoh,MadVik,Velisariy,mazarussia,ESpawnja007,wowa7,jmodam,Mad_Horhio,opex2,Faberjo,Fobia_K,woddnui,sspss,Ist_Gop_Stop,prostoguest,tolsuper,LaV_is,kvaziboss,buryjtino,Noiret,Nick_II,AlexyBond,Yolka_new,barneo,gtrus,niko199,murtuz99,MuKPo6,florit,iskatel,drugininivan,Marlboro_ultra,Sendex,_RaceR_,korepan,c_b_rsashko,moskvin,Lyk,Rokkki,GorAndre,devakor,olegkings,kenkra,lesorub_s,belokrylin1,McDin,hg_hg,WoolfNight,vladimirlevchenk,Interferoner_,rozhik,belyidim,dimon6616,Ovip_lokos,Alexandrius1,okbr,Muskuls,Indians,avalsuper,Dantist13,BesSoloV,Denis666,birel,totaldeath,Xander78,SERMIH,rusbar,Otorgunov,Suderator,Heckfy1982,Mamay,SwwS_Sp,dedmopoz,MBug,UdafKAA,timtaller,Mick34,Vladimir_DS,Alekos,Tumann,Vladisl,iomega,wolfmaster82,sania106,mbu,latyna5,Dark_Anakin,Skyle,pariskar,o5e2stou,anizot,beistand,TerraAldina,obeziana_000,borisvd,pokrmon,lencik2000,Oleksadovbush,zergs_sk,Gosik,AlexSot,denis_dok,Kytyza,Korsar1112,lejja,Qadzila,bah_2005,pakemon07,TERADON,Blondinka_ya,APOHAP,Zhivunchik,lzot,skywitch,RAKSHAZ,Cirena,prada999,solomon41,stacker,Kolokolnik,vitalyk78,zReDz,MAKs73,Viper1,A1Tis,erik82,SkyLite,stribog13,Allur,Katalex,anna61,Koka_lv,Drunk_Amigo,Tatland,lehyi,sonya270972,milaska,Woolf007,Rusana,HangLoose,stesha27,Black_Temple,UDARrrr,Xokki,Mindar,DonAlonzo,AlphaSp,Uchti,ufnm1,ComData,vivax4,birryuk,sergeyka16,Warrioriss,redmaverick,Lordin,Black_Glad,smeshar77,Hiro_Nakamura,SergeSLK,DailiCaesar,swqa,shmaks007,ElvenKnight,romancziv,Akril,Dark_Inquisitor,strilok335,ura7ura7,STEAG,Alexander_K,S0g0S,kain_7,Sergo123,ArchFromDrom,domok,hecfxrf,ROVERss,provincija,pedotty,Nicole1982,gladiftor,lookish,rjcnhjvby,ferrgo,MuaDipus,gan_jah,kollesnik,val789,dobr167,jonglop,X_Dimedrol_X,Tasman05,Slonopotamius,wlad48ru,Gines,Lukast,riptarik,nemo226,Fess48,AmiTar,icewind666,SoulJet,star_ovivan,shu11er,Nevr,Arlandino,MaxFax,dima_14_2010,Ceather,the_dark_killer,jugls,Rise_of_Death,onesimple,bgRoger,alex_15,31125015,machinist,avb96,Brodaga,xXxRAWENxXx,plan16,voa,abkbys,bestbroker,Pretvoritel,Stas862005,vl_v,byxo,brodjga,7_days,22061999,LOOSER2010,questionbig,Nak0,Zomba_Inc,breysov,redok3,DJABA_2,bondar06
gate;colony_count;level;liga;rank;bo;archeology;building;science;ra
0.00;3.90;49.45;3.00;533824.10;4789.14;61725.68;97763.23;63409.67;16.69
------CLUSTER------
percent:35.47
size:321
noveshek,CapColonyVoraner,Bockpechiy,elipss,maradonna2021,Shrek2015,Inkv,abervalg,chamsu,spurt,DimonMillion,9l3bl4HuK,Leonya,Lenusichka,wirton,alexxy,sidvk,V_E_D_U_N,T0Pdog,H1tToB1t,vovanjatka,Barabashko,Admics,Vadim19,Maratelllo,nn_pnv,muller_spb,lazuritIT,Vkusnya,alex3108,Technik666,SvetaCh,tirapevt,svesla,dio73,Dnstuff,obmorok007,Dowmntime,Ivanauskas,vicvalpol,PR0FESSOR,Slava7,nettoo,wrs,PUHVINNIVINNI,Awful_Cold,gjtpl,Gilmorring,JOHNNNY,Veselchak,oxi13,rattxxx,Yadosupp,xaak,pyogai,KALOMBUR,kybrakovsergeinikola,FetFrumos1,Wist_FM,SMmoscow,Bormental_15K,Oricycle,_Molox_,0dendroid0,pitonkrym,defarth,KSU_KSU,MAKLAUD_PV,RUSSMD,Saruman,mirotvorec23,100100,Achyto,fkeinf2008,helpowik,arsen1293,Vladik,Gorbi_St,dedysx,Djim77,11011,bb1112007,Akhinaton,SpiritSpace,drakon100776,Advokat_79,Johnny_Sid,Intelegent7771,Slaka,damur1963,devily,YaceK,gosha7893,asket3103,asiryus,Artinez,Platonchik,guligo,avm72,tarasdowhan,morogovi,Papajuck,_Argo_,almashy,mibier13,Vasya6666,Rain_man40,AndrewPchelintsev,Mickm,JF_SANYCH,VADIM666,Quistis,SpaceBizon,frankds,Danaleks,STAREC231,kosolap2009,OldRedvirus,dimulius,DAV79,bekser,TpaHK,OOOps_OOOps,atzek,a_shir,justice15,aivamar,QTF,fxdes,Dirael,wield,Svin2000,Sergej_Hilt,neAngel_Ok,supersota,BHY4EK,SerGant,ESIN,Fisher1967,mik559911,neruski,terehusha,DaerTawar,Vadyuxa,xnopa,SilverHant,Zelenaya8,poccu,Jego,sergey250595,laralara,Suny_MAG,slgor34,Shangrila,Dedushko,drakon4777,Erato,gordonfrimen21,mvosnik,molotoboec20099,MexicanoCanalla,konan_volk,yurhome,hosaen,Laodzhan,Ukitake,guriton,American_33,kroxa_,VragV,iimolodoyi,KissK,igordjus,Mahmed,behappy2008,an26,AlexGorby,vadikS,AgainLedi,alx_12,DrakonXIII,SANCHOUSS,gutalin49,salabim,ndl01,JLndd,Grekoff,sbit,Belov84,JIeBaK,M_A_H_N_O,smelof,Rada2207,VaMaG,Glyants,murta,SaorDual,Progressiveage,mitios,Gnomicus,reBlueTooth,Crazy_biteks,Alexei_kor,enerpac,voleri_moon,Mubo,akland,Mozka,Belarus2005,ssss2010,rustuk,mishelsh,maksV,weapons,GenaKrokodil,LiLab,SLBE,Hassadar,fetol,indau,unenezh,Ufns17,OMGXaker,urodets,Draiv_t,Klermon,boets,CFC,Avtoric,pilgrim6,2d_monah,242ORB,in_out,kir1981,chebulduk,Golden1963,mihhalo,Aleiiika,Yakov2008,khnp,alekgrass,Trevor_Kidd,HTML2k,Mete0R,Fericl,_O_R_I_O_N_,zappa_77,satelit5,DedHrust,filnet,gavrik32,Dastilla,Triptophan,Daine,Vurt,uhtr,konstfntin,Cadet_L,Ianina,ROMATO,MiZGuS,Engelius,talex99,misa007,Vla69mir,kroko137,Baksru,Luks,Reentrant,1oleg13,santerishe,Sicilianec,Alex777w,s_krott,nazand,Menethil,DimDeathMatch,Ferling,DmAn,SkyAngell,Gen_Grievous,Leto_II,000Executer000,timofei454,TALIMAN,Mnlt,D150,sansta,PUPSIR,chulok,PupkinZver,Loriens,ColdDragon,nuu,andrey071287,sheddar,DeVinter,filuel,Annita,BORS1,oleoleola,Jaguarl,cirka4ello,glebglebglebglebgleb,pop4enko,lelikvn,svetlanasuper,ivan74,victor777kor,Likvius,Baymer23,Shurik1964,xArGuSx,emppu,mikejulev_888,Phssthpok_1991,Botar666,LeChef,Rich_ard,trigger777,belkob
gate;colony_count;level;liga;rank;bo;archeology;building;science;ra
1.00;4.26;43.85;3.00;437082.43;3542.12;50670.65;100265.42;47122.18;13.19
------CLUSTER------
percent:6.74
size:61
Blondelady,aoe,seva71,DeathAngell,Catamount,SuperEvgen,ivan_b,Koap,Tigra5547,Solitary_Stranger,SAHMET,blizard_sis,Vormix,cupec,K0Hb,MrArxi,stranniks2006,Corpse123,serj_e,alegattor,Pas_ser,_BEK_,necroz,LehaEm,DeadMan,serg72,mirotvorec131313,Gadskiy_papa,A_x,Desdicado,SGB,Evasiv,bagfidel,roman308win,Sinilga,Rexy,PEACOCK,Silverprim1,Trep,avgustin80,AMarine,metamorf33,ksenoed,ponchik1980,StGOGA,barbus_2004,treloni,Nevergreen,Vovan0410,Seliger,PeterKriz,XKOTX,MSLION,Koshechka_Nadya,Kisik1,Mapis,mi1473,nastya1005,A_s_m_o_d_e_Y,sergVIP,Londo_Malari
gate;colony_count;level;liga;rank;bo;archeology;building;science;ra
1.00;4.98;1.07;1.00;692969.61;8847.73;931.31;5413.79;370.18;15.52
------CLUSTER------
percent:6.08
size:55
TKE,Austa,Gavroh,FOLKOBAN,1_Mag_1,rossotel,Alone25,milla__tina,Kal_El,roman723,Zloy,mike3008,freakey84,KRTUR,madmax25,resadyad,Alexadrew,world_diktator,Ashtree,Luma,Dorca_Forbarra,Grafnik,Blak_S0uL,Webz,slavcik961,9_Dima_9,9999f,Lightness,Annabellru,sedhj,1937,vansergen17,DEMON555,DefJoint,Bandiit,SCORPION76,sahon1,TERORISTO,cyberswarm,ReckViem,Goldmist,funt_liha,Gadal2011,voron_hallana,Kamillla,visorre,domanskijjvjacheslav,parkasha,jeesus,Mobed,sunlookred,Enzo,MRSn00py,IT48,zik0107_214
gate;colony_count;level;liga;rank;bo;archeology;building;science;ra
0.00;0.00;4.89;1.00;11504.27;0.00;39.22;2615.80;902.78;9.85
------CLUSTER------
percent:3.76
size:34
dada,Starcros,CrazyPathFinder,prostokvashinoo,kerafun,TANKER,Alone21,DigitalHell,VasiliuV,destiny123,Davidoff,crossplayer,StudentMIFI2001,Exoterium,Komatsu375,ZergRush111,smallkex2000,kravcovboris,FLL11,zanoza_v_jope,Scood,BOBK90,Shnumas,VladLS,cbvtbp1,Recognized,slonikopotam,Suddenly,nle2006,Free_Rider,povod72,xMEGASx,anri100178,TpyJI9IJI9I
gate;colony_count;level;liga;rank;bo;archeology;building;science;ra
1.00;0.21;10.03;1.00;43394.12;0.11;177.29;9685.74;1603.26;9.24
------CLUSTER------
percent:3.31
size:30
Elada,Arich,MaxKulkov,KTO_TYT,kolyacher,phx_lizardman,zondau,aponx,iluzij,sanya_kru,savaa123,Volga3103,xXx_Ivanich,masterritm,mdkChaos,PavelPolunin,mrkeramist,romus34,MayBacH_DiXi,ilusha7,Savantis,AMOHAPA,vashkevich,yarkobaron,voraner000,Psichoz,Tipalol,AntonFedchin,koshelok,codesh
gate;colony_count;level;liga;rank;bo;archeology;building;science;ra
0.00;0.17;5.60;2.00;15924.47;0.01;201.70;3889.03;1895.23;8.20
------CLUSTER------
percent:1.77
size:16
El_Murena,shooler,STOPKPAH,Pan4es,Gurd_DS_Sota,A_Z_Im_Ka,smirnovs,Tiderian,1stCorsair,kcarbofos,SEQA,knopius,anti_psol,UnNamedPlayer,niko_samara,susaninsv
gate;colony_count;level;liga;rank;bo;archeology;building;science;ra
1.00;1.12;14.87;2.00;52990.06;0.60;157.13;20034.75;3264.13;12.50
------CLUSTER------
percent:1.33
size:12
kruchenet,XaCaH,MAKSunny,Nikola80,verdi666,Darkkeks,snakers1,Leonchert,a111169,baruga,_PAU_,stetoskop
gate;colony_count;level;liga;rank;bo;archeology;building;science;ra
0.00;5.00;0.00;1.00;853802.51;6886.48;0.00;0.00;0.00;22.03
------CLUSTER------
percent:0.22
size:2
feliksem,lelj05
gate;colony_count;level;liga;rank;bo;archeology;building;science;ra
1.00;5.00;115.00;3.00;253468.98;515.22;1293091.48;127397.50;14243.00;8.26
------CLUSTER------
percent:0.22
size:2
leo200911,mikrostov
gate;colony_count;level;liga;rank;bo;archeology;building;science;ra
0.00;5.50;174.50;3.00;2106843.41;170376.99;138040.50;243967.52;23299.00;40.16
------CLUSTER------
percent:0.11
size:1
12134567890
gate;colony_count;level;liga;rank;bo;archeology;building;science;ra
1.00;6.00;177.00;3.00;20795765.00;185609.00;533241.02;252795.00;54426.00;43.51
------CLUSTER------
percent:0.11
size:1
mif_ugra
gate;colony_count;level;liga;rank;bo;archeology;building;science;ra
1.00;6.00;152.00;3.00;20288140.62;63924.70;453969.00;175287.00;101132.00;41.99
------CLUSTER------
percent:0.11
size:1
Afinelka
gate;colony_count;level;liga;rank;bo;archeology;building;science;ra
1.00;5.00;38.00;3.00;18189240.67;0.01;25441.00;187555.00;12280.00;4.67
------CLUSTER------
percent:0.11
size:1
JEKA212
gate;colony_count;level;liga;rank;bo;archeology;building;science;ra
1.00;5.00;176.00;3.00;9051191.15;187209.01;112805.00;169792.00;39622.00;42.62
------CLUSTER------
percent:0.11
size:1
nightDOZA
gate;colony_count;level;liga;rank;bo;archeology;building;science;ra
1.00;5.00;33.00;3.00;8606662.84;253.35;11296.00;123990.00;12173.00;6.56
------CLUSTER------
percent:0.11
size:1
Falstaff
gate;colony_count;level;liga;rank;bo;archeology;building;science;ra
1.00;5.00;183.00;3.00;6462588.30;285615.99;541257.01;128204.00;162158.99;36.95
------CLUSTER------
percent:0.11
size:1
sav497
gate;colony_count;level;liga;rank;bo;archeology;building;science;ra
1.00;5.00;166.00;3.00;5881004.77;109971.00;382845.99;139655.00;226803.00;39.47
------CLUSTER------
percent:0.11
size:1
nuBac
gate;colony_count;level;liga;rank;bo;archeology;building;science;ra
1.00;6.00;148.00;3.00;4786256.87;45230.60;571176.00;376665.00;257202.01;38.21
------CLUSTER------
percent:0.11
size:1
IIIYHIH
gate;colony_count;level;liga;rank;bo;archeology;building;science;ra
0.00;5.00;84.00;3.00;3467132.99;4456.36;54111.00;178195.01;195123.00;40.98
------CLUSTER------
percent:0.11
size:1
Sergio808
gate;colony_count;level;liga;rank;bo;archeology;building;science;ra
0.00;5.00;143.00;3.00;3345874.11;45284.00;8106.00;212995.00;245511.99;27.74
------CLUSTER------
percent:0.11
size:1
kolia230
gate;colony_count;level;liga;rank;bo;archeology;building;science;ra
1.00;5.00;190.00;3.00;2796463.02;678685.00;387446.01;128529.99;167319.01;15.64
------CLUSTER------
percent:0.11
size:1
zleo66
gate;colony_count;level;liga;rank;bo;archeology;building;science;ra
0.00;6.00;130.00;3.00;2279563.07;23926.00;174475.00;253550.00;174282.01;35.69
------CLUSTER------
percent:0.11
size:1
YuriyCh
gate;colony_count;level;liga;rank;bo;archeology;building;science;ra
0.00;6.00;167.00;3.00;2149274.97;117917.00;253261.99;322840.99;26975.00;51.70
------CLUSTER------
percent:0.11
size:1
BierMeister
gate;colony_count;level;liga;rank;bo;archeology;building;science;ra
1.00;5.00;174.00;3.00;1889635.06;167450.00;36621.00;234235.00;90209.00;38.46
------CLUSTER------
percent:0.11
size:1
Kamikaze_FPA
gate;colony_count;level;liga;rank;bo;archeology;building;science;ra
1.00;5.00;109.00;3.00;1539028.99;3221.25;622689.99;161154.00;278186.00;20.81
------CLUSTER------
percent:0.11
size:1
ASkamerman
gate;colony_count;level;liga;rank;bo;archeology;building;science;ra
1.00;5.00;189.00;3.00;1277794.99;594206.01;398752.99;239140.00;83457.00;29.38
------CLUSTER------
percent:0.11
size:1
Ruker
gate;colony_count;level;liga;rank;bo;archeology;building;science;ra
0.00;5.00;181.00;3.00;1216828.02;252583.99;254252.00;258959.99;208356.00;14.12
------CLUSTER------
percent:0.11
size:1
Geralt_Ann
gate;colony_count;level;liga;rank;bo;archeology;building;science;ra
0.00;5.00;89.00;1.00;1004140.01;9604.30;0.00;0.00;1576.00;4.54
------CLUSTER------
percent:0.11
size:1
Colt943
gate;colony_count;level;liga;rank;bo;archeology;building;science;ra
1.00;6.00;141.00;3.00;873719.98;47416.70;45070.00;336724.99;41668.00;46.91
------CLUSTER------
percent:0.11
size:1
Senghor
gate;colony_count;level;liga;rank;bo;archeology;building;science;ra
0.00;5.00;168.00;3.00;642191.99;126279.00;39074.00;125315.00;218893.00;3.91
------CLUSTER------
percent:0.11
size:1
Nullifier
gate;colony_count;level;liga;rank;bo;archeology;building;science;ra
0.00;5.00;161.00;3.00;421569.99;90911.11;478793.01;176535.00;24484.00;33.42
------CLUSTER------
percent:0.11
size:1
Katz_Leshiy
gate;colony_count;level;liga;rank;bo;archeology;building;science;ra
0.00;5.00;1.00;1.00;371459.00;7.03;0.00;150360.00;0.00;7.31
------CLUSTER------
percent:0.11
size:1
rka1999
gate;colony_count;level;liga;rank;bo;archeology;building;science;ra
1.00;5.00;173.00;3.00;175776.99;159976.00;148370.00;137035.00;11946.00;56.12
------CLUSTER------
percent:0.11
size:1
Lordie
gate;colony_count;level;liga;rank;bo;archeology;building;science;ra
0.00;3.00;22.00;1.00;171945.99;88.71;1274.00;49530.00;3343.00;7.82
------CLUSTER------
percent:0.11
size:1
ZakopateL
gate;colony_count;level;liga;rank;bo;archeology;building;science;ra
1.00;5.00;88.00;3.00;168555.00;46.40;641373.00;133322.00;17340.00;15.26
------CLUSTER------
percent:0.11
size:1
Tobago
gate;colony_count;level;liga;rank;bo;archeology;building;science;ra
1.00;2.00;20.00;3.00;105718.00;1.86;4903.00;31135.00;8234.00;53.34
------CLUSTER------
percent:0.11
size:1
kanash
gate;colony_count;level;liga;rank;bo;archeology;building;science;ra
1.00;0.00;11.00;1.00;29973.00;0.00;567.00;8220.00;1884.00;37.70
