04:29:30 26.12.2011
hierarhy - mst: 49.30
hierarhy - kmeans: 73.28
gate;colony_count;level;liga;rank;bo;archeology;building;science;ra
------CLUSTER------
percent:22.14
size:614
myrl,Leto_II,muxoslon,AndreyKSs,Arich,fontox,Saratsin81,araratmedved,Tepp,DiPso,Speeder,KAPAKYM,Saratsin81test,kviria,tou01,lienswar,lejja,kain_7,djo_k,PivKing,Tankomat,makar77,_Morpheus_,tramp_corporation,crazik,dryganov,WildCatRu,MertvyeZvezdy,Freddi_Krjuger,psihozz,Baqteria,Nika_Prem,maza_letit,DSantyaga,GeneralTAU,SEKSET,Esmeraldes,Secher,R0B0B0T,Mimolia,ykorotia,Termar,DarkSPAM,sharikof,asad2702,Ibra79,ASUSTek,minefield,DaFFiN,emppu,MrBrabus,ytvfz,helsus,FENIX_de_PSOL,RedBishep,Uitka,AZGuran,balysh,khronik,prividenice,LarryLamerLaffer,apgoi,b0mzh,hi22man,DrZivert,xpamoi,Tiderian,fodes,Jarptichka,slayer3,Kazimbek,Strach,olegavin,DLis,stranniks2006,Rosh_tzevet,grayguard,Dream77,_KPOHOC_,III0K,CaM_Sasha,Chum06,space_wanderer,clavicus,Protiy,Vintovkin,Serezhenka,CoToP,YouAllDie,morganataka,INAEA,kind_genie,where,spAceAce,_AGER_,Kiroona,kombo1,xMEGASx,Prigorshnya,pasha20005,zveronos,lancaster797,wsxesz,PavlIK_MorozOFF,AngelC,ibra797,alegro99,hollywoos2,Izia_Katsman,Gorthaurpwnz,Ghos7t,KVL,dobrik0072,Maks1702,kashmarus,Giliantor,Caress27,volga768,Darkslider,Tua_de_Nertus,alexz73,Lifeform76,burilshik,skinettc,qwasok,runtici,vedomina,maaak,titanozavr,Ligero,tavroid,omelchenkodenis,Django,pekasso,GRU_OFFICE,_VARLONEC_,Yakim81,Ganzer,POGRANI4NIK,Mcmacinti,Sukor,OXOTHuK33,uDAV70,udav1970,Arlandino,dogoi,astrasis,listik_nv,KAS13,semgrbunkv,ZigZauer,maximussis,SOUTHWIND07,alfalir,Likvius,ya_tut,brui,Cryogenic777,yns100,tigr12,davidoffline,Bugsbunnyrabbit,Bor,winston555,evgenisaev,Sowing_death,nirvana9,evgenijkhokhlov,shok25,VTEC,Vinto,Maxaxa,Klirikon,GONCHAROFF,Silver_ray,dun44444,nidnob,D4040,lesya_78,WETROW,zatochkin,kineskop11,Eduardo76,otto2,El_Sabat,lzot,AndyH,Azagh,chupakaprika,CTUPKA,K_U_G_U_A_R,Dimkoff,xBOJIKx,musm31,Renei,olia393,Posseydon,AFrad,Kirasa,BUWEHKA,montoja1,2you,A245,lvica99,Strateg23,Jupiterr,kamonishe,__Dezmond__,Calderon,4elovek_Farsh,FL1NT,unset,IiIsidhaIiI,minhertz1,LUMBA,cozum,artekarpov,runat1,Spartak_leader,GagarinAlexx,LeoFighter,leva5spn,algebroid,Koval76,shamanbrujo3,VANGUTUZ,bosk1,MVGNN,Azelo6,Schamasch,loco1988,SpambotTerror,DobermanXXX,vikstar,Chingisxan1,Jaguar2009,4uDaK_OFF,Orion_0,KuPb,Terrakonus,Marssianin,_sanders_,Yurij,LuiXIV,ApTEeeM,lizardlp,MUPAHT,marfa30,Vodka_gud,pserg,Wolfangel,_BarY_,Doktorgre,dudalitl,BETEP_OK,mzvgv,zzz0zzz0zzz,mutavr,UnNamedPlayer,maksV,Fendersons,bratt2,goldbussines,nikitarechkunov89,skywitch,buro_uslug,WladimirS,DarkLord3000,NatahaS,Vavana97,Generalwars,Esmerald,Gyroskop,traydermen,woodooas,BuJIbI,svcart,Ozik,guest12,MotoAgent,DPower2,LexusX,skipus09,Govrysha,NightWolf1,Lenin1941,Snowboarder,Nicole1982,Lord_Zolo,Bayda,madest_max,VKTR,V_O_R_A_N_E_R,Dimitrius555,Valeratom,koka_drandeli,demokrit,IvanTheGreate,Bionicl,mao3107,AlBigBoi,Hudson19,_NoName,autbek,Chalet2010,Sparra,dikusar07,Perm,KARD1NAL,Zauer,DimON07,Sub_Lien,varvar18,DildYA,ExTR66,NikNikEr,Albertgor,Jack_Patterson,Vla69mir,CrazyFluger,KytyzovS,martial1,vinnichka777,iimolodoyi,Trance5,VarVara232,Tresst,Flexs,Tarik112,war1968,genadev0,AJleshka,Doktor2009,Corbin22,Keemer,GORLOVKA,ndrei703,DJJapanese,klainon,PsyBEAM,TEROLI,cost,vopros76,vitkolyasamail,slasher76,kirill1US,Mordyko,A1Tis,ShamanFantom,poccu,Tigrenok_LOVE,Mirgorod,matrix_ret1,BarMALeyss,BLUNT_me,ilyas666,maksam,ieggo2,gimalay1,nata555101,bagan,ttaann,finasi,Stephenlab,dite,Gvard3,elizar1,AlexKPOT,MakZmei,Terrakota,1guru1,AlexABoy,laton,daniilslv,BNegetive,qwatrum,fomenkoo,Nikolette07,w4r,RaubTieR666,lesandr4444,BLACK_RED,orgie77,jazzzon,Starwoi,Renig,1Petr1,lioxa13,RavenGuard,andromeda_ut,DENIS2612,jugls,BBC280900,zahodinikola,DumOk,Kalerian,AWCVn,centr1x,antlas,GGmmbbHH,asder123456789,NIKEreal,qaedtg,MuHoTaBp_dl,clow99,pokimono,veselLacoste,Zestyan,koroos,borisfatnev,Djack_UA,muskaJA,DSMonitoring,MrZed,Cumran,Votek,Sergick,YHECY_BCE,Vedaz,KPOT_SERF,gobbblin,Meritorius,Interfector,Tanusa,pollution3,MadamWunder,Eliney,vitalik001,gjga0000,___L___,zigan1900,PsiKillerEX,lecs234,byxo,Firetrol,kinier,lizza,exStager,corvinus2006,Godzillla,volk_mag_66,Garrat,kaleni4,beistand,Eddileo,Cadet_L,xxeL27,lewin11,L0l,BattleBim,Korols,bubastis,VICTAS1,k2rvist,filipf,Drakon_DSS,dase11,AlArS_,Termuha,shurafrog,Amazonka,Puziko_MDP,RIA1,art606,kotok200580,405,monarchist,PREFECTOR,McTiTeL6,anna61,rayne59,El_Fantasm,R_tiki,Krasserg,freetime,ruslanp1,Deamand,ak74z,GenaKrokodil,vigan,gladiftor,aimorion,Fantom_s,VeNoM2005,hagencom,Vedzmak,azxer,chumak5541,Ksantiaya,blueboar,Valkoval,LOGIST222,konstantinprov,zona_51,anfiska67,zhvacka,kingmax2007,MrDrew,cpu222,CrazySewere,VeterinaR91,Ancifer,Rebelqwe,bbmpavel,Cixlid,Almalish,v7v7v7,mudrij,belokrylin1,Munghauzen,Usatiy,alexk777,EscobarfromChisinau,flumber,Gippo,stesha27,LeKris,Inter_City_Firm,RarEran,UCSUHTA,sania106,Kondrashka,BILL_PRIKHLOP,Sluttery,Raul_Gonzalez,maximka1979,Zdrasce_Vam_u_hatu,InspiRe21,KKLLIIGG,MironRad,dimdon3,TapxyH,mr_mokys,eeeSTALKEReee,Cppnasm,kueBJIaiHeH,Dark_Star_One,almahax,re_b_e_l__,Black007Angel,war2007,leho,V_O_L_A_N_D,volonterDS,courteous,soratnik,serega1c,javana,pokrmon,sergeypsb,cargoman1,max1999,zaver3,Hegle,MagiVolshebnik,WolosD,magnet27,Andarfin_S,Ivan7777,scaner555,alastisgreat,Lutic,AnakZendel,SmeSmeS,mogul02,Fridenn,vansurr,Omelya,_BOCTOK_,rka1999,hg_hg,levantmark,Metrodotel,valkiriya_Grom,FSOL,zoodxxx,Brost,hamsterOK,prolowe,woddnui,shtushakutusha,EvgenyYarov,BoogieMen,nalbox,sam_jan,Aleksandr_,Romansk76,auir,ura7ura7,vaybin,Volnolom,GeVolk,robertelf,FetFrumos1,beavisovka,parad0xxxxx,Andruxin,prkBot,R_I_S_E,Zloy27,infill,OLEG_KRUTOY,vilmars7,Vakhar,GMX_SILVER,Choopla,Ajrattt,RainDrop,pariyskiy,b62252091ba44a0,Vasya198225,AlphaSp,himik_,mixa2
0.00;2.00;33.60;3.00;741451.66;728.43;30773.86;62315.42;24844.46;2.91
------CLUSTER------
percent:17.81
size:494
Intelegent7771,Jonhson,MuchachosA,xpxp,Crea_Des,dvbanderlog,edileo2000,GozuSkydreamer,DoctorCrea,smit111,Money44,galenet,ilya44,Vitstar77,Inkvizitor55,VADIM666,gusle1,LEV_LIS,primorsk5710,Dvrt,tropogon,Karlail1985,Neex,WAIVE,SBN,Shkolinik,Sea_star,Ivan_Krushinskii,Fobia_K,granta,z0001,behappy2008,r32DIR,leng12,Surmiz,japo,luckyizibor,akkra2006,pedotty,_EXP_,eugenemik,averinn,kandelybr,KITenok,ALX755,sartan,Bringer_of_sorrow,Lebedinski,val789,serg4100,DWanek,set208,stason285,feldfebel,sadania,Lanzheron,Zheka2369,PA3,KaiserSuza,yomoyo,sergeyboss5,vdr1624u1,elidor_77,Rupuc,lllls,wolfmaster82,L_Was,poznaiistiny,Hamelion_AVK,Richard_Riddick,AgenT657848366384435,Peridromophil,neon777,korasson,MEXAHUK_OFF,Nagibators,Haligali10,Neux,XoIoX,gb500,Fajro,Intermale_aggression,NewMaverick,intal,muxoboyko,Frezija,yancharin,adragon,Winston,malta20052,Marishca,irinav22,FCB_72,Kilter,pyxidis,Russiyanin,sergeQUDR,bestorg,serggornostay,_Exodus_,New_Rixa,Pistolero,Gaspar_Lemark,Lagshmiwara,knyazjuk,tukserleo,Bapsak1,PerOs,dmitrijjfil_925,vada811,filgrey,_demos_,Liensubatalanto,Sadist_tigra,invasor,Lukash_A,Termitus,current,mas1k,justizzze,an205,Sasha34,maximus55,CODER,AndersonSpb,RibiesRubrum,festerion,Executer,likamsm,ser343,PjotrMahh1,Riconoyd,ktylhy,djoni277,jenikc,rebootok,volkoff,garuchillo,israsat,geer30,bbuca,teny2,Bisu_tevs,Vakula_K,Nazgulka,Nahodka12,dosadi,lrlr,spore22,vinskiy_ta,LilBIG,Mogetbyt,BparoJIoB,CherryGirl,DronGnom,IvanTheGreat,Noprofi,BlackSpot,crimp23,Dikay,kurmis123,Murrr555,Encephalon,vagabundo,is1n,defarth,Gonzik_G,Kojak,seva71,hrustv1,_rgd_,AndReyGel,GEGIMON,lunli,vodolazskyk,aqua5,zzang,arhangel7s,Zamoley,extraclass,pilgrim6,IVIirage1,Lukay,Humanoidys,klop728,djevfr,mitios,MAKSunny,demon_sys,colhoznik1,krestoffor,pedro1990,Dark972,pedropedro,Wasil,Tigerr32,BEHOBEH,dregard,pavigor,Stakan4ik,vlad969,Tokse_do_Mask,Ninjiia,sarmat18,miphril,Edmond69,vlad62fcz,Ronkorn,INGUZ,Maksim81,TbMA999,dikmax8,samuelldoom,spurt,Dargaard,Rapitos,Medvejonak,ninani,Cyberian2,SadAngel,Quadrus,annatomic,beofulf,Papajuck,Orge,EASmik,ndl01,barmaley_avk,Dimonatc,berezhnoyalex,parfenoff,gendelf67,oksana1389,MEPTBbIE_CHbI,Lavrikus1,peugep,alexnsk,Antoninka,pokuz,mikestart,Gazan4,serg0504,Botar666,stifler007,arozi4,Tikituki,MrEvolIntent,oix,Speculator,crush_u,zedbi,V_ipe_R,Mih_OZ,elecab,TheObjective,Apophis911,rook552,AlexStarkov,19451945,shabali,serg060rus,serglaputin01,ObiWonKenobi,MetrAndiR1,bb1112007,Batic,TITTANN,shkin00,sv79sv,Egor_L,megamaster2,bazilio85,Zordog,qqqqq5,sergeBIG,keep_out,GrayTempus,b0r0vik,Archangel2004,galanbuty,TropinAleksei,Koteyko,serg112,791VLAD,Shrekus,hanf13,corwin1,seamur73,dorofesor,AlexKultaevski,Brakaziabra,Skyle,profis,marinatim77,west001,bobmeddd,ANTARfx,empire_zhenyaru,Rusbus,Drakon54,lelik737699,Fraulein,ttttttaljanych,ujine77,NataK,Boroda113,findelo,Ukr_1,__Axe__,magdiver,shater11,Nogri,SlaF74,Sfinks06,SmallPascal,Sparkiss,nebesnyi_angel,Borland17,bb7,VasyaLambada,NibiruMen,BINACOR,budulaj6,GreyDragonII,alexstrade,lordmag267,soulfist,simvolic11,GCT,koljan1,TanSAS,3OMBIK8378,Reklio,Abnegati0n,Fanatisimo,begemot_1972,Leoal,Daine,DanVoice,Progressiveage,Klermon,stafiki,DeathAura,Fima0917,Gregorus,ula17275_417,Dark_Necro,Ivanopulus,Aleqsandre,grendolf,Leola,Kiturami,azatmoney,Gregor88,XXXIV,nettoo,heteko,innamiv,gmNomand,Big_Liensu,Teinn,adromed,infantry,AguinagA,abdk,__HITMAN__,do0zy,antiPC,mixailv2011,Verel,andriyky,sirin2000,Uastirdgi,26272kalipso,Kol4ak,swichON,CTPELOK777,Ferling,Psich,myxomop3D,egorievsk,Tory_Camber,Cykpe,Ballooo,ich18i_365,603as,Gaywer,Discel,Devostator3000,Spoony87,PavelPolunin,SIDNT1,GFAN,hameleon2011,mrigo,mypmt,codesh,licapolo,Nagval77,yankozher,Flash_ars,shooler,Apsurda,Burzhuy86,CandyA,Pgarry,safren,PhNecro,AGARUMS,6epcepkep_ka,DigitalHell,gofmeister17,sanya_8891,RULEZZZzzz,Paspb,RedWar,TempusYoda,vodich99,killpsol,deserts_eagle,OLGANET,GUD_VIN,dzhonja,StaffacarTerma,ibmn,Zan000,ALEX_POBEDA,Wingy,FeNUMe,wowand,noStyleXaoc,komul,MidnightBanshee,faiter_arena,ggavr,fur4ik,Alexxx2010,diadimov,7979777,AniMashka,visloukh,Phoessus,wild_dancer,BULATzp,antiaborigen,Ferryrai,j131,anti_psol,ybivon,ReistlinMadgere,vac974,yahozyain,Birusa,aleksis2,klon69,Kora1,Maximus555,massam3333,dryn13,102601,DarkRaven777,wook71,NikolaevA,7ups,ForestGreen,jetrover,bobbi_z,An911,SLeepnOT,moodeelo,nagger_00,kremn,Soldat2,Brut13,alexscom,Koralis,Serunchik,OXOTHIKNG,abdurahmam,aleks197512,sale4x,DarGrey,pipecz2,monstro73,ROKnROLL,XmmX,lheu4,chaynik666,lord_Alukard,IELTS,TSB118,iconed,mozdok,artivarius
1.00;2.00;32.52;3.00;847900.08;529.48;35562.88;62790.17;19694.91;3.90
------CLUSTER------
percent:16.70
size:463
AidarS,qdqsa,feodorloktev,hjvghfvgh,Persey_007,Tramadoll,HHelga,ivan19850,Sellex,zerg2515,Diokletian_spqr,wmbigd,TIGRIANIAN,vafinafarida,hawkTor,djsem,alikoss1,kirov43,Horde1,6992315,VVandering,Muakarenko,antikloun2008,BItBOx,KimSegrey,Lunya,MPayne,SibiryaN,zaharov_048,bbb000,romeo260189,shaxxxter,Xoxol555,kirillvos,DROBAH,yjrc,metafenix,Kro5hka_Enot,TerroRik,Wasd666,sg07,Wallen,Kayann,cmoke,Poltorashka,lupuliac,Max_MouSe,v111vv,CrashXX,alfaI3,Nalen,Cherepancha1979,bub1000,Retamon,waraon,Panterka_LOVE,dmitryalexeeff,Povsi,neo17,Arlin,tts801,arka2004,vbnz10,melincean,Blagi,Golovan79,petzl,Leto14,McHar,agolovas,davidbizon,WildEG,gvozdomet,sibgatullinmrt,andreimazer,brukva_brukva,bobonya,lord2004new,moreson,pletiollis,larryVI,pankratevan,korsar99sts,Nimlot74,Anubys44,romanpc,Drache999,atawarno,ArhAngel2007,qze,litvin911,dyxxon,kipwoker,Hz_MACHO,MBoSS,vova19861_333,Vecherok,Talkingmytime,Templ_PRO,ArDoR_92,711601,hokopin,andreykroschenko,dodon081,andres29,sham777,lsn75,jazzboy,Telum,kulhik,king2012,kobra231,INFILTRATOR61,zharavin,moroz201017,artik1997,lio10144_125,bobreniatko1808,sergeu5555,922533,amfi82,krapir,Pronya14,svarog_133,golovanjuk,SemSkiller,buvalu,mixabm,EviL14,Super123,Lfybkrkfcc,Nosferatustin,knyzevladimir,aglet,danilamorg,shfchf,anastasiya1210,bubona,nik002,garmoniaif,MSV1,Atomic_Kitten,crechet28,Incub_69,Chernigovka,ShadOvFF,oht,VooDooSerg,Hoob55,lord475824,mare1905q,klon00,Sipidir,NINZIA1,rfsftsefgaydgst,aleksej1996,lkjp,SONINQ,25vlad25,zaj2003,Am0K,VFRCB,Boris7777,Silver_Snake_I,serlood,ivanishheva0,begemotishe,DiNoZawR88,1122333qwe,GoZyS,nik5555,yura9922,danill,zlosnu,DeathShad,DrWar,privalovak08,DiversantKylibin,evso79,Skinny26,raul1999,sergig,baza25,j123r37,00700700,arch12,asmodius83,semnovnik,beboba,Mazzdie,kypitman,nikitos234,hexkey,Ulfmar,Dangll,gtnq9797,ktdfyec,T1FozZ,Tony_Stark,3JIou_BouH,shv0nder,madd2008,lotosXXX,Kaykanva,alekssey380,Louxerx1,sperwsea,Butkurat,iskraWSW,breikistt,mariannakot,Titan39,nik_com,Dino14,nitrojump,Grielom,TOURERGTR,Vilniuskyi,KorifeiKorifei,MrBEST,ProWAR,Galgiuet,Sad_Evil,dik67,XacTPeD,usvl,Westie,merach,Chelovech10,Baon,koks16,mongaszver,link2_95,FLUER,dimonath,SkyWizard,Imminence,yarkobaron,Dramonique,tmazovka,Bifacial,crouser105,Mogok,mainpost,DavianTul,HA3APET,Din19,hanklod,Wernertoset,Antariys,leonard07711,Jorra,DaYzer,Plant_M,BaronDune,kakastiks4,SVdusk,Laeryel,grandlord,kavik,kim12,Kri4alca,vladsteyr,johng,bash_nya,Mikorus,goiden3112,neo1755,gonzabonza,Assasin05,Sereja09,XXX_007,fikls,ngreg97,Elmorian,Anti_Bacterial,Maks4,soof1cs,elenaperegud,kshrgtv,888q878,DrAgONNN,perveev0,khabaro,himmir,17897kalipo,nikita_lysikov15,davydovilay,balkanabat65,gosorganrf,bika552,zihar1,stanislavni,demin145,Nikita_S,mashacherkashina,LuckyFox,Nickles,Replikator777,teranovs,cimmer67,vfrcbvg,belyi888,Larvek,klimov1170,rulezby,sailex,SmiLeSnaKe,Dred1031,kirpich44,MILITARIleonid,Ehanbabai,AzyaT,Prondal666,darunka2006,arseniisin,volfw,SAT888,oAlekseyo,viktorbarbahin,MEFISTO345,Flere,osmenoska,Mr_Anderson,Edelweysse,GODj,Sallnar,bolt72,Airat1234,KotAGG,SunSoniK,Sokol1997,MAKSIM2002,Taekun,Hagiz,ush22,Tairesh,russia_davai,xxIEZUITxx,Ma0,kirillvotinov,n141,dliaigr1,ShamanVSX,BlackMonster66,v1ct1m,mr_Brown,Dron4ik777,sanya1945,Arnholp,MisteryPRO,grandlooser,Map4,voin8887,kizilchik,nightserfer,ullek,granula,666tom666,taell,Redchrom,1090,leoppardsan,RedGreenHooligan,Notes,Sergey_2979,mak149,minor9090,krasilo,daniil4537,ipd2012,Romhcik,rodxxl,ggidro,nikitasik,MetroMan32,xazzax59,haghok,mitsuo,lider9,irinadmitrieva2,Machochina,Vovan400707,shimchuk84,danikkk,natashattmina,kirill1223,klass1,Strel1995,killertomato,KPUDOH,Nekitosss,GRIF007,painkiller443,devilman2177,Grsergey,Ingenep,KIvan92,Galaktix,Warcrafter2012,helgaalex,Razl,acab1400,antoksa,justcause,anibus00,graf333,kaljan5,minskoleg,Natatutu,Kite840,pashokden,Dashyki,MARINaaaaa,postale,nicolya,Scaurus666,asabist,fktrctq57,kotonec89,karies01,IronHand,MickJager,TheByte,viktorinessa,V_I_V,xxxMakedonskyxxx,gnoomish,eneiko,Easyevil,terrawinger,Parac73,PaganLord,belarmahim,Last_person,Thousandsons,Kamio,bec000,Uhbibyf,taverr,Tsar313,cashkya,Seltam,alexeyar,ivuchka2,mademn,MrLesbos,X3313,dragonnic,k1a,Summy,derasid,killVasek,lohmandei,Vorsar,bec_klin,digsar,Chtozah,odae1,DimaGall,hamerrrmen999666,Odnonogij,razrushitelzvezd
0.00;0.00;3.05;2.00;12502.13;0.12;151.60;1423.34;411.03;3.06
------CLUSTER------
percent:11.83
size:328
Yasur_sir,Astronaftik,lijazevaolesja,gasolina,Walerich,Izverg2011,zormax,Bopnc,Antonea2003,Servus_Mori,ciceron1488,vozd,voinyha,KOLY2001,zeka3200,vlad2001241010,rthtyehjtyj,804g,albina357,saneksam______,arhiepiscop,strelok71,_wowa_,igordyrnov,Dewersanted,GRYBIAN,valentin2208,shakipka,DarkResidence,puma34,weritas82,Rsand,lexins1987a,kessoron,qwert14,Felissa,_Ruver_,feyasbitoy,Rokabest,Jonki,Kanzaki,DeaTHfoBOSS,vivivana,Ertis,Axyi,Enard,davidgg,natafomina07,nik90999,YAZANOZA,leliksec,serdgion18,WWWise,zabl,maliboga,qazxsw12345678,GADver,HOHOLRO,Refal,fantom227,_Madness_,1mystafa1,PMD,zaqzaqzaq,Drago111111,regidron,Alexandr5555,xkx990,GreaterDemon,korotist01,ivanchyk2009,daedara123,SaShA1397,qqqqqwwwwwvvvvv,8mixa11111,denisdem888,appocalipse,Novisemann,ovarbxamux,litteduard,rostik123k,FLOOODER,2hrome6,TANKER,Ermann,TheBoomnew,vova212,1delphi1,NIKNIK20000,horus2171,dorgeiit,aitair,voingthcbq,Fardens,Lagranj,maksimgik13,qrbat,toly3379,adam666,50516,cat1001001,Mensar,Serovich,limone07,Vanes7,skripkin013,13demoon,MrakIV,Dejmos86,dstiny_sphere,13542,werdert,alximik238723,starkoigor,junoreactor,john_locke,SanyaSav,Transform,CTPAXOB,bli44,Despradon,22307,cod68,99887766,Hunter_of_Dune,BaChoK,zignich,masterzargo1,kaktus10100,kori86,PabbuH,Psycho22,rbus7,sotmegadoom,binovih,Jorik83,gura_saluqi,Yar0901,21326545,Qwerty26rus,UJMTFC,oleadr,zeynnur99,dim9893,DRAGO1111,Af0nya,davit1,YOOOHOOU,vasiarykov,UmkamanZ,Lightness,LeMaf,AngusLerma,Blackball,Fyndyk,Varezhka,serik0791,LaeK,Wernet,TIJY,Maniac59rus,8317,FanDynamo,Volx,MickeyLite,Takin,sommerman,1322,alewe,deervi,Andrey173,alebas,DuBeP,Vangarat,Bio_Panzer,molossyizazii,Tagot,Cop4eniy,teoty,1_Mag_1,MaXIMuMs,Pakernak,vovicx,Amig0o,onesimple,Dikiy_Dima,Gargo82,comander911,Slems94,Maresev77,wert1647,abkap,Vikttorees,maxim987898789,78963214567,Sergeys91,Poziv,20kenni11,Irsin,9008564,ostapiklviv,ARSENII547,9220083,inuar,Molimonov,armahedon,Subject,NFJFHGHBF,slesar234,gosha83u,Dimcheg,Evil103,AntonFedchin,5877029,Maloyyy,meeeeeeen,olax7,korsik1,zhinguan,KatyaRaznaya,3213214321,Sanguinor,ApSe_Fiend,lev1221,irinuhka,olegvorobiev0,Shadow_W,lennar55,Illiuin,folen2,Raoul_Duke,DEXTER05,kazennovruslan,keks201281,akimom,berline,serj1k,kipishnoi,cherniaev,den471,pank009,samyro,564611ps,alexx2802,Spri7eee,ssasid,2000000000,TRINIDAD333,actionpay_123,svetlichok24,TAMERLANgoro,moskalvvanja,Sendronik,SEPIA12345,bondarevsky,dimka_pad,hiskolmvoj,dfsd,rekaaka,ivan2012,nikolasha01,QEGFYSAHGHC,htgyyt,valera90,shurik13112007,sergejjziverts,lopon,13311,Klo123456789,nikimanis,tfu76r7,oleisa29,eskelot,xalexx1975,shulepova2007,H0MPAIN,Kali,LEI_WULONG,Spadeeus,leskin1234,alleks22,BoDaH4ik,Gadskiy,Darksiders20115,Stavrstas,shlomo122,_PS_,Insic,c4199347,supertopor,tryes,08vova80,TREZVYAK,ffgfhjhklgghghjhg,scrat08,baltika78,dima59,german8052002,konkin1365,Etunheym,lokolaif,amur1650,Credo2008,Bandor,jennestra,Artur543,roman723,Alex_Volans,nata281,tssu2,aProxy2124,DarkJoker1992,Tigr_Ubiytsa,ilia2008,censored94,fox33new,Von_Claussen,Ps1ch0,kapus,Kaifatum,real02rus,nestorwoland,ultratopor,Mengsk,tssu,Massacre,Imperor1,InokAW
0.00;0.01;2.89;1.00;12814.88;0.05;63.24;1321.93;407.94;3.34
------CLUSTER------
percent:9.02
size:250
antonks,cobila,lpilipjob,CAyPOH223,shrekin1,moonligt07,xXxRAWENxXx,abkbys,Z_Nen,olegneverov,Grostovsky,glagol01,beeline131,M_c_D,MstislavaSergeevna,SunFade,DARKLORDSIT,Iskusitel,Abemay,LeoJan,LJ999,TERADON,BS_Galactica,aldun,Bill901,Laedar777,dem_yn,rosa25,VOVA1999,LORD_war,VamfiriLina,mamed78,bogenregen,NotAngell,pewpew100500,Art_Ghost,AragornMG,Shakal900,AcousticGuitar,mouseartiom,trizzz,TpaHcu,mrPooh,Bukinshtain,rsad,Nepran,SOTNIK_111,darvinvich,broni4ka,vovapered,jamshhikvvas,Next2702,gg_Rasta,nbhj,Realhell,vetalson7,Ruse,flick_norman,Mudriy,tukankusok,kostik74,Lukast,gordeewasvetlana,ARGUS89,ann77847597,Realhell_3,serdeschnik,Enzo,asdfgh1702,Repoise,Kripl,sumta,6493,Warrioriss,maximus6412009,davidclan,Realhell_2,Lenusichka,Kostas77,rj16,ruslyk,wolfmaster83,JekaVGG,archi19561,assasln,artjomkawskim,sanilo,drakochaa12341,yamaxa71,mast1801,alex2snikers,FreeRock,ssebeshuk,TIKUNA,gennadij,chemidzma,togort,mna25051977,sensitivum,bflad94,Koc,Anubes,serkot23,Alex281,Solarian,gun1909,Antyk321,Vitold138,chemikee,Vadek,blackvit,Viper1990,DEONIC,kablo0,FaL_LoV,mazanderan,selar,Abeatle,RozWAR,Vahadit,Negativus,David2009,iMac,I22,Dark_Dragon_,toscna551,schmell,patrisia,mop777,Ziva,alerjo,Forsa,tamplier70,padre1990,djampoker,Nekront,Steel_Rat77,Raznos,stamby,Ralast,AOTI,BloodRazor,HuKaHeT,TARGON92,T_R_I_S_T_A_N,GostPovar,sasha2ru,Dimonlg,Stelsss,DeathOnline,guriton,GenaralDenis,elenamarina2,kuler234,zufa65,HanKi,HemoH,uncleBlack,Chipper,ILTENORE,Digray,dirchik,ban007,grimgold,SoulLinker,nistan,GreedSoul,Ravildos,kragius,mimikri2009,Svityaz,qvaker007,YasiaBOB,VASILISK2,_MM_,_Passerby_,cinemax,umcaumc,Teplograd,DarLord,Dadkas,nodlehs,Luciendar,dartor,Aromes,WarSoul,PeopleWar,ZloiBabai,jangirson,Duntarchik,NOSLEEP,XAM2Mer,Copatel,Insekk,Soup94,guligo,KIRILL9,Gargard,Ravilianski,Troaynec1,Alexey_N,zalczeler,Desetin,Desitin,zoluchka,Agrafa85,alexprogr,ctasstasov,Forever_and_Neve,Beatnik,sanea2009,kolaar,Jenia0079,Tutankhamen,vbkrf,Teraksor,tuk_tuk_tuk,mirnaja_kolbasa,kuku17,puk17,PELENK,Alkondar,Lord_Juggernaut,ikimaki,mr_demoniko,psolovorodav,Equuleus,wyatt_earp101,Kartazon,SemProffi,dun4000,byyyy,kokochino2,sfHunter,tamaykin,radik_d,pqpaq,v_r_b,chudak2010,nikolaevs,lex9913,Solutus,Petr0vi4,Xflat,danien,BiTs73,Eda_23,VICTORY_DS,ElvenKnight,Ollrite
0.00;0.24;12.65;3.00;116967.36;9.43;1740.13;12761.65;5489.04;2.15
------CLUSTER------
percent:6.64
size:184
tamamis,TORNADOx99,azarro627,qwertyccce,MALDER666,GLAUKOMA,q2s,redisonkkk,Adduction,galinakonovalova77,dyn_prosloy,Mamonth,Hupec,resedentt,slava355355,RomaShka_ZVER,Abgvalder,gorbyl,OrestAres,Rada2207,infilden,xivilai,Muntoya,DIZAUR,sansta,LOKI,lujja,leitor,fiwa,borada,Farplane,Tor2004,Boogyman24,ajlukard,Zeratul2005,s2007aa,antiviruscm,yura555,mike308,Maksimilian1981,Caesar1984,Dude666,labull,ErSquadAssault,SkyRunn3r,Lapwing,Unknown_Erorr,Sibami,lord_spawn1981,its2easy4me,cj777,serega72,jkkt,maznatasha,segaass,ryjgrf69,athlonxx,tr0ty1,danil000,seroleoni,Gines,akvalon,soniksa,Takmak,SARGRTAL,Zmeyenok_UA,nwer,Anymag,gariboy,denyum,lexoz671,alex1681,stardancer,evgenii99,Natamar,argishti,Kalsterius,NohnoiDozor,censor2005,futbolist7,Swetlaya6791,warmechan,Vikodin,Goblak,dekard13,Alisdefonte,IplayYOUcry,VAU_1971,DjoniKuBiK,tssim,reweramk,angeldaf,petr7778,revoleks,ammert2,darkstriker,veleyr,Proton65,artem2222,VVVV63,ryk3,Kingas,Yohohoo,yoda_0II,EXEqT0R,EBERRON,mas1233,roobel,emvol,Kawasi,Mix17,ApolloSkream,Swad0w,Footballist,Padladin,ioannsolntsev,emilymydog,JustFate,Bivisbathed1,Area25,bsv67,ronnin,SVeronika,Ralfair,SarGonJIS,NZAG,remmaj,bozell,deymos34,Halk_151185,Osiris_,9067240264,Defektos,MaFFiK,nik7777,Zorggera,Gastroler78,Nothrog,Komasu,galeoner,Linnet,Sasha_king,2k7BloodDemon,massiliu,strilok3305,VorTerraner,aferatver2,MarAmiR,RETERY,Rond72,Yahoo_eu,dushikfan,fagimas2009,Orcinus_orca,Viseman,Zeleznoe_Puzo,ol_vl,s197418,kozadereza,Blecki,Ragnar_,Kroshu,jemima999,Magbet,yellow244407,Dumbledor,13tatarin,DIX78,L0K1G0D,_KTO_TUT_,ChelAxe,tcb_ltd,Waarlock,sizesword,Leoo7777,ssasss,CEPII,YURANIUS,BIGZLO,Louxer,PoDayTeNaChay,vvasdv,vadik70777,solntsevIo
1.00;0.41;13.79;3.00;125151.06;14.50;1438.88;14767.19;3799.15;1.16
------CLUSTER------
percent:4.54
size:126
Tartinum,simvolicen,Arkadianec,Karteres,imxateb,foton2010,LEONID217,iDusk,_dim_,Shuginko,Grossflugzeug,gens22,ReVeS13,Markscheider,PampaDS,LadyM,DimaMo,DBZontour,ivit007,Exlite,vvv768,Kellys,markv70,stasshevds,HeavyDragon,DANGER_RAIDER,meidjur1,Demonusus,genacvally,intelektum,Perlat,dopler,onekrasov,nosapien,Dornenreich,epicfail001,drdimo,Vitjek,GrafAizen,Kayribis,WOI,Groberr,Picelov,vadim_107,crazymakcter,D_1_E_1_N,stah777,naktyurnal,JoDow,revash2,Gepard_AD,Shah94,lexxrip,simpson821,M0RRIs,Sumo,f1Andy,max673,klksenia,pashtetina,scurp,AlexMasterJedi,wolf99ru,ALADORIS,nelit97,SashaSantos,marseilles,warzona,111mak76,Kulishov,BloodyDogma,0whitewolf0,Sapferot,Gvendoline,vgrc790,Mordork,Sadkhu,SoltiRay,Morgiah,Dewereaux,jezibella,Dilan_LT,Roman78,Minho,WArgentum,supervasa,yvet18,medvedterminato,alex84555,luui666,SpoylessII,SPIRIT080VL,hromag19ru,suhareha,lemyr007,Alexandr11,shef080876,jin18,Ramzes44,GerGiks,Zanskar,CalLightman,Uran999,drakon001,lehaGoogler,Madarsenator,Diremaul,Asylum2,Artemosha,Lisenok_34,armandilo,nedd24,Anneau_Control,viktoria21,novichekk,kosoogr,katransb,vuk112,zolder350,Recover,mikkoshmin,jacksnigirev,diskobolka,Skychampion,Dzizo,ordWeist
1.00;0.00;10.15;2.00;61016.38;1.19;310.20;7251.06;1833.07;1.19
------CLUSTER------
percent:4.54
size:126
xATAMAHx,birillod,_iconed_,30february,hochunchik,Valendron,alex4104,wolfvlad15,Nanarick,GRAAAD,Guns84,tomahavk,Africana,neman1,stranic111,FEDERALOFF,BATMAG,zer21,HISHNICA,gutik49147,MimickryStronghold27,MimickryStronghold25,MimickryStronghold28,MimickryStronghold26,MimickryStronghold29,MimickryStronghold23,MimickryStronghold24,MimickryStronghold36,MimickryStronghold33,MimickryStronghold35,MimickryStronghold32,MimickryStronghold30,MimickryStronghold31,MimickryStronghold34,MimickryStronghold44,MimickryStronghold40,MimickryStronghold42,MimickryStronghold43,MimickryStronghold37,MimickryStronghold39,MimickryStronghold45,MimickryStronghold38,TRAIK2008,san64,R_3,dedka007,KnazTaranago,RyshMan,Serz0072,Seton,Pseudopod,Genezis21,Frosya84,Illika,Lemalade,dada,parsecsrv,Flameline,DustFlash,vladren,papaxa,galfing,uzennaladka,Strannii,aL777,Fasdor,Nmak,berkyt124,_Nightwish_,FUNT999,Prokazdnik,xakek,yurhome,lexx227,NeedLess,magik2011magik,grevtung,Trader001,Chen_Ko,manuhh,Mr_Liensy,Toshkan4ik,MIKE1999,kostafey_,Amerikano,katrindenek,VVVamiRRR,banek,snowprincess,Simose,dmm111,zak3240,dora11,levonikas,Geometr,severna,slike,masterzargo,TraderPsolao,vpicicurov,Tupa,Rani,kaderium321,Anger_Rage,gnilozub,Cunica,UmNick,ffa1con,Marakuba,Veanor,DAttrIN,din5419,grin37,Historycus,gerasim_off,guzel543,Krolleg,YAzONVVA,Psychonavt,DahaK6868,Colonyd,0072003_696,Step0775,Goldmist,tiamat5,ullis
1.00;0.09;8.25;1.00;274026.50;1.55;219.14;8300.90;1474.80;2.50
------CLUSTER------
percent:2.06
size:57
Tibarius,bomko,MSLION,Saracsh,henryloyd,Amall,mehanizm,Nordmenn,kos741,suslikmustdie,SteepWolf,Masuka,EvialTaH,Ligutto,meskil,Trademark,HitmanRPG,Tamtamagon,Adellheid,MrZorg89,gregory841,Victor1020,Aquilon,langolierz,Atox,SAL65,BopiLLIKa,_Mishanay_,ExPerennial,theprodigy13,MF_Kamill,DSanzor,leechdraw,Pribaltt,Arsenal84,Ased28,IL_KA,WAR1989,Rusga,Schmerz,tolstiksakh,alchemic2006,111ydav111,TikTak28,Godspeed,TheCrash,_Igorek_,kos_ntagil,Goranter,kola1988,Urka87,PlayZaykaBoy,alexdorf88,Trakin,Sub_Zero_101,losttime1,kostrabk
1.00;1.44;17.72;2.00;204990.86;7.15;1590.37;27132.32;4438.74;1.54
------CLUSTER------
percent:1.51
size:42
kernelapi,xKEEPER78x,Moork,Darhik,panchoha,KlausUV,PsychodeliK,Kelvin2,inception,Biomonster,JoeSuper,rubaeer,Viranium,Vuvuzela,TruePic,Skybird,millworm,ZZZzzzip,Sdafan,igordr,skakunn,one139,mytantishe,MagdalenaT,AnTTon,Astoriab,vova19861,edwardoid,Black_Glad,Gluztes,Ashbringer,Alan_Alda,Subri0,Pegas_I,cezar2005den,VladimirC,biscup,efim4ik,Sitilayner,NIK800,sweera,Skeletonchik
0.00;1.31;17.93;2.00;158661.00;6.35;1644.19;27025.29;5077.10;1.19
------CLUSTER------
percent:0.90
size:25
VaMaG,kwm1,obormottov,murlacatam,luhr,wertihvost,spectra,Straniks,NACH_TO,Drag,mrdolfin555,Aserk,ddiiver,Gryzzly,skitalec45,SUPERRVOVKA,El_Muerte,_Death_Star_,odilak,caramba35,kapala,Botankin,Qverkus,Keks777,Step3028
0.00;2.00;48.96;3.00;1321223.78;822.14;148889.48;71164.28;30125.12;4.88
------CLUSTER------
percent:0.50
size:14
Warlock100,Anffer,Alembic,nika0808,mihelkon,okbr,yurs2,king76,amoonra,Sahavan,tarasovru,fillvik,BloodFanat,MakuShock
1.00;2.00;48.86;3.00;2323755.57;1289.00;69831.28;52771.57;108257.43;5.43
------CLUSTER------
percent:0.40
size:11
student19811218,koshka32,Llevella,neAngel_Ok,Cheini,JusTaVinO,nik911,_Genius_,ivm63,gensan77,korsarx
1.00;2.00;131.27;3.00;2906134.80;32647.25;104619.28;89934.82;27278.91;7.97
------CLUSTER------
percent:0.29
size:8
givid1,ibragim1968,APOHAP,Michadol,tolsuper,brranivichok,mittwoch,Zadybrovsky
1.00;2.00;82.13;3.00;4691433.49;6005.61;198142.12;85225.00;35582.12;5.75
------CLUSTER------
percent:0.18
size:5
iskdir,M_Kristo,ResID0383,iskatel,virus_kvartirus
0.00;2.00;46.00;3.00;2294166.35;224.09;111588.40;52930.00;117348.00;4.67
------CLUSTER------
percent:0.14
size:4
Maks_RS,aivamar,IegoFF,InfernoKiller
1.00;3.00;115.25;3.00;7610148.73;20750.08;147232.00;111103.75;45696.75;12.54
------CLUSTER------
percent:0.11
size:3
lionfs,MadKar,VODICH
0.00;2.00;138.33;3.00;2444909.99;40526.70;67955.00;63835.00;28252.33;7.40
------CLUSTER------
percent:0.11
size:3
gramm100,Sokol_2009,A_nti_P
1.00;3.00;117.00;3.00;8197955.01;19120.63;65058.33;140382.99;14859.00;15.53
------CLUSTER------
percent:0.07
size:2
LIONs_SPHERE,DarkRock
0.00;0.00;5.50;1.00;12624.00;0.00;0.00;1632.50;564.50;57.42
------CLUSTER------
percent:0.07
size:2
Abirix,Chistyakov
1.00;1.00;17.50;2.00;232794.51;0.00;1665.50;26970.00;3646.50;38.60
------CLUSTER------
percent:0.04
size:1
alegro8
1.00;3.00;119.00;3.00;36909822.00;16883.70;170069.01;125310.00;22295.00;9.02
------CLUSTER------
percent:0.04
size:1
JF_SANYCH
1.00;3.00;165.00;3.00;21462828.58;116205.00;210284.00;110345.00;12765.00;9.32
------CLUSTER------
percent:0.04
size:1
Antivirus27
0.00;2.00;88.00;3.00;11775507.60;5699.56;235055.00;63330.00;24710.00;10.06
------CLUSTER------
percent:0.04
size:1
MagXXXL
1.00;2.00;99.00;3.00;7517909.92;8624.17;73147.00;94785.00;140726.00;8.58
------CLUSTER------
percent:0.04
size:1
__sid__
1.00;2.00;174.00;3.00;5701338.07;162615.00;206171.00;71505.00;27466.00;11.09
------CLUSTER------
percent:0.04
size:1
Starkens
1.00;3.00;164.00;3.00;4662541.25;107520.00;134772.00;145200.00;62045.00;13.91
------CLUSTER------
percent:0.04
size:1
rodof
0.00;2.00;36.00;3.00;679524.01;350.08;19248.00;144015.00;9390.00;1.48
------CLUSTER------
percent:0.04
size:1
Fullabzac
1.00;2.00;55.00;3.00;2523425.91;1271.45;49512.00;50150.00;206748.00;2.66
------CLUSTER------
percent:0.04
size:1
vadimka22
0.00;2.00;151.00;3.00;2323954.94;62059.50;182574.00;85650.00;72470.00;5.33
------CLUSTER------
percent:0.04
size:1
S_A_L_A_M_O_N
1.00;0.00;15.00;1.00;69548.00;0.00;0.00;18095.00;2231.00;34.02
------CLUSTER------
percent:0.04
size:1
Onnill
0.00;0.00;36.00;3.00;149847.99;0.00;101370.00;65430.00;4996.00;2.22
------CLUSTER------
percent:0.04
size:1
titarenko75
0.00;2.00;124.00;3.00;836548.02;22800.90;12000.00;124114.00;23129.00;1.04
