04:23:31 26.12.2011
hierarhy - mst: 48.58
hierarhy - kmeans: 74.65
gate;colony_count;level;liga;rank;bo;archeology;building;science;ra
------CLUSTER------
percent:20.07
size:425
netnet,petruXov,Dmek,givoder,BeastBY,ibeerlover,Klodina,Beruseruku,Manchestro,StormR1,nkYellOw,Niamo,skvo9,dmvasil,Be4ER,Sketch_63_RUS,zdrqsc,linksys,Veronz,igorpetrov,Graker,holypeace,Katerinka1991,oleg1999,hatahy,kit306,stoller,enick54et,kfjffhdjjfdh,Twelwe,koosmos,sswd00,w15suxk,NEFERG,KONONQQ,Soerrrrrr,artmas3,jura4211174,ilya9621,nikiteka2,nikaaleksandriks,alex54543,Ilja2003,radikid,MrKsanty,Dok97,sergeilew,arturigumnov,sidorovaleksejj1615,bogdan_alisa,illa99,cherenkovkirill,Jenya12,dashhhha,Ratchet97,gufffffffff,micko,alekseif13,KELLIR007,ArthurWhite,nastya28,Lagshmi,gahkctep48,ftjsrtsrjtj,YUOTUBE,NEGEFAZ,leraleksandrova,pavlk,iolka777,olders123,tomo9,Hakenkreuz_,bigmam,admid,borsyk007,levnayt,Gevorg123,ninet3,wertor123,dima55500,3DMetalhead,romenchakrobert,serger1484,atad2008,MopDe,AVATAR_007,falshunov,Narcodancer,monTT,vikinikyal,ZWIT,nagefer,kot26,qwerybones,nikkinikkixxx,PIT84,al12345,stalkerxer,andrej880,Alvagest,Dima02,barsuk317,nerg999,Morthoseth,LornKarios,Korotiwka,voldemarij,skiters,evsigneevtima,Santyaga89,kofanovsergey,Whatye,Zele9r,Commandoss,cprok,dubonja,rah88,pomahyc,FireDragon,Nerevarin369,rafiska99,Ardorm,golovachev1971,sayron21,mik110,qwer000,Sartan123,juhyfc,poker_lady,Omanika,slatkiy,sharoilja,qwerghjiop,Risto,DestinChild,nikitaremizov,gamele,borjomi2,edurad1420,Skepticism,rwi,adja07,baneling,allaxby,Monrok,kuzbass42,Bogomol30,abudabum,Katanale,breader,mihne,trevas,igor45rtn,k78,Maksimkoxp,anton098,Vinni2011,stas101099,igor147608,ZODxXx,5643,64074587880,yrik_9,LiSt8,fynjyjv,nimikon,cjybr56_236,jodu,oldNestor,Dominusss,hitrou,lekhto,lemora207,denomid,anisianet,basito,kolomiytsevdenis,fakser,bekchiveaz2010,trahmaster,maxbets2,kill11,nikitaskase,PnPSEGA,sleeep,limbonik,genydev,NoVoSti,alex20122012,XMDudkin,adriano97,Dumka100,Xzort,maxxx15,merli291,maks20012,siber97,RcDog2,adam_ich,bak8000,krivika,Gulija,Kiryxa18,makarpokja,Dartan,belezard,48008,Barata,Black_Queen,teplikrbk,Mikolog,GoRblHbl4,iljaloladze,sephirots,asovers,Foresd1321,belouso00,wet46,xklikx,kobz91,dubovsv4,nikitosp,Fishenzon,9991,unhack,BOPOHKOB,eng231,lexaoden,tanuhawau,raklarisa,evgenn96,nohchoi,klim2112,Linoks,VDOM555,NEKROMORF,yragah85,LeoTomp,Shadowilya,katany,MisterFix,Munto,vydas,Kamik_Orion,bliznec23,2VladislaV8,demon48,DanillaDragon,1998823,zawetz,OS_lool,Devid_Belle,pensioner1700,boris19733,mrblack1998,Tottypro,6875856974,narutan,Gnom123,tautet,supcolgate,hva89,vovan533,Anmortal,suicid33,1roman2008,lepsi,Mige,qaz222222,fakrai,zuzja66610,Rozaruo,Asaf,kolesnik274,prasep,ily367,kelaghbdtn,Sfera007,stalker998,izwergin,muzychenkoaleksejj,sergeichirkin2011,kamikad,ujif0602,SAMBIST345,COCAINEE,sandin1983,draganage,wityaz1,corell72,IIOXYUCT,intercep,Pyc9I,Lopino,lomik51,XNAVX,Indifferencenov,karoy,andrejjbdkv,Legioner007,Kuzen_Avi,11176586,Eulen,profsha,057575,pavel_ginin,Kokn,Chummer,kostik9,TROGVAR_OGR,scorpion291076,nem4ara,afonja,stGregory,Shmula,ewqazxc12321,Mephy,Asmerd,dimatar,Refox,AD85,NRH,sleghome,Hikitosik,XbormanX,kirawa,metarhos,Renmaru,smok45,Dentarg,Broon,timbey,Nezabudka_N,svinunit_416,4410,1Shtusha_kutushA1,br0mas,gfcftr,Blaim,rimona,Hell_to_move_in,va1kir,IiIVIPIiI,gofar,vasilisc92,gofrein,MugenBlade,ZIMa07,Vladmal,Dmitrij37,Ririk14,ptztoxic,bahlik,Momorik,Stereo434,Andersen99ru,generatesun,muadeb,godobikov,selisten,capogok29,zerogroup,Professor666,HandeHoch,Vaale,kepatopoc,BRONEAPL,LEGIONER_STAR,Nextone,iventes,brain164,Stanna,marik72,SStromgard,ann234,xcvfsg,Devil_sister,Badspaider,stepan98,PiRaT9919,loliuser,Amihas,JavaRad,4ypik,anspik,Askoldir,mlsound2009,gurza015,alex0306,nikrofil198,Aank_3,imbatman,delta_force,slavahr0,Whitespear,maxkosarev,gordeych,skivbox,Mehanik111,kevin_nikitnik,vsop007,Nikon_d700,BloodyFrost,Midknight,Elkord,Fidzi,pro169,hriak5,sugsapro,imtune,GreyCardinal,AfillA,WolkodaW,kisa1301,HiPiFSO,Bny4a,tem09,Warrior45,xaracheban,GiantBerserkSamurai,Mefistofile,Strannik88,slezkin,4aT,ArmVDV
0.00;0.00;2.24;2.00;6110.78;0.01;38.85;758.87;242.53;0.48
------CLUSTER------
percent:20.02
size:424
LORDGeo,Svirep,DrFeelgood,lamadin,Joyka,arek,Gergen,Looser7,SkullX,lvp,sunlady,krroman,CLETUS,yansau,staskar,assasin_SOTA,Antareks,oalex,Curing,LV2001,zzonk,WyvernSan,Vseslav,zemesargs,Agnarest,BENDERA06,Cay,aim1504,Pasterizacia,DORS06,smp77,ztgn,Dnstuff,asprin3,Hzarg79,zuzzz,HYENA_HYENA,Superchig,nasusurnik,Timatkov,morto,Brodjaga_,alexmoon,pacmay,BigPV,guriton,Sergey_Ivanovich,oganov,AIRW,CrazzYGuY,Alexandred,mmbond,kica1154,KeepeRlife,sotya,taket,miha2604,nikleo,Morp,power2,Vagonn,Erics520,Lugor,evgen14,old_z,Dadass,prestigio,Aloha,AlexGrey,STALKERSOTA,Nadin,Jurij12,Gazaa,Vitodze,Death_serg,Hunter_nk,arakas1,Livers,Urka24,Ankalawr,yanovsky_den_val,kurtshar93,XXX_12_MMM,Rippik,Phel,Makarenko,IDUS,Torenc,selavka,McDOOKE,gadyka81,sahatyi79,Lordalexander,pavel1978,lionvitalii,funtik0111,kosihopitao,Detestable,BloodLoveAngel,Atatashka,Chocolatte,Kopashka,ira123456,Leshiy_Ash,dudaeev,Sony320,kab1400,Belivern2,evgenisaev,MyFAV1,nettoo,tibatiba,murtuz99,CrazyDoca,RealZveroboy,DedHrust,Blondelady,PabloEscobaro,Andrey22121984,dobr167,digitex123,Levand,Mr_Pi,YaceK,altorop,Silver_Dragon,sirdevill,Vadik1858,MinnyMe,gutalin147,glorfi,Tehas,sonik2005,v220,Sasha1967,Gigandra,ertpol,Deadloc,rikardo888,Tsistokletov,Kolbasoff,serf123,Tassadar21,Avikon,deadonlyone,Andre1972,Plom,asemlansky,Slavik78,aleksandr1833,DestinyTime,Irishka1969,markiz1967,Galaxi1,ssserg2,Egerer,aisha_am,skorp77,leliash,miklarus,oritanas,13dan13,skarb007,Dimetra_,kimusha,mbwana1,nasdaq,Tilk_Academy,Mikhail_pirat,bednjak,_Djony_,DeadMonah,Botankin,Stopmashin,Stalnoj,ALeX_U,avalon_65,MSLION,TURCHAK,slonikopotam,SergVVV,KAMATSUI,AEG1,namdvili_ambako,dliv,MIHEPBA,KOTE74,Aleksey_Kolesnikov,levkorol,BLACK_W_O_L_F,Amalphy,druger2,hip_dream,DuxBellorum,dark926,Vedaz,Fcbooman,Andron1984,0770,SagJOY,almashy,Todes,mussont,zz808,kadavrus,Mihalch,SHAFTForever,marsianin72,MrSybex,zxcvbnm555,Botus_obormotus,SIDNT,Stribok,dyser,Daine,voleri,vovanjatka,terandrey,svetlanasuper,bb1112007,uzhos,cronos654,jonglop,fludila4ka,oks13311,OpolonII,ProstoBest,Shnuk,Lilu85,Mim2,Deathruller,Ascar,juice2,Roman_McLeod,Ukus,fighter_ogloed,SM30,mavrigon,megapup,sertili,tsitseron,VeisAM,bakster_,fly666,g6i1zz7yfjog,armoon1,magizo,spich,Jura,Arec,William_Wolos,Valdar,Postum,Veselchak,ilusha7,Double_Nail,reBlueTooth,Raysas,david_gho,Fanton511,RfdSS,STAREC231,BDL_80,sergskv,Aladen,leshunka,ZoRMoT,Kuropatka,sndrbbn,sukuba,donAugusto,Intelegent7771,timan01,whatze_phaq,exmeda,Pervayaposleevy,Dimos,_Unknown_,Ptah_de_Gril,Mir_OK,Doktor33,Bad__Boss,sadovod,FaxxL,Arija666,Verogirg_W_Klandr,Olga1155,djo14,echausov,IVA60,Kornely,crimp23,KORSAROS,VitaliySH,Vkusnya,nikitasbj,Aliadenshe,TROMODOL,ks2012,feyh,skomarova2,sn005dog,BeeKing,skelin,MaxKulkov,elfh,Protoz,RGD5,Warrioriss,cshev,BOVESPA,Chertopodoh,LLIamaH2010,RRmice,budushee,Nyashami_kun,madamkuzina2010,Opilat,grtemkin,lenin00,powerss,guligo,aueg2007,const86,blascJAC,neolitark,serpundmolot_77,DeonisRayc,neonlight,63reg,klone4,alnev123,Myst3ry,dilikauri,sayavria,B_nOuCKAX_PecoB,rarapuH,InfernoKiller,Vika_sha,raxas,drn21,desya,SMertutaHP,GgGk,asolotun,victor777kor,gen2002,Artyomsol,klyvagina,Nastya_Lapochka,Soloway,OGL,Gaory,BISCO,_220v,Persid,iMultis,tvinner,husen,naglec,TunderStorm,Types,logger,Maratelllo,Besenok80,treloni,Dragonsky,zaraza_xl,zdorovjk,def__mrc,S0g0S,Artemonion,Dark_Inquisitor,MiZGuS,MrGARY,DEAD_KOMAPuK,zHyperion,Zorg_N1,acvilon,Ruster,matar,Skorpserg,molchunnow,pamarafonim,anyta2602,WARRICHTER,Govard143,Dark_pepel,murmur,muskatik,fastbuilder,anri_pr,avis_rara,OUSEN,emo_7,kondor40,Astim,kantata,asn09,zolotoyentony,Lyutiy,gumilev,Victory1972,desipt0n,MLR,Barti26,Cobalte,Abyys,ver123est,Pickachu,zvitaliyz,METAJIuCT,Xramovnik,RYTAS,Rassul70,_DAttrIN_,skytronic,black_dusha,mick_ts,ZiXXX,nio55,Marina1967,altushka1000,Taras_bylba
1.00;2.89;36.23;3.00;578524.76;695.54;41678.15;74816.20;32685.47;6.97
------CLUSTER------
percent:19.74
size:418
Sayryn,supchik,VIUST,privy,lev33,_DERIAN_,Astrawest,KisLana,Salix,1354,radsh,SlashPorkY1,Nezhna,Invisible1,WB777,Victorzw,Desert_Eagles,Hi_JacKeR,ferrgo,iskdir,GriBBi,NonProfesional,snakers1,Kosty11,lobach,MegaPolus,lesorub_s,semyonov,nastya1005,ss7,nuBac,Legioner1333,grdmn,Rekviem,Nauman,MotorOFF,Rusana,is1n,Mete0R,mkserg,a111169,evilus,Pandi,PriRez,MedMiV,vitjamba,SergeSLK,kollesnik,loxudra,korepan,tumtsia,kirden,KreTeen,Ddef,RIP_EMPTY,Belorus,wassa,dqq,anv,Oriens,14KIA,Alex_11,devakor,VIGAS,KolDunchik,castle,eee2002,fetol,_DeimoS_,femida32,SoulJet,nato4ka,pimba,MrWhisper,StLynx,SVP61,grantbul,shooler99,Monster,Gilmorring,SunnyF1,Acid_hacK,Fertilizer,Triumvirat,Lopouh,Nullifier,pnpnick,Nikolai1973,deadwood,Seliger,OPTEL1,muraba83,OVERVALD,Rainboy,Cristiania,Kervel,custodian,Lakiroll,shamhor7375,spinozka,Disa911,buryjtino,ingenico,4dbpower,Stn,Gacop,VeryWhiteHorse,sancase,MBug,gigapihar,war_otaky,OMGXaker,ataman2216,eksiton,jerikomo,Bogdasar,JustasAG,ellen_marlen,Actioner,maksskam,redok3,o5e2stou,tu1528t02,smok,stasian012,valm2005,Asus01,PersonaNonGrata,_Sirius_,tanya157,serg4100,ziper4x4,NeoSephiroth,gramm100,Schmurge,pan_pan,pashtetka,GinJin,rodict,ruskii95,11111anuta11111,Bestrafer,sashamts,igortonight,SuperHaos,lizardlp,Poxititel,gopnyk,Maximka_137,walerka,abkbys,IiIsidhaIiI,belinea,pospelovdk,Mandor,oleoleola,Monsoro,LaGorra,essina,peppper,AIFFU,Aret,ARTYOM_21,vitek7777,occupantru,sav377,Tanis_Halfhelf,_BULLET_,realy_Shark,shRoman,_Scotty_,cezii133,GeneralZed,Staleri,Dexter_Brabus,coolmenn,solomon41,kaban1,darmoedina,StalkerHB,tim75,Sanya22,Krasnika,AragornA,AprAxiA,XanDa2005,Hlebus,LSFZ,zik1,ivanby,UselessMan,Broner,salabim,wulfs,vomihal,SHADOW_50,kkarabass,JL_Heir,SHARMAN,rivai,JGR,AgReSSoR,progunner,_Spar_,dudmax,Solistka,God666,zukmsk,Ulis,Skyle,Daenurmage,kaskad,Gekasus,Roland09,kuntin,LEO189,Fobosisalive,yandex_ru,Rammstein04,Dowmntime,roma_arv,GENIUS055,BETMON,anres,Bace,aggressorus,Sustav,DeVinter,_PartizankA_,Kamik,Wrigley,runeru,SaTaNa82,haruvim,bad66,dmb04,nick_is2,Vovagnytov,ElvenKnight,deyt,Agnepus,OSeloK1,arhiepiscop,GriFon_,NetRanger,Levij,chilanzar,Doraty9,Thunderdomes,___I___,poporu,cybervizor,kakukh,Ikar82,makanaki,dzyruk,Nestabi1niY,xomlak,ROMATO,shlz,colibry27,UncleYorra,ReaperDRW,Speedy8,Decepticon,tytry12,kvasha,hecfxrf,TomoGavk,p0dSadman97,alikserj,novgorod1,PlastycBuddha,ColdRain,behappy2008,shimik_animal_jr,winnel,donidarko,romul,bloodaman,ashom,dimon2187,Dolforn,Rainmaster,_Igorok_,Dmi,MinumuS,FireWolf,cyfral,rockdj,bumbel,Scorpion_sx,marsianin,madenemy,Godzzzila,yDarNik,Habicht,serj_e,euwa,manX,Annaelle,Sklin,root_by,Moldovan,Pooller,Italiashka,Fomka,MagicBright,Shadow_of_Night,vityx,Sc0rp10n,Henk0k,Baster,Telepuzzer,Mampoc60,Uspex,AlexyBond,Hassadar,gorra,MeMO_,Glasseye,giosposta,Psylog,ValeriyVS,nhfrnjh,master1992,IIAPAMOH,dimon1989popov,RJEY,bestbroker,makerpeace,Blood_Crazy_666,_Torr_,dgudi2,gasssan,Akson_neyro,Karkysha80,Ledzz,Master_meditation,Akkord221,_Liho_,TIMUR_TAMERLAN,Alexeyxxx,4uJlaBePT,serge175,JonConor,alvaz,Bereal,Lekseich77,blitzstar,shadas,filin1202,vavan64,REAKTIVE,AleksZ77,Resurected,07071977,Kto_zdes,Dzunga,kriksik,aragorn8474,Accept_,Menni,Zell,Preator,RTI,Kazulka,Untitled_Identity,vampiress,dragonmaster,RateG,iriska237,gott_mit_uns,solov57,Kirilov_Alex,methadrone,BOSS_BY,rolar06,slavahr,FALCO_II,parapessor,Architecture,shaimiev,_komatic,zzz707,valis,1TAHATOC1,Aken,sonya270972,Exelentt,FOV,Sfortsa,xzerekol,TAJIEHOR,Snoshalsky,Wall_E,arcana13,mr_dick,Kssandra,AlexGor,Longhi1333,kolenval,allart,Anzel,Miaal,nord75,Eldente,demon_antuan07,multivitamin,Schumacher78,Petrovic,Falcon_Claw,fariy,APOHAP,marih,LeV4ik,maxkrimia,sirslava
0.00;2.92;37.58;3.00;620622.85;523.19;53198.87;76071.18;43071.81;11.92
------CLUSTER------
percent:7.93
size:168
c4rnage,kukusa,vitalikest3,Corwinonline,PONEPEDELNIK,chorgola,vnazaren,kanash,KJIAPYC,makar54,dzeris,Nof8_Scanner,Deyvoss,Dimedrolum,Perfecta,jinrohh,roman723,CergoniC,Djordano,Novocat,Justice_of_pain,chrek082008,nightDOZA,Fantasmagor,pta,kashtanov19651,1Bpam1,sIn666_punk,Sergey101011,seregamas84,Serhio,katrina,logan4ik,Vegan888,lefeka16,LadyLockwood,goblin44,NaTuRAln,nbuh777,sasha1411,dimon1565,Taselhof,Waldi,vlad_16,vk1996,jschka,BlackStrip,leonid12,Trolik129,Sireos,Zallun,barboss79,niknik21,karasik_olja,rave1985,kotenock,90na60,AlexandrVer,sheik17,Yajy,Scheger,Demo369,jhjughu,sav4,ulpantumenova,Kostyn302,mishanyss,iv5an,fakyu,Pompon,myloporabote,grafistt,Maniga,rufoti,m_solo,AnnitaMult,EvilPartisan,John_Olson,gdik,acx2,Soldier216,ilja2001,1234561921,BOJIF,johnny17,serjant89,Angelmail,Vulhrim,roman199811,PUERTO,cannabissB,IllidanStormrage,Resak,Robulon,futug,24334283,nikot,jy4ok,oldpunk,artemrozolenok,Sasuke2,FerCor,rolodin,McLaude,happy7,skillok,mishanys,sawat,BAHEK92,denz01224,chemodurovale,uzumaki6,ablsveta7,granovskidaniel,Greit_Skiv,nLightSoul,POLHOVSKII,00704,Kiborg77777,gulshat22,roman950708,Korowka,head198005,Gunnhild,sablezub1,berlingo,VSL,sheik12,Miribirka,littleKarlos,x4EREPx,dkflnjv,TOKARem,FTMR,das12321,HAXEPAOHOMHE,ooooooooooooooo,silih1995,vadimyara,vavanich,daymonIT,FA3A,vagir,IrreversibleS,EvgenijSafronov,rig1980,boika,gegi,dehc88,demon860,Hamingwey,StatuSDeaD,Lavrusha67,rastaman86,gtxjdftfjf,gorthsir,1HIV,Coldat28,WikiMan,vlad464,aidarrR,zoranders,sasasa007,Cibik112,boss54,XOCCE,region2000,DESTER
0.00;0.02;3.07;1.00;14729.10;0.21;90.27;1861.69;442.79;1.32
------CLUSTER------
percent:6.42
size:136
NAP78,GERAAA,trauras,simonna,Burj,SlaerART,Leonone1,san2004,FineKettleOfFish,TURIANEC,phobos2k,ak197,dog2000,AUK1970,Cherep99,barbarien,Chick_RUS,xXxRAWENxXx,xxSTxx,vladimir1999,Veresk,SeAnLiKi,DrEUR,korobok111,krys_dro,KRUZEIRO,Cat_on_clouds,Werdna13,InsaneCAV,AIHma1G0Dve0Z,night_north,Ferling,X77777,zloy_ninzia,JekaVGG,afganez,hihihi2020,yurta38,overnayt,DANEAL3000,x115222c8,xmeser,Kiber_mwtiteL,gero1234,maksimkatermit,vasenev13,snoopy24,Parazitte,erepa,Viktor_ChaoS,komatoz77,Gines,Roman436132,astmargal,dac0n,NewGodlike,kostya197808,Lukast,aratustra111,shurik8133,dizel7,kotik356,gogibubenchik,artem121212,FAST22,dronin00,faberman,inal,repinilia20100,nikolasha0011,calaps,DrFreeman,Valik18,maxykl,Al_Damir,aieti,banyad1,Rik428,Olamara,mvk10,saidus,shumovkv,elisey22502,iis_285,Jasko,DOG13,vfolet,naumV,nimezidaa,westwud,Musaka,alexd381,andrsn,Lenusichka,RON_,npopokx,irum4,lcferus,lili_tango,GPS100,Sora13,TyZ935,arrivederci,_Gefer_,Phoenix935,hottei3,slavahr1,KillHunter_,Irbiis,svarog691,Jigas,LigtSD,terr_,Magnanimus,XCAINEX,Zmeilo,Vriss,GRAF_GRAND,TERADON,Haziel,Sergali,Setels1,fantom80,Phoenix_a,HLOPEC2112,evely,HEKPO3,_ABADDON_,Dusvet,Angel72rus,TATADEN,BAP_BAP,garryk121,Bastinda45,tomrud1000,yur11
0.00;0.13;8.36;3.00;45343.61;4.02;1424.64;6781.83;2800.09;4.77
------CLUSTER------
percent:5.19
size:110
INSTRUCTAG,dolbastik,PaulCartman,Paladin_,SerjVzM,OLEG91270,NikitaXD,sapliak,Loriens,kirillavatar9,marmelon,Sanya100,tenek2007,brabyz,Adelheid,Ghostme,inspirit89reg,daniel121,Tanpopo,neAngel_Ok,OB_EBOS,nugzarimr,CmewNou,Prokku,smirnovs,Rassaxan,ewqazxc1,zz1xx2,zilibob1,evo_n2o,budog58,GI2Q8,Mishael_D,webziklon,rafaelnos,Argodey,ValekDemon,Dorem,ukosik,trezavor,Enuki,Revlon,slashlab,KavaiiVampire,torin1970,LORDERONUM,Gilgamesh931,platon1109,Olegro93,RZmaks,branall,RetroFM,190379,Delawar22,wwmih,STANISLAV91,NeorgTS,Terminys,Grey_Horse,YouFeelThat,Unnlife,ZolanarArchangel,cJIoHoTano4eK,imanuel613,Gul_Dan,Lord_BERSERKIUS,katarinna3,wesdmiigo3,blamen,Nelsson,Sir_Armageddon,nafar,iL1gA,DeViL_Master_Ok,ditaker,7950105,CheshireKot,Delceo,Famar,PsyGenka,Patogen53,Drakonis369,vladnik26,Gijdoolakh,ASPID73,litarn,baza415,aronya_787,Utilizer,Fluffy_and_White,1autumn1,MAKAPON,mmOx,solshark,Adeptic,Geralt_IL,nosapien,Dasha_A,Enzo,AntonFedchin,GORstar,Nice_W,sevenk,gedo1,arxun,KVN0277,Klimentij,Oleg_aka_Giena,FOLKOBAN,Petraelf
1.00;0.12;10.55;2.00;57067.96;1.44;279.32;7992.06;2067.91;0.43
------CLUSTER------
percent:4.30
size:91
dada,KMI,Dirael,serg131,IVTulaev,unhuryan22,taras2008,88Potroshitelb88,WallOfStone,Amargusha,shanro,MIXAN9999,killerwa,vnv197,a_serbin,Vanya4444,uhbyxer,forint_ms,simon0659,dartw,DimaRokDva,seryi77,pilk77,artstas,Illusionisst,sermask,maxim125,Temiron1,ZloyFenix,SirTroll,Lhadgaarj,TuOKi_makak,megaussr,seregs78,Fotograf_M,matveichuk,Lamios,smiagorl,waldemort,Takov76,Qwersy,Amargi,Freestyler935,soulzp,Gerash1988,17897kalipso,Healer777,DenKL,Spherchik,Aulisch,hsako,Demiash,megawat51,pasim,spab,sashabolotov2,Botar666,NAMSO,DreamBou,Merlin2014,Saint_935,kvakus,ddg1975,Astronom13,userator,deadendman,Annita,nestervivan2006,Leninad,Dark_Dusk,Rewired,Cloudy,jurki,igts,klaus73,Andron_K,AntttoXA,kocmozoo,BuGaVuGa,timshock,alexandrioning,D1K0,MASH_4077,bilael,Lekva,Timehanter,FABU_UZ,pando4ka,Enekin2008,yura77,stalker19772008
1.00;0.31;12.70;3.00;85765.20;11.94;868.85;11551.33;3486.12;1.27
------CLUSTER------
percent:3.16
size:67
vishnya1989,Persona13,jonny39,Free_Rider,taekwondoITF,kdestin,Heravata,werebear41,hmmka,longerbolt,herkul,streetcat,Cat007,556041,Twixter,ValeriyKaluga,DocBeen,Omelien,dima82,ZERG1986,Prim2011,Prim2009,Sabzeroo,BoooGaGa,Fakel125,1235454,stepaska15,scazzy,yamaxxx,poljot1987,skimlik,HunterMan,Mirondy,Skull_X,DTataV,OhotnikSPB,nekit88,ksarron666,Karapet1990,NG33x_team,slavajan,Mishny,Fortescue,corsarchudove,GOR1,luxor1987,pustosh,HeavyRain,karite_,Ashmeleh,tracki,Sultalin,tatxan,Caddy1986,BlooDyReD,ETiH,Ruc,borntofight,bibo55,Armanchecstalon,rekord11,freddy_hacker,bloodydef,BATbKA,Aesone,shaylin2,aleksandr1111
1.00;0.18;11.30;1.00;84535.63;0.82;261.33;9407.91;1988.01;5.51
------CLUSTER------
percent:1.75
size:37
CrazyTiger777,obmorok007,feliksem,inck,grik,Suny_MAG,ss1988,geologoed,borisvd,DEAD_OsLik,KVV621,KingOfErythrocytes,tellur,Arko,megaarkheolog,Solitary_Stranger,Xokki,M_ART,RoZher,KerLeada,CC18,lemynara,AlexNT,P_Vitos,Shatsky,Chevy,Tigra5547,TESAR,Serhi,Zelenaya8,Indians,Benderlog,SkyLite,Alcoholicus,ScReeM_d,Menshikov,george70
1.00;3.00;71.95;3.00;1057430.18;4735.54;214855.40;94563.57;52547.03;4.75
------CLUSTER------
percent:1.42
size:30
LZXVII,Ruthless_Killer,uboss,AID557,HellLioN,agent723,alex_ak,adba,aivenho,Prefect_gg,Getman_Mazepa,elborion,noigel,OHWIR,Johnny_Sid,DarkDanger,Ist_Gop_Stop,Slava7,parm,maxella,Stradivari,Predator03,satos,MegaConstructor,Rakon,130772,Frana87,ahill27,Alexx21,aldo
0.00;3.00;122.90;3.00;2463644.87;27951.81;143399.47;100650.82;47076.77;34.13
------CLUSTER------
percent:1.18
size:25
dracon2,oleg_k,misa007,bush23,Biruk76,SergeyMSK,Companion,Indemonia,agrius88,d2815z,lydok4,DjOnly,Mubo,Futbolist,otell,_FALCK_,Alex_2005,Estebano,Favorit,TimVodianoy,djenne,_serjj_,VaMaG,Browning,grey2002b8
0.00;3.00;98.88;3.00;711397.69;17534.10;141264.52;109441.60;42664.20;3.36
------CLUSTER------
percent:1.09
size:23
WarPsolao,sunweb,Dyatly,SnowBlast,Koka_lv,Parazit,dd00,ZRage,Sparrych,GorAndre,Noiret,EvilBarabashka,uHBaJIug,Broilers,Palwch,Kauxi,frosinmug,viki77,MadVik,Oboroten_VIP,Horner,PytanKnight,lobonic
0.00;3.00;75.70;3.00;2246424.14;2862.00;265302.30;82810.87;82713.74;19.42
------CLUSTER------
percent:0.94
size:20
Magic10,Mr_Maximus,dirkon,Gorenuk,Vindard,Fibyld,Eryand,ZYRTIB,Mad_doctor,Nordtrend,Alex_Nebesny,Kerberrus,DIMADS,Vazhenin,ORSK,who44,ketorol,sasunock,denis86861,doctorAoA
0.00;2.15;18.80;2.00;207756.60;4.46;1128.80;32109.15;5858.80;4.43
------CLUSTER------
percent:0.80
size:17
MrGera,Varyag,Shveik,Ghost_Leader,Inquisitorium,mDream,Jerald,mit_,renh,Serj_PSG,Kosmonaft,MVN_2000,Tribog,sau2005,Lightness,Heavy,vicgud
1.00;3.00;62.41;3.00;1574646.23;1018.50;133986.06;71624.23;218071.77;2.58
------CLUSTER------
percent:0.76
size:16
AKYRA,ioj,KROKUA,chizh_o,Rokkki,BeginnerHard,Mamay,DeepRessive,dinamik13,dmn3000,VicB,dm201,GTI,white_angel,Lees,Olegas
0.00;3.00;59.50;3.00;2758310.78;1281.13;85325.00;71200.38;215239.94;17.34
------CLUSTER------
percent:0.71
size:15
vicvalpol,Kurilovich,Tandem,HAGENIDZE,FamilyS,RAV007,MrDriver,Morchelloo,lubko,mif_ugra,ZakopateL,StWarrior333,REYTOR777,qnalocas,allslavin
1.00;2.93;101.87;3.00;483820.96;14354.41;61711.47;92050.53;37823.33;1.53
------CLUSTER------
percent:0.66
size:14
andrej305,alphawing,sahsasahsa,lom07,moscowneversleeps,serementiy,Espantoso_Diabolico,Kypcop4eg,Burata,Pyromaniac,daniklevkin,Lotos,za9c1986,Mapsrok
1.00;2.00;19.07;2.00;169253.71;8.61;1135.86;31894.57;5293.43;0.47
------CLUSTER------
percent:0.66
size:14
DFGDEN,dedmopoz,Mozka,Zmeeed,den2008224,Requiem,m0sk,baton_ben_laden,Akashaa,neon777,Cheebus,smak,romanlord,maksimit
1.00;3.00;68.29;3.00;809332.82;6013.34;77532.92;161979.43;31317.79;1.88
------CLUSTER------
percent:0.52
size:11
zMormo666,Nikkey,ranil,irvinrus,DarkAvendger,vladlip2,Gagozub,Derevanniy,funt_liha,Valefar,Strashilkin
1.00;2.82;23.36;1.00;455957.73;39.20;3654.73;60371.18;5629.82;5.27
------CLUSTER------
percent:0.42
size:9
oleg723oleg,BHY4EK,lheu4,BAGROV,khmyr,wolf_top,Skifling,RAKSHAZ,cigd
1.00;3.44;148.33;3.00;2341098.56;67530.74;242157.98;143348.55;31454.56;37.72
------CLUSTER------
percent:0.42
size:9
Colt943,Beresta,Svarog,Vorobej,cola_cola,monro,QWERTDCVB2005,iluzij,warxamer2
0.00;3.00;50.89;3.00;1608843.43;1216.35;64548.67;163481.56;44524.00;21.30
------CLUSTER------
percent:0.28
size:6
HappySoft,simbaef,ZloyLis,Slair,Kamikaze_FPA,Fisher1967
1.00;3.00;78.17;3.00;1947068.64;2553.90;281836.67;111153.34;73312.33;35.87
------CLUSTER------
percent:0.19
size:4
FedorAcryl,Jivotnoe,Veech,EnMac
0.00;3.00;27.25;1.00;562387.50;120.85;14258.00;76128.50;6900.50;9.62
------CLUSTER------
percent:0.19
size:4
Sirfysh,Andy_Panda,IDVsbruck,Alexander_K
0.00;3.00;78.00;3.00;5419390.26;324.69;261021.50;142478.50;278186.00;11.50
------CLUSTER------
percent:0.09
size:2
SeverGal,Denisa_31
0.00;0.00;4.50;1.00;11707.50;0.00;8.50;1370.50;402.50;45.05
------CLUSTER------
percent:0.09
size:2
Quistis,TANKER
1.00;3.00;68.50;3.00;3207051.63;891.16;184305.49;84952.50;230422.49;37.28
------CLUSTER------
percent:0.09
size:2
Mizantropka,MexicanoCanalla
1.00;3.00;67.50;3.00;174913.00;4.00;395042.01;89220.00;30094.00;0.81
------CLUSTER------
percent:0.09
size:2
Trublemaker,JLA
0.00;3.00;72.50;3.00;1486474.55;345.31;292618.00;59720.00;225694.00;19.82
------CLUSTER------
percent:0.09
size:2
Encephalon,Ianina
1.00;3.00;128.50;3.00;4133159.37;29037.90;309110.50;76825.00;227702.00;4.95
------CLUSTER------
percent:0.09
size:2
_di_ma_,NikitaSB
1.00;3.50;147.50;3.00;3504580.86;65288.75;282876.00;95197.50;128708.50;39.35
------CLUSTER------
percent:0.09
size:2
Le0nishe,DonAlonzo
1.00;3.50;186.00;3.00;3270390.48;412622.48;305240.01;94411.01;45828.50;41.42
------CLUSTER------
percent:0.09
size:2
Ice_Rock,eck0
1.00;3.00;181.50;3.00;645523.97;281070.99;272827.01;90880.00;29185.00;12.21
------CLUSTER------
percent:0.05
size:1
Manas
1.00;4.00;162.00;3.00;56329840.00;96910.90;278760.00;122171.00;117004.00;40.24
------CLUSTER------
percent:0.05
size:1
Turim
1.00;4.00;182.00;3.00;35571882.54;265551.99;179057.00;109334.00;12649.00;43.93
------CLUSTER------
percent:0.05
size:1
_Bagira_
1.00;4.00;124.00;3.00;17037813.52;19129.80;317666.01;112695.00;24536.00;42.16
------CLUSTER------
percent:0.05
size:1
Arlandino
1.00;3.00;156.00;3.00;9210905.62;79421.60;9750.00;79670.00;27342.00;43.64
------CLUSTER------
percent:0.05
size:1
Svin2000
0.00;3.00;162.00;3.00;5961233.17;94074.90;344875.99;61640.00;270225.00;36.69
------CLUSTER------
percent:0.05
size:1
nik269
0.00;3.00;133.00;3.00;2300913.04;27517.40;159513.01;100615.00;246742.00;25.15
------CLUSTER------
percent:0.05
size:1
Progressiveage
0.00;3.00;179.00;3.00;644684.02;214775.00;365766.00;79723.00;53779.00;8.73
------CLUSTER------
percent:0.05
size:1
uzinfo
1.00;2.00;15.00;1.00;125828.00;6.93;679.00;16925.00;3374.00;41.72
------CLUSTER------
percent:0.05
size:1
kvitikviti
1.00;0.00;8.00;1.00;43635.00;0.00;0.00;4065.00;758.00;81.41
