04:10:28 26.12.2011
hierarhy - mst: 84.77
hierarhy - kmeans: 78.79
gate;colony_count;level;liga;rank;bo;archeology;building;science;ra
------CLUSTER------
percent:48.96
size:614
max26012,orkart,Dropp,Artem2005,DedMa3ay,alenka165,Kreogenik,wertypik,N0LIK,bakenbauer1953,butcher75,alexs81,PLUZHNIK,tralivali25,great93rus,SignOp,zubkevych,Azgolarcheb,knick,artem3004,gradir666,ei3aji_kota22,singater,ygryk,fantom19,Den_monster,minimeme,guardianSerbia,Master_Boy,Dchern,Vipanzer,Baaxaaxaa,Vicvvvv,_vlad2000_,vla1975,VETERINAR1986,shift1,maksim33,ZET09,alienthings,mobiletv,aldezaran,marina2451,DRINNOY,FenixRoland,Marader82,glukoid,crazy4u76,Bolzamator,Azrailit,vvv74,hworostow,jubassi,Creativia,gibikus,Lakyman,Alekc007,driverj89,Exlipse,Alexeylex,Neo_ork,FireAce,_Givenchy_,Zatogxx,DiKK97,w1nslou,shap111,Soldik,SAURON2A,bjakosha,Peha,papaja,walydes,rolss1,kirill783,donsimon,Ayreon,Jerrila,ksyna2002,HPrz1710,EnjoyTheSilence,hbcr,petmkon,LakyStar,Katrin77,alex12745,timon771,sabaov,andrewstretovich,evgen666,AlexSB,notforu,Wasabik,dimasnaip,KaMiR,zerese,coldat1992,OKSI84,umlaut13,Artist1134,Aylor,PYCTAM07,goliaphus,Cruze,i_pointer,dctvgbctw,SpiritOfTheHawk,SSvesh,Ipodnana,Romentij,sergei442712,donpedrozzz,silversmok,Vik_132,zapredelom,Peltrimin,Kimich1966,tigrzord,syavaayk,Admiral1918,Polikar,Damestos,YuraBUGA,GARO33,Aleks_Twi,NothingPersonal,ODM,pashkabuka,samvel3,Melenity,ggkkd,CyPeRsHeL2000,weqweq111,volt8888,stalker19772011,pechenko1894,Gescort,bronik1801,torchaee,Jerrarr,Enotnah,SliceofIce,pmspmw,NatsuChi,caussidicus,janvano,lingviston,_Rinas_,tatum21,rayusha,reedsswdsss,Alexsor,Zondar15,Google09,Maximiliann,ExDiablo,Iuhenio,LordVova,Deus_ex_machina,dognit,Lotlory,Lavrusha_la,igroved,denis37,SteevM,PavelTih,dekoder001,Techo,veles136,Dizen,Reid071,sahon2,andreoma,leo130111,SanSan926,rusllan55,xNeirOx,Badiboy,YVI,alecokolnik33,totosai,Vitaliy79,BlakFire,kosinovaljuda,amedomaro007,XCrAsHXLeks,Gerlix,aleksandr1996,Hellscrime,Bigman2011,nattropin,NuclearSalvation,DRON4545,joker54321,lesyko,Fresht,SS1974,deadpool0007,ecooo,randur,Rejder,VipanzerII,refract882,Bxlam,krukis280279,StacieSweetie,Azgard2144,Ascorbin,Nicrofill,Laerta,Decibel,Lotair,rwetg,larag,kirillkash,HELSTORMIS,fors666,Wordon,vitekss22,Credo2006,Stay_Alive,FullTeak,potroschitel,Ramzes777,Sergio_net_,24323,saraxxl,Siroha,DarkBloodDance,ProKiel,bagyzhan,ruslan3449,sith22,slavikavsjanik,gorthsir_231,afhfjy23,1vtl,Stonelord,trhtyjyj,and1806,GODZZZILA87,pavlusha77,lordik21,ruxlyadi,voovaa1996,nskgex,xnick81x,AmyLun,sMkjke,genek3642,Desepler,MistyAlbion,backspace6996,kiopl,apg603,sashka1979,STOYKOV,Nefisto,ATAMAH12,Melvin,GH_GH,Moresson,DiaboloG,Ysmi,Oxx,VaN2222213,ANAGK,Jokerin,Night_Pit,pipey,bomber1987,slert,manas1761489,mikmik1235,Vinya1998,kristap,dimmkk,Dennica_666_,TINMAN,everterran,bender77700,chipojo,waterloud,konsti1992,alex15091977,godja,Marnil,bvg79,Padlodinka,kenny115,gomez_simson,lipokuza,njqjnf96,Sharbafos,vlad________,Sir_Cat,ziblih,RomanSky,trot69,matunin,asa1954,fvp,Sedmoy244,Morgan1,igorbot,kostet96,Amagon2002,brederik,nekropoll,Al55579,solovey1212,ANDRE32598,guxer,roodg,andrevoland,qwer180,1764,aininia,AnnaMary,mishapet,sars_sars,slavcko67,rds1980,sveval4,vovan22226,tyr24,valstazi,mukolalev,OEL,KORNIKNIKZLO,zal202,Souldrinker,slong,nikitosfr,Valdemar4ik,kolokimer,leviofan2011,Dzinters,sergyus124,Sashok007100,Rognard,katiusha01,1ELE1,fedor10,vikdemon,phamo,KENG2105,TATARIN565656,Admiral1917,SAID1222,Gardamarin,rumer70,Drakuluss,LEGENDA77,SuperMaximus,DiMoN98,kolyan130580,uhjvfl,WirGen,cntgfy12,llonk,qwin98,ATTTTT,vladsind,Fesko,Dimmage,Draivers99,Kingloppi,Eternal_S,MoudUA,PokeMonstR,OverDemon,Prototypeee,beerZoon,kot99888,DingDong,14vitalik14,OdinockA,rahmetov2002,nikitosf,demon5111,ADAMSONA,brodyga55,rusmtk,LEVONDS,Arhilla,pepparkakor,skinet777,odentor,varrska,bogomar,Aress102,navoloka,Rumpelshtilski,killedplayer,germender,Cmail,butja,Odin_darknes,klifa,Maktavish,Radomir1,Zhekar,iva5471,MegaDuott,Golaberger,grimcat,Amalya,astronax,IIJIOTHUK,BowOfPeril,Gedymin,SGor,Taulan,SS48,kaktus2004ua,WhiteLOrd,shteem,Jone_Doe,shontele,jokermad,mo_mo_2,CRN2004,Vadim2808,Ruslanon,Silent_Angel,mouseTPAKTOPuCT,1hammer1,BlackDoGalex,Mi9mix,e2656,ShelestVetra,Dim0k,fatik3,Adema_Plants,Drawed,Vladik,ProfessorF,vladra,Step_k,klintonblin1,2RR,atir120,Mpak643,swed1983,Misha_Rtishev,NARKOT613,CFIFDD,uchil_ushu,166MHzGod,evil79,Ksut,basidor,shurick23,vitalystik,khpkc2,kipriotka,Autobot74,IKLIZAR23,Cergei002,Rayan7,makytra,vaperool,azunit_303,dan_predator0,Tolinjsh,ManDaRiNortt,krappa,TOCRUS,mikmik12354,Liders,H_ugo,Cranberrie,DinkyWinky,d_evgn,freakey,COM_BAT,buratino2011,Snagit,lightingmike,EraXXI,Hradspain,Sektant_Mo,Skypiest,Lotos,cheburatorrr,par_rus,Claustrofobia,electric_l_o,AuroRes,Jails1,bnwhagdshggg,npocTo_T34,Vergis,Franku,ser507,galien,ultrahacker1,Dovahkiin,Mj_Pronin,Spirit2011,DemonsPrince,amaleksia,TssDragon,Vitek_70,VERONA_MAN,STASshev2011,sobole,Princy,valera1972,serversh,VipanzerI,cyber_malleus,Riki1976,Sinoptik77,forenius,KateV,Nosferatoo82,ASKONA,mazvek,FORESEI,DENZHrep,DozenSL,armboy,Com6pep0,xHikaru,ReckViem,ciqan,7even,Wergono,RickyBass,olich251,kip26,debill16,AdamJensen,wolodj11,Baratos,Suldimor,allexx761,Rarshah,1ZumSieg1,Stormfoxx,sergsberg,atomik777,Ceza,wawardin,mircassin,katinvova,vovkinakataya,Medovuxa,Lisavetta,zastraxyubratyxy,Umxows,Tulli,Solarflare,VohaBoba,MaxVitalich,Akretya,orwo2,Calib777,AliakseiKa,Red__Baron,Kal_El,tssu3,patriwar,shu_shu,RavenX,Gh0st184,Riffleman,NakazhuSzadi,DarkTample,Winnie_Pooh,tssu4,Cyber_Ghost,tssu5,Somic,hunt,Klavierer,Shoroh0245,PoxMeLb,monstr6,ratomi,nanoo,Lastpsol,jeca,sobolsobol,Tintari,z0w0z,Tropnick,orlando93,Decimanus,Jamaneko,Govnjuk7,crypto198585,nonphixion,deymos35,HarleyVikToR,danaderby,RocketJump23,selena20jun,Gosser,EveBass,vitbal,ilya104,Layrinia,MirGazz,jbr,boobs,Kapo_Regume,babarika,Kieki,kopal7,BARAKUDA01,grum21
0.00;0.00;2.81;1.00;19371.84;0.01;67.55;1011.36;277.44;8.41
------CLUSTER------
percent:19.86
size:249
kvark_,dometor,ilyuxa93,XEPOBATO_CTAHET,skilis1979,PureNaimit,derem2,Hamiorau,1001243,DORgG,dada,childt_,impostor_maxim,Mortifor,Eflatun1,lustranger,berleen,valerastr1972,la2lol,stivid,alexsandrius,Beda666,fenix_1000,latmisha,rryaz,Gabrielle_,MdHouse,olgerd1985,Stayton,MimickryBase1,MimickryBase2,MimickryBase5,MimickryBase4,MimickryBase3,MimickryBase9,MimickryBase8,MimickryBase10,MimickryBase6,MimickryBase7,CrazyPsiXXXoS,draksar,Termez,cyberbluesman,German_Belinnyi,kimersan,GrAgel,Sieger88,DezRvalD,Ramzes30,iCona,Graff858,BogoJIa3,hipnotizm,Heralt,Darkms,tolk2011,madwasp,GluckVal,Stingertblack,Mineralka123,BorisOlegovich,MegaGluck,xxgluck66,LemanRUSS566,Faelar07,pogranichnik2144,TREGEN,slesargenekolog,Andynew,ragor71,andreyom,nixxx7,Foton3000,HagenOnLine,Flammen,notfound404,KlimKa39,Diego_Ramirez,withworldnew,deymos3,petron,Veresk4,Antyk123,Smegol55,mediakon,gwinblak,Dz0T,Ayame,Vad11111,Virusxxxx,madalex16,zlomer,sn_faust,Mark_intim,Baccra,tikitukk,parseg,dinoMC47,Nekich,viperoid,xxxnikxxx,holodd,dark_azgard,ortegafoust,dima1909,MaxMS,EQITES,genius09,_Grants_,HuKuTkOy,tisik,tav97,Rramon,DenisQQ,levamar,WC3TFTDotA,lordlogan,kloniv1982,lemniscate,aleksey_galitsky,ksenibia,Fertyss,minutes,Sepunation,Dasvan,Sklifficus,sawa_sawa,zaat11,alonso1919,EagleOwl_Al,rokazar,shurick24,fil_mens,kon4800,Lir562,DuBoViK,Normalni,Miralisa,Takedo,kapral815,choovee_580,Infinity_bioy1988,Madara1,Baikal_Princess,dan75,Lumia,artem127777,nek000,vany1234567891011,sfera2011,Di_Akame,Frelancer,gelos71,bdfy1199,zAzs,Lotus12,DEMON555,PORCO35,poli02,Djetro,sergeymakeev,VLaD179,Taija,Tom09,Rahel84,necro_ua,Serz0072,ilelikv,flammand,PsiNord,VILARD,CMEPTb,Zubran,Apercote,acerus,DAJVER9,dragufa,Klassick,CoExo,alqumista,Kn79,Taksist1,coolbreeze,smirnoffivan,fayst9999,KOBUKAN,xALEXVLGx,Arvik24,kobra01,CrazyPSR,Makhveyev,dozoro,rosan,nastya999,GraSinagra,wawawa12,DonX,Kometaman,Bepycuk,Nemezida13,nastya1399,deadmodo,shimose,Function,YrMaa_85,Blackson,sparko9_573,nexota,WorldEdit88,Quard,lexa22s,wowzhoe,Goren2011,AlikoS,Dasha2011,Silrant,omay,Irruah,Bertie,uglyman,r12345,ewq321,Palladium1010,lisovskyphil,numatoru2,bobrwest,komandorwar,kapkapob,kazakausua,ub2que,Tatarchuk,Archandel,SlySerpenT,Xaosik,z_ZZZ_z,AVIctor,TirQaan,BemepoK,darabba,major2011,vasya_psol,prikol55,evgeniy8005_466,VampireDemon,antonleshhenko0,OrfeyEngine,Dahokos,OPerw,mayamoto
1.00;0.00;9.29;1.00;161608.93;0.99;295.40;7072.65;1580.76;8.21
------CLUSTER------
percent:3.11
size:39
Silverine,niding_493,Dreid77,cruser000,ironguff,Aslant,u36paHHbIu,RaSvetSiriusa,asiryus,zoro2011,chebakov,Decs85,chlonik,Nick_Fury,klifern,Deiterij,Lastcode,RisenStar,banner2011,protosey,_spider_wira_,denis2677,kda82,Ant_msensk,dsmacos,T0X4,d0mato,Line2160,jitano,DeniSmith,parsus,St_Andruha,popzub,Ahagen,Graaaaaa,cyberswarm,Edon,JustCry,PeaceOfMind
1.00;2.00;23.82;3.00;968862.21;40.92;10584.51;52594.74;6629.26;8.11
------CLUSTER------
percent:2.23
size:28
snain,sub02,yurhome,lelik87,Ziristens,Openwater,maltazart,Seelena,Flordos,gizatm7,Arxnomodin,Truhan,jorik83_878,Pastor,sgenadich,XMAOJugra,sadxy,evgkev,Arxeopteriks,300sSpartain,lolwhat,NiRR,Mr_Murder,Jonkis,MrDevastator,sum1000,sparko9_391,Dikiy_Prapor
1.00;1.00;13.36;1.00;274340.10;1.10;829.46;12344.14;2986.89;10.06
------CLUSTER------
percent:2.07
size:26
dacsi1,Br1ght,MCfield,Pirs2011,Ganus,Dmitriy_de_Rayka,alzamon,kirilldg,PkWerden,Gross33,RDecay,W_Rabbit,KwonDo,4ipset,IskanderK,levaev11,wacile,graa,antonov2912,LSD_LSD,mr_nikitin_89,galakus5,lucerius,PlyuwevuyVoin,Davidoff,mtnigor
1.00;2.00;19.62;2.00;649594.18;9.19;3302.62;35140.81;4301.54;7.42
------CLUSTER------
percent:2.07
size:26
newbatia,Laskava,Dmitrof,nadejda_L,logan_1980,mr_filler2000,allapshin,axmedsasa,dschepai,freenation,_Maya_,neo_24,krahen,deslean,v79179,dalinfein,Litmana,TVarna,GanzaKreak,mcVika,serge2186,_Alexandro_,gchd,Misticust,Okutar,xRyukx
1.00;2.00;24.19;3.00;1289954.91;12.06;16052.15;49935.11;7383.54;27.31
------CLUSTER------
percent:1.99
size:25
InfernoKiller,rad4me,andreig,KoteGaeshi,Ecruz77,Tailian,Yuppavi,_Korvin,fixoid,SwordsWind,NakoDS,Beauty_Queen,Yaroslav359,YL76,elymas,Immortal3313,VARVAR1000,Xfusion,IIITYRMAN,VashXP,KYSb,Stra3o4ka,qwertycool777,lsmileyl,opus53
1.00;0.00;11.68;1.00;298662.75;0.13;533.16;10022.36;1977.00;46.52
------CLUSTER------
percent:1.83
size:23
Androidos11,katafey,Coffeatea,Gottentot,Skaari,ppapa,infernikiller,H55M,Extrimrom,Leprechaun66,KreiserZX,XiWang,LOKRIP,LaPo4Ka94,Dimonxm,vakorol81,Barmaley11,SinTaoLin,Alt3rEgo,BioCryon,klopuz,crvss,polundra79
0.00;2.00;20.96;3.00;832130.53;9.13;4718.61;38951.52;6575.48;12.18
------CLUSTER------
percent:1.28
size:16
se232,AlexeyG,vadimir1972,Othius,Kanaloa,SmashUA,chaynick,lanelia,Hellios48,kolobokpenek,SWIATOSLAW,Si_mak,maspeh,Cotus,General68,Lord_Devill
1.00;1.00;17.50;2.00;452306.06;7.88;2282.94;24364.06;4165.56;6.84
------CLUSTER------
percent:1.28
size:16
Crabman,mikhajjanatolijj,siniybrat,duster2012,mnmnm,ArtVirus,GuestOut,Edmundsiha,sol1985,statamen,KpyT999,yudoner,Real_Evgeniy,sdmkx,Kabelino,OrganGrinder
1.00;2.00;19.12;2.00;729376.67;4.15;2236.31;33602.19;4515.56;35.00
------CLUSTER------
percent:1.04
size:13
Taronius,LinuxGentoo,spiritoffear2,takoni,MIIGOR,seti77,Naoth,GOGA111,xc70,Hrenikus,atrmoney,piGnoMio,DonGen
0.00;0.00;6.15;1.00;64112.46;0.17;162.38;3461.46;743.46;42.42
------CLUSTER------
percent:0.80
size:10
Lenusichka,Lukast,Enzo,arcueid89,GvsPhoenix,isaisaev,an0nym0us,Dimus_EG,VanyaSIM2009,jonn9
0.00;0.00;7.70;3.00;109489.90;3.52;669.70;5600.30;1439.40;8.20
------CLUSTER------
percent:0.64
size:8
addda,karatel718,azabaluev,Ursuladog,valehin,BorodaYy,turegum,AVTOR911
1.00;2.00;30.75;3.00;1879983.70;33.20;61587.00;62807.25;10606.63;28.12
------CLUSTER------
percent:0.64
size:8
ApxuoH,sasha_sasha_836,traxex,Cruing,GPGoK,Kreastr,Incitus,VVasS
1.00;0.00;11.63;1.00;192429.13;0.00;232.25;9740.75;1960.00;76.30
------CLUSTER------
percent:0.64
size:8
medson,vaxlox,daniil358,MorgenZarea,apokalipsis2011,priboi2011,KARD1NAL1427,NVPG
1.00;2.00;30.25;3.00;2352446.59;302.49;33797.25;63659.75;10117.38;30.82
------CLUSTER------
percent:0.64
size:8
Mr_Diablo,Eda24,Benedict_,ScorpionAssassin,levantmark,KRTUR,Ansrew,stakhov
0.00;2.00;23.37;3.00;1403847.23;51.62;10704.25;46946.75;6811.50;26.81
------CLUSTER------
percent:0.64
size:8
Yozhik_v_tumane,selezneo,Extrimal_ua,arotari,Ligimitiv,Randomperson,_Djony_,vladshum
1.00;0.00;16.25;2.00;285809.64;0.80;4081.25;17521.63;3360.50;18.07
------CLUSTER------
percent:0.56
size:7
MasterOfOrdnance,RedRush,Mister_Wizard,silvernfs,newlight,DarkLed,MelKos
0.00;2.00;20.29;2.00;851083.55;11.15;3463.57;37726.85;6203.29;13.73
------CLUSTER------
percent:0.56
size:7
Dxapmc,_Sesshomaru_,Voyaka2,Trolley,JustZelov,Magarbl4,Kotiabra
1.00;2.00;27.00;3.00;1800583.24;82.50;22735.14;64390.29;6486.86;45.09
------CLUSTER------
percent:0.48
size:6
ITRasum,imdanger,kukuruza77707,LS_Ramhe,Moscow312,RaulXXXX
1.00;2.00;22.67;3.00;973314.68;6.50;7353.67;49317.50;5169.33;53.62
------CLUSTER------
percent:0.48
size:6
Tuxo,budokan,sergey1181,solowey,CECTPA_YTKY_MHE,duberez
1.00;1.00;14.33;1.00;317299.67;1.72;873.00;15178.00;2957.33;37.39
------CLUSTER------
percent:0.48
size:6
mno2,Jokester007,XeNoMoRf,Pharod,Amatii,LisaruL
0.00;2.00;27.33;3.00;1222715.41;20.25;32484.83;60696.00;8905.00;13.47
------CLUSTER------
percent:0.40
size:5
MimickryBase14,MimickryBase12,MimickryBase13,MimickryBase15,MimickryBase11
1.00;0.00;1.00;1.00;2807597.39;0.84;0.00;10467.00;0.00;23.71
------CLUSTER------
percent:0.40
size:5
mrShiz,Alex_Cuba,TheLoner,Amargi,RedkinAG
1.00;0.00;10.40;3.00;138948.00;0.58;275.00;8761.60;1715.80;6.76
------CLUSTER------
percent:0.40
size:5
tasm,HYGE,Deadfall,Romull2002,Synd1cate
1.00;2.00;30.80;3.00;1315053.00;12.09;72651.80;46787.80;15280.00;15.71
------CLUSTER------
percent:0.40
size:5
anfin,d0n0mar,MuXHAEB1,ZeeroCuda,IrBisoff
1.00;2.00;34.60;3.00;5139834.94;54.37;82785.20;74174.20;14049.80;34.55
------CLUSTER------
percent:0.32
size:4
Saido,Toten43,Codeinum,Guillaume
0.00;0.00;6.75;1.00;53535.25;0.00;78.75;2809.50;789.50;68.78
------CLUSTER------
percent:0.32
size:4
xrapyn,JumperByTula,ElenaTroya,xxRyukxx
0.00;1.00;17.00;2.00;403758.49;22.48;1839.00;20537.50;4328.00;5.90
------CLUSTER------
percent:0.32
size:4
tiRex4,rewko07,Winsurfing,hlushko2
1.00;2.00;17.75;2.00;540585.02;16.80;1591.00;26519.25;3725.50;59.43
------CLUSTER------
percent:0.32
size:4
DiMiD8421,mrpodolsk,_Arsegg_,Terra_Nova
1.00;2.00;25.50;3.00;2958573.75;11.10;20989.75;52432.00;15787.25;16.96
------CLUSTER------
percent:0.24
size:3
Akone,BigWisp,VitaminC
1.00;1.00;16.67;2.00;423244.99;0.20;3019.00;22570.00;3104.67;42.03
------CLUSTER------
percent:0.24
size:3
hrcc,dronov,_memphis_
0.00;2.00;14.00;1.00;448343.37;6.24;180.33;13464.33;3926.00;10.72
------CLUSTER------
percent:0.24
size:3
Gemerte,Esip,_R_E_X_
1.00;2.00;30.00;3.00;1456914.37;331.48;29685.67;72470.00;11342.33;11.10
------CLUSTER------
percent:0.24
size:3
fox_12,Varik3,Zemliak
1.00;2.00;37.67;3.00;1648351.98;45.66;129362.33;54092.33;13673.33;22.36
------CLUSTER------
percent:0.24
size:3
Gothic12,_nomad_,TacKaTeJIb
1.00;2.00;29.00;3.00;6024962.14;98.17;38790.00;60322.33;11675.67;34.72
------CLUSTER------
percent:0.24
size:3
wierus_d,SsSTalkeR,Mierdo
1.00;2.00;26.67;3.00;3059246.72;13.46;25491.33;42807.67;29793.33;21.52
------CLUSTER------
percent:0.16
size:2
Rock11,VasiS182
0.00;0.00;16.50;2.00;341406.01;6.26;2937.00;18824.00;3577.50;10.59
------CLUSTER------
percent:0.16
size:2
OliverMcCross,Budva001
1.00;2.00;21.00;2.00;971420.97;0.43;4786.00;43339.50;3737.50;77.05
------CLUSTER------
percent:0.16
size:2
az1978w,Al3ksey
1.00;2.00;18.00;3.00;673252.46;8.75;832.00;26401.00;6258.00;11.72
------CLUSTER------
percent:0.16
size:2
Eralash,P_R_V
1.00;2.00;13.50;1.00;325600.50;0.00;71.50;12273.00;4613.50;11.66
------CLUSTER------
percent:0.16
size:2
Tiranozaur,Chereper
0.00;2.00;31.00;3.00;1589314.03;355.91;38562.50;62817.50;8874.00;15.32
------CLUSTER------
percent:0.16
size:2
AFighter,Robodroid
1.00;2.00;31.50;3.00;1031425.97;74.73;69274.50;58960.00;6856.00;7.00
------CLUSTER------
percent:0.16
size:2
TunSen,Arilon
0.00;1.00;18.00;3.00;262726.00;110.29;1355.50;16623.50;3920.50;16.14
------CLUSTER------
percent:0.08
size:1
aleks19
1.00;2.00;34.00;3.00;13547680.00;162.72;66507.00;75240.00;14671.00;39.60
------CLUSTER------
percent:0.08
size:1
iwasik2
1.00;2.00;31.00;3.00;12106536.24;200.43;37828.00;59915.00;29590.00;25.73
------CLUSTER------
percent:0.08
size:1
gsm00000
1.00;2.00;37.00;3.00;11697982.95;786.21;55533.00;66790.00;6581.00;29.38
------CLUSTER------
percent:0.08
size:1
APOHAP
1.00;2.00;36.00;3.00;10655241.00;838.89;26944.00;65450.00;28141.00;29.51
------CLUSTER------
percent:0.08
size:1
D_Idaho
1.00;2.00;28.00;3.00;9230134.34;0.00;52938.00;47558.00;9339.00;24.97
------CLUSTER------
percent:0.08
size:1
elFire
1.00;2.00;37.00;3.00;7943124.73;1104.10;22511.00;74052.00;8739.00;37.83
------CLUSTER------
percent:0.08
size:1
BamBarBeeR
1.00;2.00;44.00;3.00;7293407.68;943.37;92700.00;83737.00;11513.00;31.65
------CLUSTER------
percent:0.08
size:1
satelit5
1.00;2.00;52.00;3.00;5777888.13;313.89;215569.00;92760.00;13698.00;28.63
------CLUSTER------
percent:0.08
size:1
HondaLight
1.00;2.00;41.00;3.00;5007644.91;1148.82;48303.00;84686.00;11707.00;38.21
------CLUSTER------
percent:0.08
size:1
expresso
1.00;2.00;44.00;3.00;4732668.87;5.18;144936.00;95730.00;33816.00;22.57
------CLUSTER------
percent:0.08
size:1
WARAKA
1.00;2.00;26.00;3.00;4459772.87;1.88;6268.00;46040.00;44402.00;16.14
------CLUSTER------
percent:0.08
size:1
XAPAKTEP
1.00;2.00;42.00;3.00;4339547.08;794.54;100932.00;71224.00;11520.00;37.83
------CLUSTER------
percent:0.08
size:1
Clarence10
1.00;2.00;17.00;2.00;3925305.99;0.00;1728.00;25945.00;3030.00;32.03
------CLUSTER------
percent:0.08
size:1
odious
1.00;2.00;57.00;3.00;3532050.97;5.04;302928.00;49375.00;37812.00;12.86
------CLUSTER------
percent:0.08
size:1
kontra33
1.00;2.00;49.00;3.00;3174564.92;16.32;236309.99;56166.00;19579.00;21.44
------CLUSTER------
percent:0.08
size:1
theophysic
1.00;2.00;36.00;3.00;2475083.07;20.36;96351.00;52835.00;36803.00;12.11
------CLUSTER------
percent:0.08
size:1
BOPOTOK
0.00;2.00;28.00;3.00;2194214.95;583.87;8984.00;46683.00;6361.00;29.26
------CLUSTER------
percent:0.08
size:1
curiousgirl
0.00;0.00;10.00;3.00;1895620.90;0.00;346.00;2371.00;5216.00;24.34
------CLUSTER------
percent:0.08
size:1
vixell
0.00;2.00;30.00;3.00;1822057.02;26.24;53062.00;58030.00;18216.00;10.59
------CLUSTER------
percent:0.08
size:1
WhiteDowny
0.00;2.00;35.00;3.00;1640226.04;31.20;91891.00;77195.00;11052.00;12.74
------CLUSTER------
percent:0.08
size:1
serg4100
1.00;2.00;42.00;3.00;1625592.01;194.20;140416.00;67800.00;18891.00;27.62
------CLUSTER------
percent:0.08
size:1
Fidos
1.00;2.00;28.00;3.00;1427542.05;188.82;21261.00;25880.00;18114.00;7.82
------CLUSTER------
percent:0.08
size:1
abdal
1.00;2.00;35.00;3.00;1373560.96;392.11;77747.00;55013.00;14037.00;7.57
------CLUSTER------
percent:0.08
size:1
RonBlak
1.00;1.00;28.00;3.00;1032238.98;277.29;33224.00;39015.00;8030.00;14.75
------CLUSTER------
percent:0.08
size:1
serg8496
1.00;2.00;22.00;3.00;912897.98;0.90;3428.00;49901.00;4297.00;84.11
------CLUSTER------
percent:0.08
size:1
shantih
0.00;2.00;19.00;2.00;546928.99;1.34;4974.00;27242.00;4897.00;32.53
------CLUSTER------
percent:0.08
size:1
alexdorf88
1.00;1.00;18.00;3.00;514103.99;0.41;1975.00;26430.00;3260.00;5.80
------CLUSTER------
percent:0.08
size:1
7072592
0.00;1.00;14.00;1.00;309691.99;0.29;81.00;12620.00;3794.00;16.02
------CLUSTER------
percent:0.08
size:1
Venedika
0.00;0.00;16.00;2.00;271289.01;0.03;1858.00;17390.00;3468.00;38.08
