04:30:21 26.12.2011
hierarhy - mst: 36.18
hierarhy - kmeans: 67.51
gate;colony_count;level;liga;rank;bo;archeology;building;science;ra
------CLUSTER------
percent:18.18
size:290
Zigy,Fericl,Mak0zzy,RZORRO,midved,reso2011,sunskreat,ADriaN666,ManFire,Destroyerru,tashik80,nexacuxa,vitalix,wornas,bad66,run24,Al_sandra,Ortego,FSOL,Lyk,starikoff77,Konstantinkkk,PaulFenix,Tanderdom,MILVUS,_fulano_,Voba,kudrjasov,vladimirovich2007,CivilizationII,K_A_ScheY,AXPEHOJIOG,FOXIKspb,ISDES,bgRoger,CEBEH_II,vedunt,SMELADON,McKin,Strontium,FateNoMore,DementorG,VA2216w,skywitch,Damax,f1_ghter,Cicutine,Koteg_13,_sisad,Kallak,pitbulli2006,ArtMart,sredizem_e,massa_ds,Prof1985,Razor8,Psolao_Mage,kilera,i999,wowan1,uehe,lalalen,Nemesis71,Kires,cuprum64,Antnioki,IgorSlayer,DLMrak,Dorosh,poromonus,Blessman,felix197,alexn244,Foxess,sm19,BigTraktor,IvDrago,aNDYmal,ZverChita,Caile,Sirenada,bestbroker,Ma_Teo_Lin,_aleksey_,massam12,xxxBESTxxx,polinaig,vitborsuk,Belov84,FerrumOS,FreakyCorpse,pliver,ROVERss,2rbo,prunus,mihhalo,RAV007,ortopet,gramm100,MainEvidence,DEDIL,lxkud,Sevensinner,Keks2009,slavuta_237,Nak0,dophin,Ferling,Stalker999,laralara,dron_17,stikers,naruzing,krundell,CoToP,Leo_NNN,Skotina_31,wumka,aSSeFF,MaGiKaN1N,esc_fatal_ru,RedrumMM,Vionik,sergejjkargaplv,Sqger,SimplyRedAlex,DRUIDUS,Lvennok,MUR1KA,polish,snip2004,ImmortalCombat,deme3us,vicher,Verhovniy,Lumaklin,K_K,saneksam,sobaka47,ltdbk,Andrewru,xxxALUKARDxxx,Dowmntime,lebedev1,SvetIva,godzila323,Tickle,luivilla,Nika_Prem,PUPSIR,HideNeon,kothor1977,maxatmaxa,nikstranik,sansaint,lexus2500,bazza12,Wilson,AHACTACIA,do0zy,ilmish,ashol,alien075z,ibra797,JosanoBGN,R0B0B0T,K_e_X,Qbic123,KL1o,zlojkotenokja,Lekinar,BUOMEX,beatman,InfernoKiller,Sku1L,an72,TamenuS,ShadowXS,rmv28,maxrv,alien075,yusif26,voin_sweta,LukashBida,lejja,pnpnick,Rebus909,arandot,SinoptiK,Eclipse3000,socsik,serg4100,RESHAD,BcexHeHaBugy,Karapuz123,saaamuil,ElvenKnight,SEMERHET,felikis,GriZZli1,MrCredo1934,drugininivan,DarkGray_Admiral,DimonMillion,Lvonok,dopa,tkastet,bandit13,Rumb,KAIY,frankds,volancheg,killer_Leo,hecyfr,100grampon4ik,Samelik,feofan_grek,Balaboshka,stariks,rushua,snowind,irmabel,rfin,Secondhend,abcentep,KEDP,VaMaG,UdafKAA,Alena73,ArchFromDrom,Assistent_2557,Papiiik,Psylocibe,Epika,FUNNY_LU,svetliy,Giw,Poulus,chrnyjjbelyjj,E_Racer,astranomus,Tihiy_Mysh,ATAVUS,Aelin,vam220,_BarY_,joyful,rurix,OldGardener,Milker,ACA1,NARSIL,WizardIII,Kroupenier,justafreeman,Mabis,FsShadow,Al2006,mcJora,xxDRONxx,dimak1,WAX1,Acid,Zver666,VASIA_3716503,BeautifulWoman,Sergey0777,korvin813,LaV_is,Gurd_DS_Sota,Torm1,dest4,bogema7,george_grypich,HunteR2007,Kain1988,PraporRu,Eaglion,Ole_Lukoye,zarcus,bibois,musorshica,Ufenfvf,Dagenhem,progunner,spiritizm,Faberjo,Wirtgen,sova_amigo,wertyk
0.00;2.01;32.88;3.00;483798.52;365.46;37265.31;66273.94;29567.11;4.69
------CLUSTER------
percent:17.43
size:278
Yannta,WoolfNight,nessebor,KennyMC,filchakva,jrser,lightv21,emon,DemonSDN,alexvav72,Encephalon,r32DIR,Delta_D,TKE,Radibor,bondar06,spider106,Erics520,Botankin,JAKIMOR0,ACB,Tropico,verybaldhead,Xander78,BORS1,saidss,warin,xammep1,krepish4,rarapuH,dima2901,rbhgbxm,Vbikiniyaboginya,Soke1972,neon777,steelratmax,Pigmalion79,Tasadarius,Wrednaya,Meximus007,Kodo,narahs,broni4kaa,shu11er,bender6661,K999999999,lizardlp,rustam000007,EUBAM,smelov,Dunka_K,grizipan,Progressiveage,5igor777,Daine,nywkuH,Fel1972,soulfist,LLIamaH2010,Darkigel,black_meat,ARTOIS74,maerling21,zwolf,terrium,TanSAS,YaceK,Bandobras,artemid2,terristka,Hamst,Nikobest,Berzerker666,guligo,vailden,shooler,jurachuma,Necromantis,aizek6,dakzak,actigen,nigrustin,Phoessus,zlaz,fani13,Zopher,Gektorus,Mechabot,V_L_A_S_T1990,maha5421,Nogri,mckoy_ua,sagail,Podkovich,COLLEZIONI,AlexKisten,Roxnir,MatsushitaMagnat,Jonhy,dancik,Ashtree,Chemodancheg,Starcros,daemonica1,TSD,urodets,Plasmicsaber,stalker419,angyluck,dimapolo,Riisc,Alex_shch,Mortarion_Nostramo,KuJIEP,Barserk,6arxan,kavkaz77,westfal,Newwonder,dicanio,serapup,MOHAX_BouH,BykA110,OldSpy,Altaniel,Djanik701,dobris,Krauler,momfelix,Tauhead,bezumniy_shlyapnik,avt02,Staso,zuk123,pltencev,vami,Nadjushka,filin1935715,korvala,Horhio,kavkazdan,Bratelo4,Redpygmy,Lord_Mulas,Tiderian,zahedan,hrushka,ppalex52,kazanec1,BigDick,noveshek,S_Jay,Mirox,Aymat,mallik,ASilver,Erik2009,pronsky22,Haides,hancock2010,tushinov1,pilgrim6,__SoulCatcher__,taurin,Alex777w,100100,Dmitrii7031,vvb1113,vitalikest1,den2007,DrWest,sakhar,HAPOD,DIANNA23,spurt,IrvenSS,Yuliyadom,sova71,ngasilin,alienkiller,Onotolekus,Mih_OZ,nle2006,klassica,MSLION,dimulius,natlus,rozamarin,Andarfin_S,vitaKam,KLOBEP,djp2014,Zvereff,Lenusichka,DmitriySCH,Vadanchik,anti_psol,tatarinsem,Ku_Ku,ElvinE,HISHNIKI,serg52,Bapak1,ovod63,BashSpartak,Handstorm,bestas45,krutov11,qarxz,f2005,1oleg13,IgoNK,chaotic_spb,Impuls_XXI,Ditritiuss,Nagora,StatusVo,SEDONE,Tamogafk,rintik69,FERZ5,SZEVA,firewire,Tobago,slm555,St_Bandera,ka_maslo,RedkinAG,mestrs,palsch,Sergej_Hilt,KELP,Svetik_seven_flower,Zondaj,graphite17,protex,lda30,assmil,Zyovkin,Toichik,4etvertnoi,Volui,Bourbon,Belanna,duga,Hrul,slawa1980,VasyaPetya,raduga_13,Mesia,Oformitel,minogram,OILMANBOMB,den_loki,serik11,Spy_and_Dude,KALINA63,antfarg,vanica,AMDG,Mischutok,acva,ikar72,SGB,KAiYB,Takagera,c_b_rsashko,zaroman,Gallian,asmen_519,Egosoft5,OpAkyL,Lightseeker,010101110,virfim,user2366,Malign,Buratinos
1.00;2.00;33.79;3.00;514851.08;574.20;34769.37;64544.91;26470.78;4.58
------CLUSTER------
percent:16.11
size:257
gbhjujd,tr0ty1,petrkuka,arunarun,lesik092,wichKing,den132,knigopis,xbob222,nelit97,vayat,SiReno4Ka,xApocalypsEx,BadWarrior,bankaman1987,Voidoid,asidr,Dragony,Razdrapezdra,5PRAVEDNIK5,argishti,Umnik192,FREEEEEZE,rat1,sasasasasa1,NeuTRaLs,MAN72,robot777,anubias,fken,hitary_auchi,fatal154,LiquidMK,Edmar,Aram1919,medvedterminato,doktorzlot,Swider,MU_DESTROYER,Zmeyenok_UA,schel,Uran999,DJDON,romanidze7608,WERWOLFMAN,seyrg,Aliax,SkyRunn3r,TurboDiesel,Dzizo,snorlax,Nokirumotadozu,Valery_Tsikhanau,Tanita12,Viberenok,gnuser,Votter,gaitavr,AlexPol,Pestx,Diremaul,Dark_Predator,valeron66,its2easy4me,Alabama_men,alexela22,NoobzA,yerla2007,ecstasykopym,_NeyTron_,lordlodi,morpex1998,sergiomak,Gradi,PsihoVoron,lllooowww,_ViSp_,Upitysh,Haldariel,FreeHunter14,quakezabra,mark_vod,Inferno6607,NeveRhooD_1,xxalfaxx,Obione,XFAIDER,privivka,Hserg,GLAUKOMA,Krt,BEKKET,egor127,spdjspdj,Alche,vadim_107,Al007,kador555,Dukalic,adiseys,MaiklK,rmax111,FAU11,Muntoya,ng3ostap,45nit,Lelll,serega170687_774,LordChampOfDarkness,LaGeR17,lBOBeRl,maxtor999,gazzoline,Daniel1384,ARHANGEL_ALEXEI,SMERTY1989,slava1,teberii,Odrin666,Boss_1,Psychopath_Psol,Psychopath,JoDow,minhertz1,ortopet3,jacksnigirev,glazastiy,s0tka,devolarin,and0008,nohlp,OlluDk,teplii,Visanchik,poiuqwer,kanlaif,vargrah,Martorium,Artemiusus,werewq87,FinalCutPro,modesty63,samorkin,adudik,StMakc,ZERADON,GreyDragonII,OpJIaHryP,frost1272,Rusga,Musterbit,XromoiNik,Besitzerin,Le_Gran,Polcan,DugPes,AgeFighter,ilya44,mr_demoniko,abdurahmam,matrix_ret1,Striker232,Koralis,My_FAV,NightFox71,Area85,ANTON03,Avtonom,Gorinych,MASUL,Tigus,miks140,abirvalk,Ceather,kostjalarin,igo01,Nordix,Jofaz,shustrikV,aaniky,Bober0101,Star_Shine,STALKER1989,Nothrog,Giroskop,De_Generator,lileka3,WhisperLeaf,Arkonus,MB7,rethimno,planowed,JaggaSPb,Neyasit1983,Vinyavskiy1,HEKPOMAHT999,REAL_oOps,karapuzikatrapam,BblB,D_M_D,VechnoSmile,aitelred,Iskandaru,gziro,Klacson,Winamper,raaaaa,CRY555,Svinopapka,nikitarechkunov89,igoryonya04,Akatan,MidnightSoul,OutkosT,RemboL,0001S,dima130682,Effion,sasha1234ramblerru,Shadaeros,behappy2008,Dreds,Homberger,beressanya,GMars,L0K1G0D,zalczeler,Draiko,nordvel,Stalker_94,zybrrI,myxomopuwe,ElioneRogs,egor1234,V838,Hasder,llevv,wadag,time7,PilpaXX2,Flop17,wocalfader,mrShiz,StarCommander,Ragnar_,dada,Peridromophil,besuk,WAKAR,Fraij,leechdraw,Rond72,bobgubko,UTO4KA,Alexy3003,nevazhno,DarkChamp
1.00;0.44;14.22;2.88;88396.41;21.29;1468.99;16835.91;3787.70;0.96
------CLUSTER------
percent:13.92
size:222
bolshevikss2,Dargonit,Vispa,MyTareH,spikc1,spikc2,oldired,Xpommm,sirdevill,DoDir,danat30,Annita,uran771,Mik666,amina_96,yuliyaguchok,Goshmar,udov20,Killer_o_c,krytaja,BERBAD,tolstui13,vitya90,fak457,nikusha199,samuel12,Shamanyus,shvarc9,surican,arxat137,gidranoid,nikusha_199,d_oreh,Tkid97,igorlitvinovich,Weasea,Evgen74,klanned,paps1,Katull,Buzha,rogoro,Kharland,Leevesie,FireCoopa,Enzo,zainula28,cyberdriada,nastia1,slavyani1979,kailxy,ILYA2011,amazonka2010,yyytyyy,muvisergej,psjukhin,illua1,FatumInc,Ksfan,kashmarin,Spasanel101,rkjxrjddima,vereninandrejj,olhon,xSPINAKERx,mak01,Owermind,garriter,Ioann_Greegor,BEAR2801,vertolet86,anton298,gitara_2,BaRs333,APA4,APA41,LordHaart,salara,kakastiks4,gio4224,DzenLord,Nikk_Jesus,smartly,pulykin,LORDTEMA,Mirniy12rus,ell93,shmokhin,xULTIMATUMx,Barraquda,antonPAV,4ernobog,skif_m79,reardian,SSpecial,Mio_Nikolaj,Wilsand,qwerdv,roman723,Kaifatum,VALENTAYNE,JIY4IIIN,real02rus,Dmitrik1991,ALTTAIR,Naviigator,Husk,Demon_ru,mono_lit,Jammer,prizrak426,_Auris_,VETERINAR1725,Earon146,werewolf_star,Dema46,dpoh2000,dddrrr27,D149,Dragovi4,Gecnjnybr,DarkMissian,bars911gtx,hihihi1609,lborsuk,TriggerLogic,6o9PcKui,Nabusardar,vasja017,kriolizin,Vitlius,Alexpsih,ss7410,Negativeu,Hird,zagadok,Demolihen,Lightness,Domestikus,Kasssel,HAYTAY,BuBliK111,sergik111,skelis,xbator,2bione,shaosit,knazsergey,Edric,bbzan,Nuflin,lllWiNNeRlll,ctvtfgv,serg988,ApucTapx,KENW00D,SSSISSS,MaksimStrelkov,sherbakovevgeniy,maty555,sti4er,Dronishe,Lord_Vaider,bonus27,MeLinter,katw,Sarmatich,vbyjnfdh08,Ceberis,metoon,biggi76,IvanoFFedor,laqk,xurgada7,nikuc,21011997,Vitalik2008,fozicat,jhgfdsjxmnbjj,LLlyTZero,grimmo011,vetalrulit,Zolikus,prokvo,AvatarArij,Felix1999,EIber,Bodiknik,nicolaydr2009,vitwat,12022000,dondeon,DAMIRIX,nikitosio,lozy,Urul,MrLukas,12weed,Hidden11929,bosch99,andrewfreeman,Botar666,coldplazma,valzzan_735,Miranda1,Raskol,ozzzman,mio313,Lysko,Rigaros,pwmkgp,nathan_goth,slan11,locoloco,Ozulla,leon2009sp,lytik001,ugbhgv,fastick,wenkin,Tigran_TV,Helgaard_V
0.00;0.00;2.93;1.43;10049.77;0.32;79.32;1298.09;580.41;2.51
------CLUSTER------
percent:11.03
size:176
Warrioriss,Wafigo,maxson11,Arved,Julyaka78,tirexsi,dekster0241992,Anton9090,Lukast,Bint17,AntonFedchin,ruslanroslyakov,dimos88,II13II,nimfetka9608,Danji68,romaalex,Besinda,Asami,denisice4220,petrukhin2,Ossiris,nimfetka789,Mikroniks,muflon777,Rakot_zero,_lastochka_,EBGEHUKA,baz81,IvU6ka,Albert13,TERADON,nomaks,FirstShot,AlexVet,lpilipjob,Jeckky,markiz7,DDoN,kolzok,Atotarho,Grostovsky,XAXXAX,klinon,Anastap,xXxRAWENxXx,New_ImpeRaT,chaosin,Gines,Vedaz,demogog_92,moonligt07,Vlastemira,anatoly12,PVNsntze,Lapinka,AtriumD,abkbys,Realhell,Realhell_3,Freezty,aynagul,dima22081998,Svior,smokeevil1,andoris91,bezaa,Realhell_2,Next2702,blackscorp11,terribiledictu,Omega2008,mvilor,onion2006,krump4you,k666mm,broni4ka,DrStryker,Babocka,Aromes,APOHAP,kain_7,gziro2,kwonk1to,Incognito2501,soloc,eneiko,GroorG,Caravajo,BioHazarad,mesherator,Cypher2,Siferon,T_R_I_S_T_A_N,HuKaHeT,mel173,ladoks,sto100,bigmen08,adamantus16,serman_84,arrantscum,banana_911,kabol,lyga,ylias1,GuardTower,kramd,renzokuken,alexeyar,chencho,NightCatty,Dumbledor,moppo,stjul,WoX11,HelloMoon,PCra,gloomyx,bibizonik,Negativus,ziemens1986,CXSJS1,Winterfog,KopcapbI4,AKIRRA,_Alladdin_,Quler,Feilon,Kruglaya,zoal,Mihail_,Chipper,marateg,brew20,Brazer_dark,gfo1983,qvaker007,Glaverbel,Dadkness_Warrior,alien075zz,alfabeta,JekaVGG,CAHTA_1939,Noobios,_rTj_,Sakhet,yes_yes,Tyraelwow,Magbet,Georg_Darth,P0seyd0n,qazwsx123454,gfgfaqrr,rka1999,orkvital1,_teks_,VladGOD,tummax,_skyman_,DarkSPAM,Likvius,romavandal,Shockus,fhnjhbec,PatriarX666,actb,Valdar_nl,YaRA_MA,treal2006,spider1989,AtlonXP,Elise_X,sti1,petru4o095,Tpakmopucm
0.00;0.18;9.98;2.97;49774.30;4.92;751.93;8719.99;2906.37;1.36
------CLUSTER------
percent:5.14
size:82
Zamiron,Homer82,uNknownMark,Terrikon,DeanNiman,Ruker,OrionSL,kalvados,kolyaeremin,lordikus,MegaVoin,nettoo,Valkyrine,labdepo,A_nti_P,Velumate,Zulluss,alllexxx,padzero,strannnik,The_basis,Admanshik,Penchekrayk,AgainLedi,chiefarmen,overbax,Vika_LS,PRODANO,Mormulet,Gammi_S,13evgen13,666alex,mif_ugra,merlin2004,Wing24,Unstuck,Grey_Maus,Oldwarn,Kamysh_,KoP4iK,lelj05,nastay999,alexaner_p1,Segard,prisonner,allbegood,UrsulaAlex,Fenix123,TatarinM,_Sesshomaru_,sspss,KRIMINALIK,veerik,andrey_wolf,Sasha_jugos,Djozeff,simxo,David_Jones,Kurvenrolle,XaCaH,mikanto,RAKSHAZ,smelof,ZakopateL,niko199,Byryat,Colt943,Austa,uoron,henq,professor196420,Catk,Samtle,allizunov,DrPopandos,vp_idb_insp,superelektrik,klop_klop08,ibrova2007,Dakota,legasov,Baktr
1.00;3.00;59.23;3.00;1383942.16;2648.38;87845.42;115353.74;40281.51;15.98
------CLUSTER------
percent:3.32
size:53
Impale,SeViDmi,DenMin,damur1963,blessmoon,colden,MimicryStronghold9,nikolian78,Gaelemar,chslk,rton6,dfwolf,banderos91,Artem96,guraliserghei,salem100,nikanga,OLEG_KRUTOY2,munhenego,BEEE,Kalaschnikoff,mrakogri,dokvelosiped,Cerb1981,Tuppoleff,Gektorrus,lamko,Asylum2,LanselotXC,Loken_Garveli,use2366,Sabbit,rfkyf,makov,TANKER,airless,SW3ld,motozver1,AlIkON,Aleks90,D0ctor,UnknownHost,Noxses91,kurimu,DarkWolfsan,bizon550,iFuzzy,ravolk,fearlees,Kroos,Valendron,Servius,Thorn666
1.00;0.11;9.32;1.00;49712.85;0.67;212.13;6236.15;1505.55;3.13
------CLUSTER------
percent:2.26
size:36
AdmiralFu,AlexSmit,neAngel_Ok,Pryanik88,W1LDrain,tut8,rusimport,Andrei_C,belyidim,neocid,CFC,karabas80,Kaapustaa,monomaxx,NACH_TO,Zamazaka,bakkki,BoB4ick,Nicolas_DSPZ,Interferoner_,SpaRn,garantSK,Deepforwar,avgustin80,kamenkapo,VPNkey,smo42,KILLERBGN,UnbalanceD,Fill1908,LegionerAleX,952703,328651,Frizerdom,alval,flint77
0.00;2.00;95.75;3.00;663807.66;13276.71;82899.61;90971.64;27674.69;6.02
------CLUSTER------
percent:2.07
size:33
Sovest21,VIUST,Monkgrey,GGK,TIQR,Shveik,Sagov,den11_,ABond007,cz_Butch,VladimirVV,tyu7,Qw1zard,rusbar,mbu,Jargar,kik47,denvp1,emil_ka,DFCVoshik,Ability,iskdir,donquijote,Vad_Stalker,FekaN,Way_farer,OksanaB,kaktyz,perilous,GorAndre,han11,M_Andrey,alexey75
0.00;2.00;48.48;3.00;1256697.89;828.86;90434.45;55311.49;117532.30;8.52
------CLUSTER------
percent:1.76
size:28
GIVCHIK,Vad1k,Lordin,asper02,Grey_Reflection,_Genius_,xxxionxxx,syrus,OsAnna,Pozhiloy_zayac,warsphere,dozorets,redmaverick,yin2003,Dmitry_V_A,krasnovy,VIPTT,SMV33,olegkings,ponchik1980,Mike_Mikles,winston_one,sharalnik,Pinhead666,abervalg,DVMotor,demchenko2611,osteomalacia
1.00;2.00;81.21;3.00;1141335.01;6611.81;105736.82;90116.18;36801.50;12.60
------CLUSTER------
percent:1.44
size:23
krv55,Andr12ru,Phonomania,tygryk,Intelegent7771,Segoga,Legion_XXX,AEG,andrewzvn,Velisariy,Lotos,deBelvil,vzlom1488,sashko75,d_e_v_a,GENA1109,voa,mazarussia,Hiro_Nakamura,painter522,KlochoK,RWA,TDSilikat
0.00;2.00;71.35;3.00;1392312.80;3594.96;176138.71;88259.31;29928.08;13.94
------CLUSTER------
percent:1.07
size:17
CrazyBOD,Zemiel83,VICHIO,33qwert33,_KORSAR_,Devastrator,latyshevvitya,TITANIUM777,JurDen,PETMOLUNIMILK,Angel_of_Darkness,Fantomac75,ufnm1,Piorine,LLIkacp,antonio_rus,Pusk
0.00;3.00;65.53;3.00;1426766.45;3361.58;103750.53;104441.53;55199.77;16.44
------CLUSTER------
percent:0.69
size:11
kerb,curiousgirl,STEAG,MNEO,ellyx,IvanBulochkin,DiFeAl,bazilka,TARDOS82,sergeylv,MaximusS1975
1.00;2.00;43.91;3.00;1447376.47;296.19;47832.09;47885.18;172702.00;6.03
------CLUSTER------
percent:0.69
size:11
IELTS,RVADAK,Tasman05,DDV2005,StellOdessa,sapojonok,crimp23,Klimklon,Seropunia,tom15,Alexandrum
1.00;3.00;136.91;3.00;3014960.61;44039.22;163814.53;116614.18;48194.91;19.55
------CLUSTER------
percent:0.63
size:10
kzmk,Ironman2k,_Comandante_,Keenq,3_years_ago,jmodam,__Vlad__,Geralt_Ann,sergeyka16,Delhin
0.00;2.00;51.10;3.00;459196.68;1841.04;37497.70;138524.30;15301.60;10.08
------CLUSTER------
percent:0.56
size:9
karabas201,MSII,WatchOut,BYPRT,oLKA_A,CityScorp,123RNE321,AY_200,T0Pdog
1.00;0.00;10.56;1.11;60225.34;0.00;161.89;8441.33;1544.78;35.93
------CLUSTER------
percent:0.50
size:8
FanDiman,Shoom80,kalyan_off,profSouyz,HitmanRPG,Victor1020,Raddiance,Polusintetik
1.00;2.00;19.00;1.75;182156.75;14.32;1423.62;29694.37;6466.13;2.29
------CLUSTER------
percent:0.38
size:6
Demoniacal,dsds15320,denibad3,badzilla,KubKiller,Necroant
0.00;2.00;20.50;1.67;247835.82;4.88;2457.33;39607.33;5186.17;0.54
------CLUSTER------
percent:0.38
size:6
Warlord77,Solnce_ru,DonSezar,madmax25,stop95,birel
1.00;3.00;136.00;3.00;3705754.76;42021.53;105657.50;169554.17;29120.16;27.38
------CLUSTER------
percent:0.25
size:4
DXer,12134567890,SkyAngell,VragV
1.00;2.00;134.75;3.00;1399745.06;38878.68;119546.76;83429.75;24016.75;23.23
------CLUSTER------
percent:0.25
size:4
dgefff,kelevra_,gvorn,BarY
1.00;2.00;96.00;3.00;5503272.68;8131.31;241230.23;108851.25;25267.50;17.04
------CLUSTER------
percent:0.19
size:3
kazkad,KENTAVRUS,kanash
1.00;3.00;124.00;3.00;2860541.24;19739.10;281982.00;171694.67;43664.00;17.80
------CLUSTER------
percent:0.19
size:3
ASPIDZVN,Shadowman86,nikolaenkouman
1.00;3.00;181.33;3.00;15654441.15;271458.99;181333.01;152679.00;38848.00;25.08
------CLUSTER------
percent:0.13
size:2
Generalabusaid,Rauron
0.00;0.00;3.50;1.00;6468.00;0.00;0.00;853.50;137.50;27.89
------CLUSTER------
percent:0.13
size:2
IprideI,Odinokii_voin
1.00;2.00;28.00;3.00;794480.98;657.45;4085.50;42792.50;10900.00;32.46
------CLUSTER------
percent:0.13
size:2
Vagrant_bmv,okj
1.00;2.00;75.50;3.00;1662549.52;1630.78;344783.51;66570.00;76684.50;9.76
------CLUSTER------
percent:0.13
size:2
Shurikdnepr,dygar
0.00;2.00;57.50;3.00;1762732.08;442.69;90277.00;53856.00;268190.50;9.53
------CLUSTER------
percent:0.13
size:2
KosarevAlexander,11011
0.00;3.00;119.00;3.00;567962.45;19854.30;156147.00;162350.50;22018.00;19.15
------CLUSTER------
percent:0.13
size:2
Gen2108,SCVOCH
1.00;3.00;63.00;3.00;2485725.49;890.23;124343.00;89198.00;224231.01;8.31
------CLUSTER------
percent:0.13
size:2
senseySWIFT,Vadim19
1.00;3.00;81.50;3.00;2308467.99;4874.02;96960.50;161905.50;127044.01;23.70
------CLUSTER------
percent:0.06
size:1
justice15
1.00;3.00;163.00;3.00;29263161.00;99718.90;216554.01;83678.00;179294.00;24.15
------CLUSTER------
percent:0.06
size:1
wadi555
1.00;3.00;177.00;3.00;21937453.24;195419.99;201107.00;92555.00;72890.00;22.46
------CLUSTER------
percent:0.06
size:1
expresso
0.00;3.00;144.00;3.00;7803939.01;45946.90;192335.00;150752.00;154125.99;3.38
------CLUSTER------
percent:0.06
size:1
Maxx
0.00;2.00;132.00;3.00;1882831.01;27975.40;217142.01;104139.00;87449.00;4.15
------CLUSTER------
percent:0.06
size:1
HellLioN
0.00;2.00;178.00;3.00;1209083.05;206754.01;258330.01;142528.00;10848.00;8.77
------CLUSTER------
percent:0.06
size:1
xxpyct
1.00;3.00;125.00;3.00;1035625.95;22945.80;84123.00;71745.00;11985.00;9.23
------CLUSTER------
percent:0.06
size:1
Arudin
1.00;2.00;176.00;3.00;659475.99;183409.01;57238.00;145713.00;11683.00;10.46
------CLUSTER------
percent:0.06
size:1
Varan4ik
1.00;2.00;52.00;3.00;295485.00;1974.99;78238.00;102980.00;9390.00;48.31
------CLUSTER------
percent:0.06
size:1
Keda
0.00;3.00;35.00;3.00;233259.01;312.53;41959.00;88942.00;26082.00;42.15
------CLUSTER------
percent:0.06
size:1
Onnill
0.00;2.00;0.00;0.00;111835.00;145.28;0.00;0.00;0.00;0.00
------CLUSTER------
percent:0.06
size:1
Deirde
0.00;0.00;5.00;1.00;7246.00;0.00;0.00;1116.00;290.00;61.90
