04:21:19 26.12.2011
hierarhy - mst: 87.77
hierarhy - kmeans: 66.99
gate;colony_count;level;liga;rank;bo;archeology;building;science;ra
------CLUSTER------
percent:21.46
size:672
LLIYMA,MegaP1xel,agasfer81,ilovskijj,Aleksey_Tula,Look95,burewestnik_woly,NiPiUs,lek1,zxccvbnm,ssaper,murtazgiora,kidoska,sanakomedial,slash1232145121,pogaalex89,ssdd16111983,khromcovoleg,matejj,tety,VVG14,korneev19481,lomi22,Radiant555,qwerty761,igorbiglov,yuravagyan,alixx1,xxLegendaxx,ilidan18,cfifbkmby,vitalik940,parasinkl,Izigard,zhbr3d,Rahmet2011,ihifjbfsd,TanayL,minjali,giacynt,DagarSerg,chernyshvakse,Voxra,kas32312,Mondrogor,x6ATbKAx,parliament12,VaDiK05,freedum,StrategRU,lalama,baronovb,debacl,slayerink,3a60P0CH0CNMbIU,va_04,VERMINATOR,svg41,vintpoker,ololoTroll,hovhannisyan9,ilboy,Stalker1974,Domawoi,8877,Saint_snake,laikmen,bubuki,restovrator71rus,75926228734573,vasenka134,birmaflot,kursv,sergvolokovykh,nikitamih,nekromattessa,Profitrol4ik,dellsm,anastasie_02,Make1,sergei8606,RomanS85,grom71,lalaish,asirop1,qazxc7171,Steek15,oleg1975reks,Lakei,4yba4ok1984,maxigix,svyatoslav95,virus1986000,kogmaw,vorga17,maxk89es1,Yucca,oleg911701,VoYar007,La_gatte,atoxa29,ragim5678,umka157,WQWU,azog87,454554,Salvat1on,VOLK109,beesetru,russian_human,mama165,0301,frustik,al_xa,toshara,dima8922,mashenka87,maks80,wolk86,usandrey,Kodaa,Aleksandr1g,kindeman,NIKITOS_05,Asadar,ArTHosik,rokerroki,Sofka,Ustasus,vikzakar,arogo,owert,svetikqwerty,vitass2008,Deidara951,Pristnss,fullmetal1996,Dj_Mika,masser_noobs,xadzidxi,DemonRZN,BlackMutagen,Predon75,ocelotrevolver,kokolo,Kolbanov,hellawes,spiker731,Malgor,1061,dargan,partas,PrVV,sdtstarik_127,KLERI,Minor851,Generaciya,trekver,akvafor3,nikolaxer,tjsrtymartjatja,leo3973,Kiss2012,bak1000,Covuhka_les,JottGRay,w1whip,asep120,Azim2000,zuravljonok,Sahkh,Gogi0506,vadimmmmm,danilafonin,azovzap,kuzv3et,1978aleksandr23,aleksnaym,RepVlad5,xion4444,ARSEN7777,LEXX1313,dr_Symon,shura95,denbuz,ruMag,egormalyshev,Vikindor,vergildevil,asaytti,beetlyou,fericus,xxxwqxxxx,ilyalord,Sotfex,gorbushinaanastasija,anask98,kola696,nnn888,dreninanatalia,dvv,riko123321killer,mylciber,zxazxa,BEFEJER,WishM,napay,andrey139,lloidd,OVAK77,Batezda,grfg649,Deniks13,9998,Cabincrue,stim1974,litoy6,_JloJlKa,Nexus2010,garik0931,alexchelkunov,djxonec,22katrin,aramira,alexzel007,HellGuard,f31762,woox73,DARCVEIDER,Ardamant,mixis1234,delta1998,ALEKS626,bnvhf,svjasitn,Meglablandat,gaytoboy86,savele00,Yaroslav85,maksimbrindik,Dewourer,ARIO798,OJLEHb,arturmak,vladimir000000,EvaMih11,kostic58,Scheikan,rouch81,sashokas,Shipilkin,sqshq,rodjersuck,inhateb,keynbrige,AsKein,sahai,oleg456777,M_a_x_82,jevo999,Torbator,TOLMACH1,DYNA_DANmg,Maxxx_1,Nazacheres,lyc35,rodionovga,aleksej243,Sphirate,ma453278028,andrejs159,sanek43,loma4ka,celio,vepr95,Maxxnt,kondor71,alloiz,lelick1978,yaryar,darga,AliceVoldemort,vizibonk,dodson17,ilscorp,beti08,titobi,Stalintank,zone89,bezrukii,h2310,agudzera69,grib29len,veryn,mihailv2008,Old_Tramp,vit431,wogar,waq,Aleks0n,poleanta,abesrza,iggi0000,cer33kol,GloryLord,nailminimulin,1111oleg,jila241,alexao,sherol,kunevivan,Vitali88,vyvik,stepanuha,obraztsov8,DESONE,besson8,kent323520,observant,55942,Fenixens,borislav_rudenko,LehaR,Trushx,Hirssaf,Scrayt,oleetam,andik85,mikurichic,cyclons,skoda66675,Velcro,XuxukJ1uk,ludavitu,daba16,deadspiritus,timefor,FarOutMan,paromshik191,Namrok,Poiet,TeleMundel,GIDROFAN,34rus34,Hohonos,gzigunok,NersesMAH,gamepwoandrey,urod8965,selezneva1212,rplenv,Uln,kotandr0d,galjhglhgvihglh,vas9I2233,lehazxc,DaVinchiKiller,Nicsonik,kkootterf,NightTroll,zomber666,zaur012009,EnVoker,gronos2,emptyplot54,johnjad,Azgots,sandin83,Kirov_999,Twiking,NeorgT,Valkyri,arsem2011,Zullabar,Plotnik1,resin2010,ZORROf,ynyn,VANEK1708,nikolasha225,lidiy6,JanePiere,Next969,wq21,kleh555,kvinsikiller,Lakearo,lat555,FANATER,xcvhnj,viking20,xioka,TIPtopikus,Irgvan,lorddasiy3,auzzie,Evsei2,wuer666,xramovnik12,hfylhtq,Albertch2009,blume,eldiablo7,makc1000,ko7stya669777,vvvoo7,grisha737,Nemez787,alekskup,Makrusys,garmetroa,cergej,hrommm,stah7,Spacesqueezer,zhitkikh,sss12332,tritisi,Nev33,villiyms,jurgen72,snigor1,Ser_Leo,Addmoney,savk,Os06eHNbIu,LordEskal,Alex_sanyok,igormarchen,skek22,al_iv,Nepsha,mksnik26,trewqd1,vanovl,nekronomekon,jhhjhdjc,kas1117,kirill525,8qw8,fasderer123,astraLaft,TWIDI,alexandriaclubs,AWarel,BioMass,Lapo4ka1102,K0RDEN,tan2502,nowhere,hamannSP,praporrrr1,Soban777,alfkeram1411,gre4ka,stoler84,lancetnik2007,DarthVanger1,power_bizon,strahapud_219,tombler,bmv63,misumi247,ibzharova,Ketilar,dimamisa1999,surok77,allegoriya,selegas4,sleepy1985,Killerfrag,daffix,vlcharkin,Harbinochka,WWWLEXAWWW,demroos,pltrykhin,KOLYANIS,diejackinson,karpova13,erffffffe,oplot1230,pinkbeatle,JamaicanBADMAN,vlasdim,davinhce,badroman,enya999999,scientist201021,pgm100698,Fizco,Demagio,si3,WCR,arti9999999,kanan23,ilyazevs,NeoEning,larisska,DeMoNuS777,Allastar,vitas1234,Livenskiy57,gollardo,Acel,fhj,ffirefoxer,sereioga,nitrehollik,_Tanatos_,jaris2,deen23,GalyautdinovII,Heruur,kerigan1,Anty1988,neki,ditalset,neraid,mostovaya2007,Kybershot,Psiker,MuromPasha,Morder7,spurq74,Libirall,G0Gibr,vjalii,Begemot20,eddigrand,Ens013,NezdeshniyR,konekmaks,kroma003,Dragon_Atreydis,Lokn,Zlobotron,shatl124,deda1,pasha19631,Razzrushitel,satanislovas,Kondor70,IvavI,GarriusRippe,rif5510,Coetus,demman25,krest13,asprim,primer001,aspirin9189,SergeyRS1986,slavlat,CreedKo,II8P,Garmet,orlovrulet,Clever_man,_SELECKTRA_,LIGRIS,Nutser,foton1132,SaRmAtV,10111102,Probe_1980,CRAZZeeR,serjiko01,Brawlerlol,FLOPPIK,77FoRcE77,SUA,SM96,valentinbel1310,kat_rina,alexgreyt,Lex200177,makstaylor,_Asss_,nongratta,ryss747,Crash42,qfr,petrosss,uglerodplast2,alexart28,55555d55555,itrubaev,Yliv,nikola65bak,hrgamer,MattJensen,zavhoz777,Radamat,Kreyt,Pendulum2009,Lotofajazz,floppy144,SvetaSpirit,kyznec555,mdanis2000,shstackujjj,Golod213,yanw,lehaostankino,drhnefyhnefyhndfgh,Natanata,kasyama,Mishavu,lispustini,PoRteG,Oniks1,igorzenkov1971,Bronski,_xsander_,alexeygontharov2,nazgul1076,dimetrakis,Bazilo,Monstryk1993,Psichoz,3vvv55,justerhofman,Morein13,kuzma89,Buldya,Warrior79,DarkRegent,VestnikSmerti111,Inv1se,VITOLIC,nova555n00,Caesar_1203,SphereKiller,VIVTHEBEST,arpeja,jonn9,Steel06,oAntico,alekseynike,Engelc,Tudish_pyp,Lasna,Koevgan,Tondi,ssss44,TaptyZka,Elbrus_,555denis,Dasha_,Lapetite,LyubereckiyKeNT,FlinksBratsk,Tillman,zrifin,Formless_l,SPB_RAD,Izverg666,Artix_,cryptovik,cawa2000x,GeKar74628,kvr65,KulkovMax,Igougowego,SOBOL30,chencho,Konderbery,kazan80,Fallstern,avanakeks,Mustam
0.00;0.00;2.28;2.00;12076.26;0.93;62.84;1046.10;243.89;4.15
------CLUSTER------
percent:21.08
size:660
koretkie,ocimico,iris_07,DEMON174,SmokedGun,AlexDark777,Darkelina,alse,holden80,dfynec11,KiLlArMy_Juni,LENIA_SAWER,mexaniks,Jokester008,ip5809,MorickGP,nectow,madatovrobert,SAP_4,FINAM,mirror1983,Nulesmurt,FalenAngels,plotnikov01097,5646,WIWADA,KELLA13,llooord,JIuSeHoK,Den132132132,WWYR,magnitski,draconicara,doping87mt,bbb2222245864,ipkharitonov,natalijas,DiPlanet,TosterTesla,Lafaed,Wolf_Pack,KroLov,camiz,SANIA926,jonnymnemonik,aresera,stand197,emy1998,5443,Lullaby20,palchikov,vovus98,Ashik2010,CRISTALIUS,aleksandarger,Raleks,lnatab,dryg210,viggi,korovkin192,stepancuken,Hurricane77,arhontdark,geier1976,kidenish,Malym,president4,tnnt,kikeli,skriabnev,Annihilus,Zeus_02,dahya139,ripli88,oi44,Khisamed,Amanrool,Waleri1984,vvv11145edfvxbf,romazan1111,znm,cicron,samanok_,566n200,Tilion,dant555e,Lora125,EvilMarx,alonecorsar,mag136,Punk16567,Stiven_SDM,romzes85,1638921993,Lexx_Grr,Keymhvati,nekroman0,lereck,vovanxi,art3s,zevs090994,xamsis,gektor10,nekrpk,AshearaDeath,stalker_thg,ragnarych,said66666,Balanar33,Pegas2012,g4x9,varchaksergejj,TERES13,plah711,Cybervampire,quguarx,Dantezet,Manunas,valera1999,Volimot,sansey2011,agasferion,Levaxxx,lTaHKuCTl,loparik,garbagerat,torpedada,Delinor,Ikikile,Ben2011,Luc9,Isaren,zvx_gubarev,HacT9,addakss,misteriyamgiu2006,PhRatio,ielm,DH16,Sofrik,007Andrey,JarV,YuraHaliman,mvecktor,hlushko,xURUSx,111222333444f,taren1990,kopitlev,MMimzi18,lex0013,panica322,MARYSI1307,Trender,kuc_kuc,HAKS777,SnSmNtNs,Gabel08,anri100178,Frosya85,Caleb45,knopka19740,Anna_Levis,Stain13,azz_esm,Matxi,cosmosnik,Doberman_,vano19948,Mishova,MegaKKOT,VNMS,kitt83,anaksemandr,suluzs,12049512,Ustim_nemoy,ddorich,piop4ik,Hellene,Dovator,ares17,Vasilij212,ThySerpenT,robin7410,feliksem_737,smit256,CC24,Pirat22,Egster,BIV1000,zverrek,imax007,agrisvv,Namikadze,greg6,vovamursa,Andrew20000627,andrblack,landrew79,deadspank,torpedo_333,farzad,DEAMOND09,master564,Sealed,Chudoshokolad,nailnnnn,anutozka,lesha101,hishnik73,sashayelizarov2001,wasd19898,Alex697,DarkSany,vlad65,ICraftI,Ryslan3,MPAKyC,AlexZahor,gidroooooooo,Lourence,flyfuntis,Life_fo_dunk,danilakl,tema8585,gogulan_1122,beljaekirill,NeChelovek,Avita,Elver_lm,ceme2002ynk,alexie9642,galkr,kilim,BRUNG,kaktus7,sajgak,OldMaverick,golim,komagyrova,stalker2030,ERRORER,StefanDok,TALYAN1971_1971,fedir1234,teasapiens,Smoke_De944,vladimir79,Toha_killer,SINIY123,vovan4ik111,nik789123,Abaddon423,Andrej1984,mogil6ik,ClausMasnon,Streyj,qewre,21047,LugaFox248,sta1999,lolmode,Flutt,jandimirva,Kti,1200ekaterina,teptyuc55,Aberonich,Dmeatriy,Svarog1704,Avaddon423,vitalport,Demonic28,alekseyl77,mocus,sirius1,sviatoslavn,andrei110673,PYCIK,sanya19745,veseluy,11239,Selvato13,HaND79,Irbis2000,allalyzlova,kasiak174,Nofare,Asmodey996633,armonas,armit88,yaha4,doctorlondon,Dimko80,dostali10raz,ruejdh,kepov74,Deman28,Kiska88,CALAVA,ALKOrider,Kecod,C_Daimond_C,stev198,skoroxod,flatout9,Diyablo,MrNemo99,rusbadger,Bobrof,DarkyJulli,MrNemo00,Dotdjin,Lesogrjz,VladimirB,ASDFG9,kybikx,pradd45,Frankonia,tasha1912,sotic281082,EL23,jokerod,MirrahEgo,bleid555,GoGi30,mayor007z,Lmag1,olympius,bofu_370,MayBacH_DiXi,w00jin,BigDima,XpancX,Nazz,XGDeaTH,IMPERATOR90,PRoGulshiK,BartucBloody,kos73,Frosya83,DadHunter_Sergei,babuin2000,sgmaloy,fatalistd,Romir_Shepart,Khitrets,Sousegi,Rigogo,Rom22,Darkantes,Helcenaro,supervizer77,Cistern,buhs100,Dunai_1991,fifag,russsik86,maksunder,igfx,vip888,grib841,tor2,sergeycherkynovSPB,hrassterr123,uhbif3,Evaz_Mort,mashevskiiwow,zevs33,MatveiCeyzer,zaxswert,oslannik,Toporik77,ssnakes,DGromov,miwenko,Yurik987,dexxnsk,TofB,kokopasa,teopemt,veles260677,dorf32,colakvova,ree4,goga164,delfins,beliketi,Padlo_FakovF,Minerva1658,arseniy_2000,superpotap,pilot0325,razmo77,konstantin1233,akimov20082,andreff24,Siel444,virus25,Ailaina,amkar1999,_Cherry_I_I_,sheverovilja,XPYCTAJIIK,inm1981,mal4iwka,FETFRUMOSS,twomeat,obernaut,ololopaip,actionpay_234,jlia1975,Obtis,Elaygi,gipogutor,Nekit321,Hanna33,220wase220,dmitrov17,eynhvYj,prundatripka,Mutantino,konanIvan,234444,tulyakovvalentin,diozz,geroi5,beliy783,BAKLASH,Aivar777,ramedlov7,d193xs,bom74ba,howard568,danjamakoveck,sahnovasil,dellex,DIRED,slacer,fox951,Nertug,Anton16,wwwkalmykov,wolk7717,rulik78,love2kill,dive666,zhukic,GutoraViktor,hukamaruxxx,viktor50,bizinanton,2011yura,lukowe,tulabaevidel,wylv,xous,dead0,Delapuente,GENBIRD,Avlur,Silmeldis,Nordon1,kapeton,N200,WolfLAA,Dyadya111,Arviz,Crazy_Shark,pizdec_vcem,KeNTbmw525,nusik005,topkov,zeta678,140778,mihailmihailm,olga19821911,terra661,wataq,miksasin1,M102030,shushuninrom,maksim112,ANDREYAAAAA,selskiy,wolfra,julianna87,Stas7816,fghvbcx1,71aj,fear50,kurteevairina,grizli_bear,Boblim,mursal,voronok26,Evolution1g,Garrysonic,NochnoyZmey,korneev2009,hfhfgggg,MARFELIOS,kiril150,stl_i95,GREBNIK,olegix,arina19972,HhhouhUoGUougyg,_Dark_Diamond_,J0hnS,koks174,danya25052000,left4dead123,makc300,1100121,gdghsdkjh,trucker64,lvispanec,divanov142215,1rone,ginik,menlfik,devart,manomavr,IVAN117C,Voldemar130183,Robert212,ROBINMEN,Kislovislo,romucho,ctalinoi,AlexKozur,fractalar,Keyrana,Tavrog,marchelo0302,prangel,arturkhan2009,ivanac007,raider000,vladikosa1234,serega186186,Shoodae,Firera,Nattfodd,240303,stalcmit,chronorizer2,megavlad,SShtorm,japonic,MuLeR111ss,ooomap,Cerleg,aLLaZaR,garis83,4y8aK,flamen3,dimako09,CUNA1,sv2010,Old_ded,sopitkoljan25,BlacKeeper,BorisychI,RoziR,pim2000,edgor59,wishana,maks775577,nemoud,VFRC3,ural3213,zahar051,simulation,alexey31101976,besGZN,Gvay,Milford,1112307,GretR,SWADGEN,Gaetano,somebody1989,klepikoflex,bersonaa,owan19,dukcu,Vostavshiy,mishalin,dada_75,ZPAxelZP,invander,kazakvartem,davidov79,ipo,Werlock,12ser21,BOS333,jmaxok,sermskin,DIDADO,cubecDeaD,Pol37,LaRide,Rirun,tashkent1,Brat_Den,DeniDog,brodjaga68,ramzesprof,coll1ns,Karaken,Aleks_TERI,shexpir315,Ivan_KZ,munchikdenis,kalinin197,gamer_2421,5drtr,big_cmyk,rumyno_av,Timafaq,7952,eieefiegb,drakosha777,deligorexa,MeLLlokk,Muxenb,kiril333,NekDeNaS,Kornik,terminator212,Rasmus25,nonix9,aleksandrIII,baggorr,doping23mt,oleg098890,Ridael,den2002,Norfolk1991,Dark_Avatar,IronPhoenix,nahika2011,headik,IgorekBIG,kanash,klonsurge,Andronenkov,xDISAx,Aneril,Fight777,Alyra,Elloco,gallerovasaratov,jenia99_23,ZeroHour,PauelMitchel
0.00;0.00;1.85;1.00;8799.01;0.02;25.24;613.21;162.83;4.69
------CLUSTER------
percent:10.70
size:335
ARTURASSERGEY,sa08,seroga1977,KAHT75,Andronis,Levingad,Igor252,FERZ5,margulis,bekser,TPAXTEPPOP,Yerk747,WOLF_39,vahe_grigoryan,terani,mixa2,ajvbxwifi,pohmelniy,ppavk3,181818,igorkow,kotopesss,linoquasarhqs,PHLURO,sherbak,_wor_,gramm100,Mim2,grafpk,Nyashami_kun,loveyou1,reshetovvova,yguar2012,apollo89,velkilmer,Gera_Alyona,luzzer,AcuHa,__T__,Varnak,FilkoSS,vvvs,Rastaman1989,Ratimir,sear105,sanya_8891,Budgold,xmana,dieselman,skvaer40521,MotoBrother,XXXwalterXXX,08cap,_lolik_,antonni,Maggius,longer777,kotlyk,Kinomeh,_deymos_,icog,guligo,simvin10,Gvardi,inok_76,Menethil,Logun,DjNiko,_Perunika_,HASTAROT,Antorel,Gess999,ko081271,gelenamd,amanskin,AlanSaver,voranerpalermo,Tromsee,lien2su,StrangerIV,cezzar,lena_13,mumbaumba,Tolstik10,SiMPLeRiDDLe,Totoha_Judas,phx_lizardman,vladychenko,Mrak_v_Mrake,GenioBuono,Albert2009,alexander_r81,breysov,chimgan,Ilya_sts,TiyForever,kombo_killer,Aldrin,voliny,Toprun,xlxl,vico,artik426,acka1,c0ty,opanashhenko,WarDragon,indigol,MacJ,Xarald,Malekith,zerro13,DAVK,sinuv,UndeadShaman,nobiusor,RomaG,asmynd,skill5,Artix9,GazMjas,ploxish00,killarunansk,eksten,Makusimu,MongleR,9udjat9,xyforce,amel2,LuckySt,KILLJOY_Sarapul,Karnaul,sovage,booterbrat,_calipso_,lmamont,archangel2010,DevilStar,Svetmiru,shoolc,BadLos,Garfild21,Garfild10,Dizmaster,Strahaster,medvedgri,Startmaster,frankds,DAlexendr,seredovich,nikson76,Den_21,polikur,crover,yahozyain,zenonIk,svarog__1,artyr169,Gudzonc,jac109,newblood_chist,2152,Filya21,HETimy,seregarus2010,Orbion,zuzzz,krutov11,LANGET,Malibor,velik1982,_NeoSpirit_,Bakairo,Avtoric,DrNo_,kapa60,Schantz,apollo1312,raberey,Executor80,SUBIK7,oc3,Straszidlo,artem1966,sorgen,blacklance,VeNoM_M,neon777,zegelmannn,VOol,TKE,KrokDT,lebeden,pheo,splash22,zaraza_xl,Simly_Mike,Mazaster,tongaden,Turkababa,Andr2008,smoukis,nik123st,Red_brick,AlexKultaevski,Volkana,KissK,KRUIZ,KRASSAVKA,Kaneval,Jimmy_neutron,dimonihe,KaimanKK,Secor27,Sendex,charm211,VolkZaya,kchrssh,Rise3,USA7,sawkov,Agrika,stewardtz,Nord001,rezvaya,Riddiikk,Sknich,ERZXOR,ZALET666,Squall777,sveta8,alex_azus,BOT555,terehusha,ThisBadGuy,KidsKiller,feiner,vadimstepano,rarapuH,CRPARTS,dimakudrashov,POJARNIK,rundist,Staryu,Kozlova_A_V,tirapevt,bobacko,Citrin,1845sergey160,woran4ik,bodelanius,KonstantinV,PlanetaTyler,zhenyagaak,minipots,JustADark,Raskaryuar,Ramzes_lV,Muninn,graf1korde,Uxman,StarDock,full_zero,Makentosh_Ai_1,Andriadel,Nimwe,trup_ik,zdb,Doktor_Stomatolog,kolakao1,IZuaL,miha2004,UmnicaIvseTut,gaetneow,xorek1230707,papzoblo,yugyag,clipartts,435237320,vask1991,shrekunia_,LITEISHIK,Njs777,KojakJet,nata_7d,malakal,larshink,Amorphius,CHESAK,ramildan,hdhd12,quest007,Babadgan,aleks_13,BABUSY,Kromkii,plotik,qazwsx3356,notanson,Progressiveage,shaeh,chegur,SosoRivkind,werty19,deftones,Tpo9lH,Grekoff,ominakos,serk66,setanaka,lavr999,Baymer23,LazyBigCat,dvv2,lukich77,marskorp,_WEN_,Biseza,sevastopol54321,Serega960,Illbesen,hjvfxbuhby,1lora1,liziya,Sorocin,straxov,bojarkin,kordin,arhar2ius,DmAn,Babik7,Gnomicus,DivV,nemesis_,Ildarik
1.00;2.00;25.16;3.00;731646.69;134.46;11502.91;53208.70;11554.93;2.38
------CLUSTER------
percent:6.23
size:195
lteresh,gorge13,avb96,po4emu,Ersai,meron7,v4386,Lord_Claus,JekaVGG,alex222228,vik603,SelenaSilver,Anatolij2901,Darwan,sgl742002,kislolove,Bo_EST_,ZaSSSRanetS,lime_joe,anton_desyatko,_Valmon_,SoulDestroyer,Immortis,Kryant,braconyer,piroJOKE,Marvel23,Aquaman13,Orlikxxx,dvwolf,molak,genai2,Djamakc,PatrickPsiH,13Thirteen,nighame,dfczgtnhjd,_BoT_,cang,ser11150,AntonFedchin,mlrplay,TiGeRlEnD,g5y5y,Telesto,nik09,Dominator34,E8il,aleksiy365,rudenkoal1,xxxJoker_UAxxx,frokl,Velt5555,po4emu2008,varoninaleksndr,ttiiimaa,SerSL,Flop66,Galushka1,Professional163,Koloda,savke,Andiel,Gines,rewa197812,kam567,master88,Dante13,rick0012,elmacs,galadriel2009,StasTr,iyr,JuIce_J,darvin200,yWALLen,demformng,babylonn,EvilDragon,Urara,frostmir,poludneva2008,1032501,fronj1,Ribbentrop,Pirat264,komato3,hophop,marsha25,smokeevil1,DARKDPUNK,INCOMM,aed1998,Enzo,paroda,hatredmoon,YuriyCh,lookson,paladinXX,ANTYK111,DRAGNIER,langoliers,Tayner,fatik1,mims9595,juranikolaenko,Kigara,VICTOR_int,kain_7,DiLaMia,iztok753,Anttihrist,flurian,arhiepiscop,First_Mohican,Hidden_njs,diis,wolf3dx,TERADON,ant159,dedsky,Y030781,Saratsin,ftorodent,leonard_max,boda900,Rakot_zero,2112HLOPEC,leonidaz17,newas,town133,sasha11967,le_chevalier,sschanson,Popper,Wesen,Doctorishkaa,073_1,AAnabioZZ,kukuruzino,nozer04,banana_911,beslt,chip_,Bumerangus,MrBurger,apriot,CBT,oooDeNooo,artillerist209,lanceslik,Oleero,bliznecy,DDTAria,djnail1979,xGoLuMx,xxAxseLxx,NITROGENIUM,Fionella,ApolloDantist,Ochenstrannaia,Tassot,Genshiro,Espert,shiko,gur1alex,RAKTUZ,Valter9mm,ZlayaZaya,Demon66666,PrivedenicE,TivaObolonskij,Fudzin,leex2,EBGEHUKA,Uzass,etermal,BYBENN,Rasyl,Winsant,jimtim2007,Alex15777,DrElec,alex_13,ksk1000,nick_80,vlad1vostok,Ilya4927,steelrollhog,KopcapbI4,j3l15,TIGER53501,vred1na,kosmos1993,Satanadm
0.00;0.00;6.67;3.00;73047.54;1.52;207.44;3897.99;1724.11;4.21
------CLUSTER------
percent:5.78
size:181
rtrrtr,Axellus,roman_av1111,Kiooko,angel07,domok,ugolek74,TempuShot,stepanap,vergeod,leroy10,plyamo4ka,varvar_13,AlexNord,Lilcrips,salwlen,KinbVoin,dkonovalov,ZICYOU,Udm,Frana,Mesar,Kertan,GNV,mongo21,Casy13,Alekswitcher,trololo,gusein91,Fors2009,mashina2,sasha100985,Kostner01,Yar__,archercrutch,feq,AniFeelaen,Volandret1,LERONA,sergo43,ludmilia,artem1919_949,freefast,Ksat,Vic5,CoCO3d,Mordor_Kill,GosStandart,Voperon,Deafer,Akzi,aleorlm,Viconte,Afanasiev_D_N,recording,Chebun,SuperCommunist,zarhralan,BurnFN,PuCHAN,IGEY,spdjspdj,Lihwar,kvakun,7999826,Spase_Jam,Igrius,vtgramec,cupermen,adviser111,liarchik,Wolf0790,arhibmw,Savantis,deckerss,z_brabus,dzidajus_309,ca3ko,Hanataru,artyr23,sfeda,MAD_MAX_2004,WizarD444,lesshiy,German_Ford,kirber,DankoVS,SWINY,Olivia25,polinicased,KirilliriK,Red_Wizard,MonsterHunterG,MaxMxMz,gbpleq,felixor,ryasko1,vaflea,lenulyam,bucharest25,mr_Fu,magelo,ssirass,shapilov5,korsar750,bos11119,miron68ma,Vovan86,kondor56,romashulc,impersonal,BlackDantist,vlad183,upz15,gaganon,bmw33zampoteh,ShALNoY,voltikk,mnbugnu,Flain,Appolon113,Vitjaj2,wertybsd,Nerevin,shadskijd,Skaay,Ollatair,Raikos,Deserted,valentinka1,megamag1986,Bukiki,chench,Zergcool,KROKOZYABL,MegaDolphin,AlexSemRus,Vartlok,19952014,X_Dimedrol_X,Naokato,kaifarachnid,kamato3la,homutogib,Arkobaleno_Reborn,ScorpiaBikeGirl,agentxxxx,pop4enko,peepee,asdfghj,6anzay,EdenMGN,Warlock1978,Naylusx,hitman4,GMailPlayer,Fatnev,Dagomet,serega2s,lisxsis_537,dimanila,UrfinJuzz83,amgona,criticall_mass,alex1509d,goga67,ZWS21,max197560,555Belchik555,Drastic,Ariman32,Iowe,avoldoiseau,FURi9l,lyblytaganky,malefikus,de_dust,SmartVentro,benzobag,nadia3777,Negativee
1.00;0.00;10.48;2.00;102827.13;1.73;294.56;7842.38;1816.69;2.59
------CLUSTER------
percent:5.56
size:174
Ololololo,caramel_,galroy,1Chipolino1,bujhm2,getman556,MrKill,zaqwerw,SmartT,Nanoman7777,odomsa,phage,krokusar,aminra,WolffTanya,damdil,poccu,Vidocq,TJbla2e,1245,trialist3,erik82,chars05,Udjinrr,zlak666,webpirat,Foreis90,enerpac,igr071,Marauderrr,desantura77,NINJA82,SaorDual,Lotos,Apokk,jhgfjg0,potorl,EvgeniyMoscow,SidorovII,otebali,GUDARIAN,deema65,kot69,061182,Katred,TPAMADOL,Rad0n,Refak_ru,Intelegent7771,lubanja,Falker02,tarhgitaj,Kalxoz,VF25,MoiseiSa,Den1ss,efialtis10,Aramm,Marisha_ru,Bloomen,essehtyki12,Romashka_13,AntonGudchi,epitron77,MOROWINDD,Barsik_ua,kostet_008,Raksifon,Martin001,AsD3158,nick_is2,Tigerman10,rowenzori,MaGiKaN1N,maugli82,Platonchik,valya13,Hy_npuBeT,hash666,nudotik,Skyle,lookish,Sh_sergo_2004,AmiTar,robingyd2,star_ovivan,BJIACTEJIUH,Gibson_ExP,immelstorm_wolf,Jerry_Rezet,lizardlp,malenka,PitLord,Impuls100,3ef,muzak,Shnapsss,plazzma,Miragerr,lokkidevil,Oleg_72,chercas11,sotnik1,ambrase2,koresare,bobri_k,saint_snake_13,Darlito,SpiderClaw,ajdlahd,BigoBoss,Sizzling,kupidon09,italian1,HybridSandr,toolbar,QSeLaR,WindRustle,korrolewa,kid1000,boss88887,Rafaellka,gjghhjh,ironfire,alexu195,Ordung,Cook93,STCORP,ViktorTamm,zzzeerroo,basf17,Neyasy,HellraiserCW,Mickle777,Made_in_Dnepr,fv1607,gelixfuk,medyza12,Mins,Sellay,ANDALUS1,morodemon,Maksimus2012,hlopik,Yuk,registration,BadALL,flakonof,K_U_G_U_A_R,GAGAJ,centurion99,Levin91,KaJ7bRH,Mist21,Varg86,Troute,wolfSvetlana,yashing,LegionerAleX,salabim,Nikersen,shooler99,Aikon333,Proteriys,dalama,Syrt,Sigyrd,Tulio,AlexSot,Feator,Mistario,Forgos,CMPunk,Undertuker
0.00;2.00;26.37;3.00;830834.50;186.42;13909.02;54264.63;14549.91;3.49
------CLUSTER------
percent:4.76
size:149
MimickryStronghold16,MimickryStronghold5,MimickryStronghold12,MimickryStronghold9,MimickryStronghold7,MimickryStronghold3,DirectMaster,sdfgsdfg,mexikoz,pdiima,litvin01,Dungus,daniilkudrjavcev8,yfhnjd,Dazan,_Mapuo_,ImDVD,Iksai,zloilord80,Hammer_LAV,Geolopoid,Forgotten_knight,Angry,Rus132,MAXMOZILLA,parkasha,19art59,Mortifor,Palak,nordstar,maks19992,MimickryStronghold17,MimickryStronghold21,MimickryStronghold18,MimickryStronghold19,MimickryStronghold20,Grendin,vansergen17,atlanticmonster,GregorVagrum,gubkodv,Coo1,Deathbrothers,ROMA1972,mistik2702,NUBAS133,Steve87,creepchik,Bypuk,Raven912,Satanast,lilia5,Lemalada,Lemalad,druid_2382,real_game,linkod,vovik211179,666evil666,omran,RaVeNakaLEON,megajob,Learon,arusjka1,ProgmatiK,New_Guy,Gosufootman,gtime,psark,ANAZARY2010,la117,gbrfkbyxbr,0000se,virtual001,droii,grib4ik,AlMaXDjs,Lertion,Stadoejikov,morlock1978,ykpa,vmmm,Black_Neon,vova_1000,19nik70,qwertl666,DarkPsion,MVV67,pudhead1,JET_LEE,kosmosmtr,kuzuk,arinagf,ALEX85103,Jim_Reinor,Nefelim,EMINESH,undenied,zordek,Mizzeri,agapvn1,bydz,Axel256,ErofeaN,IndeedX,bos2012,jujuna,masterritm,max191279,scorp555,weteroc,Grafnik,Feta,igrig777,ViktoryKey,NeroDevil,adoubrovine,Fhtagn,uroch,romanenkomisha,Starvim,Aginor13,Zeleboba1232,black4567,ribeiro,olgagerlitz,nanospore,ahoj23,13SerB13,lastspirit,mazahakaDi,desepticon,MrRichy,Mrakoborez,Rjcnzysxx,MimickryFoothold2,MimickryStronghold1,MimickryStronghold22,MimickryStronghold14,MimickryStronghold13,MimickryStronghold15,ingema,Dombai,vanya_21,moxitoborw,marblsya,goshasas1,Traditor,Turbinator
1.00;0.00;8.19;1.00;273397.97;0.69;154.66;6642.26;1319.66;3.87
------CLUSTER------
percent:4.63
size:145
dada,morozz797,klieks,Negativi_s,Ry4er,Romancool,fallhall,InsiDeus,gas700,ohotnik36,sniperAlex,Alexandrrus,absolut1979,saga1000,syhor,mdbn,Classik2008,saygo,RazgildyaI,tinkoff86,HEXEL,Pard2005,kill87,alex1lom,LeprekonR60,Ge0r9y,Tiretore,deployer,Kipoc,Eranty,HOPqpOJIK,scaut29,darkniki,Rainboww,Riplona,lelikvn,igarec,Qweed,daimaer,_VAB_,fedotik0,oTeftelo,sahsakr1,Jerar,Coyote2008,dart52,Stegar,vovij88,Necroland,westsac,iomen81,tadjor_541,sana13,83tim,chekan,Sersch,DarkSoul89,inkvizitorsha,Saviliy,vitaminas,Likagan,LPU,SSer123,foxes94,SusaninMisha,Kristaker,RelaxGold,Niki2001,6aton,Infium,Brrravery,hachuigrat,bmixw,valek2,DarkMessiah89,skorpi0311,MITPOXA,Hombert,Lazy_wolf,SblR,astrata,Stas233,er20702,kiy5730808,valeron66,Vladimir10,vorg1d,lcr,ASSO1997,virus__uz,vadimdinsk,vuk1232,Agress000,ildarx0x,Rippik,alfir,GestadeArkness,mib_UA,dark768,FluffyHive,cobrazmv,Druid123,sapsab010,tezkaxx,dopolob1,Lykanixin,nastyash,sawke,natashabekreneva,Dulse,maximixam,tamagotchi2009,struck466,sanlers,7tbg67hfn,xelbr2,storogil,dimon3,baloban6,KosTVaLeT,DigiHome,sokolik666,chronos12,6yx,murad71,Pepiturbo,dokmoi,ss_cop,Kitaminchik,Annita,eson4ik,Biginform,nazar89,Demmon83,skorpionn,Darvan,prafamod,nevkusnaja,1009972009,TaDGiK,nicklen,npuBeT2010,vorlov,papaidima,OgneMET
1.00;0.00;9.43;3.00;118749.58;3.24;127.85;5825.27;1701.30;2.71
------CLUSTER------
percent:2.36
size:74
Dym228,kain8,setjke,ReOrando,Vedaz,aSmitt,uzukage,amegas2,YMN,Crush_life,kabutoDS,Ironmn,V1tam1n_88,imYuriy,Francho,Evgenij_R,dalv194,PycJIaH,Danjos,taxiss,Dreney,HybridSandrOne,Wayne_Electro,Seigi,vnv761,HyperCreep,kapitan_dav,kim1,StudioKIS,Yalya,Archonious,bobkk,Clenten,Dreadmist,aleexaleex,Piromanter,torreodor95,Partizane,alexyr,Mahharius,anjil,seregan,searacer,pobi,airon_r,gojet,voran_30,rozon,holod_g,ito2,goldach,Stronzium,Asta_La_Vist,swindler2010,Besha,YaAlk,On1y,zavodilo_zavodilo,geb_45,zeb_loj,Pruh,Ariec666,DrakerInDoom,lojor,dokin,vojv,ekon,danila07991,ivan_shmarov,pjsterr,goradol,yolog,Lightness,Lukast
1.00;1.00;15.46;2.00;227002.08;4.78;867.72;17576.00;4117.18;2.30
------CLUSTER------
percent:1.76
size:55
Agrail5,veranika1234,c_b_rsashko,_321_,Phoenics2,Ravzik_Rine,diartp,buryat751,ghkm,Kletka55,aansip,SerGant,m0zg,mmauser,garbage1975,skyhunt1984,Beta_Rigel,dima_14_2010,Bitrix,Ackarida,Goblin3001,mttsks,dimon77726,St4rrySky,Bugorok,syhoi,Myrik_ZP,Arlandino,bemladen,PsIxUs,DenMal,dostoevski,walerka01,KORAKER,kokajumbo1,Systemshik,murta,Maliti,Idiot25,SPDC,grinhor,Begemot_nn,worker71,duh2,12volk12,Lenusichka,zvukach,kyc0k,Nika_Prem,nexoday,bmvka,toresito,DiegolDeLalVega,MaxFax,TERMODINAMIKA
0.00;2.00;24.16;3.00;708276.35;92.44;9907.31;48775.78;11971.04;14.34
------CLUSTER------
percent:1.56
size:49
Paradiz78,idolord,Vampir2007,kovalenko967,pin1089,Ksenz_88,vladik2712,Zavrrrrrrrrr,Reystlin_,G_Pavel,MihAny,buzmaks,GPON,mixbmw,12BU,jeisonn35,Botar666,zzz777,koshka_D,fnelzya,bandbus,Lenyysia,hooliganst_p,kost280283,guardacostas,_Snow_Bars_,WhiteRabbid,combik,KilgurBT,alex777d,Feelmycry,aureolus,freemen77,mr_kostja,is1n,sonOFsam,Nigg,shali,dartl,z0389,xBAGAx,HellLioN,ONIX13,Mikolate,odminkoS,mixaek,igrochan,TAPH,ElvenKnight
0.00;2.00;29.98;3.00;1390154.45;246.62;28848.22;62645.84;19061.75;27.50
------CLUSTER------
percent:1.41
size:44
Gamazila,ZloYGoGi,marinheira,dorimeri,badbald,lofa_p,arnitolog123,AndR10,Pivmen,RoxFiX,1_skoryj,abgreid340,Raszagal,SMT15,andrikizslonima,ABBenden,Missel,Kolunix,Kevin01,komandos,Werpo2,Pretorian_CC,kaktusino08,Hitman_666,artemidii,endor,fritzzzzz,Area85,DK8,didkovskij,sergey42,roman_av,andreysusie,Rachid_1979,samosa18,k0mp0zit0r,gio72,Peridromophil,gela75,smitt1803,Arhimagistrat,Nothrog,Le_Gran,geroldin1964
1.00;1.00;17.43;3.00;335326.73;19.21;3904.30;21348.55;6209.45;2.51
------CLUSTER------
percent:1.25
size:39
T0Pdog,sergiorossi,Kibenematika,Hore,KOPOHA_P,Xinde,amanit,AlfaStrah,Technik666,rusruslan,Gardenman,mihail2010,jzerica,Igorovic,Torrents,Aversss,gebert1980ira,333000333,lekomcev1975,anizot,korvala,bb111200,aizek6,xAntoxAx,sapffir,Mertvii,apollo131289,Gerlen,spamik,sly_fly,blacksea72,LorD_OF_ThE_LasT_DaY,sitakka,magnitka,maximum_11,viktoreg,vovikz,carlosita,bigbrick
1.00;2.00;28.18;3.00;1073986.15;181.05;27095.87;57415.34;14575.10;18.24
------CLUSTER------
percent:0.89
size:28
Indestructable,Hapik,sem_alex,DOK082,thirion1850,balashak,777Evgen777,ralphic,kapitanpetr,gerakyl666,KerrLaeda,potapvano,cyberiya,NicoMastak,69rand,lehaostankino1,xSTARBUCKx,lafon,Lida12,paradis66,wentzel,Ezzzik,1Desantnik,JCB,cte02,MrNOname1,ET_Skip,Zlat_
0.00;0.00;15.29;3.00;327245.85;6.06;2381.18;11970.96;8292.89;22.30
------CLUSTER------
percent:0.67
size:21
Erti,danil95_09,jojering,1error1,Meltiron,TPAXTEPPOPSHA,madfisher,PhoenixWright,serementiy,Zikkon,qwetrew2,vurdalak0404,zackaz,Troshabb,leamevealone,netspook,hfft2007,GHTKFN,lex_x84,hauseanton,Whi11S
1.00;2.00;17.76;2.00;324793.96;6.24;1203.81;26942.95;4670.38;2.34
------CLUSTER------
percent:0.67
size:21
guruns,soldier777,dddiiimmm13,tosnja,1900000000,BoneDog,faustrol,ALEXEYXXX3,brew20,frfl,yetim,Folian,onza,knight013,T_E_S_L_A,litlepoket,Daancer,mandarinus33,olegmos07,jabloko283,SeregaSU
0.00;0.00;13.71;2.00;176006.38;2.80;926.19;12676.86;5216.81;18.26
------CLUSTER------
percent:0.57
size:18
AGA000,abyfk,MIRAY,kivabl,kataros,GLoBaLANaRcHiA,lordpuma,ZloiSTELS,mimme,Arshak202,DaRTMuR,spiridon1973,cool_vovkins,DarkGuest,eka_s,wasp15,IchibanBasi,Fakel_2010
0.00;1.00;17.56;3.00;258377.26;25.36;1379.94;24512.94;5566.56;4.92
------CLUSTER------
percent:0.42
size:13
st12dk,boloyang2008,bestbroker,kavas23,Wuglusker,Nick_II,sollex,Termo_Voin,ComData,TSAr_BOBr,0K0,Tasman05,makerpeace
0.00;2.00;31.08;3.00;1798203.52;193.67;23419.62;51019.77;57197.92;6.20
------CLUSTER------
percent:0.38
size:12
vaz21047,Semenich01,an26,Sokratas,totaldeath7,florit,Defffolt,styurij22,BOOMych,vinni007,Wintermen,starmaxi
1.00;2.00;35.75;3.00;2228154.16;449.20;36645.75;48941.00;70893.84;3.18
------CLUSTER------
percent:0.38
size:12
Eddi4ka,Maximus89,DARSHAN,TENb_,maxpvm1,ITZ_dav,InNalchik,KPOMEWHiK,BOBAH63RUS,kavas232,WhiteCuguar,fodi
0.00;2.00;35.58;3.00;1996301.72;522.51;37190.33;61038.25;47092.67;19.09
------CLUSTER------
percent:0.35
size:11
Iker13,Dadhunter_sergey,Totek,igor1504,vovareshetov,nugopacuk,medved_max1234,lzdjk1,andrei25776,AddBoyNick,Anna25776
1.00;0.00;11.27;1.00;113078.27;0.06;310.27;9204.09;1572.91;34.30
------CLUSTER------
percent:0.35
size:11
slaziz,sUnShInE2009,itsm,Sumka2,Sumka1,callobok,143980,Ephor,Toha26rus,T0n1S,freja_96
0.00;1.00;16.64;2.00;209654.35;4.40;749.00;22076.27;4086.45;3.88
------CLUSTER------
percent:0.32
size:10
mixa81,zxcvrn1,VanoKZ,den_2002,Filcasee,LGi,Blusius,facehunter,mind_twins,Sparta2000
0.00;0.00;6.20;1.00;50383.80;0.00;132.40;3710.00;861.40;29.48
------CLUSTER------
percent:0.29
size:9
ice_76,Vagrant,opozzed,volodjalukjanov,seleech,P_AlexB,Spiceworks,kostyasem07,xatyn
1.00;1.00;14.11;1.00;199138.79;3.82;734.11;14087.55;3329.33;4.09
------CLUSTER------
percent:0.26
size:8
Quattro2505,ksevl2,novikya,alexey1964,StudentUA,Arkaviel,kananada,RAEDEN
1.00;2.00;23.63;3.00;1187195.43;54.58;9715.25;51845.62;8392.12;31.46
------CLUSTER------
percent:0.26
size:8
kenata,behappy2008,Erratum,VIKra,swartalf,mrak3108,Prolom,kuxot
1.00;2.00;30.37;3.00;1404541.74;249.50;29375.37;73764.25;11783.50;38.02
------CLUSTER------
percent:0.22
size:7
chuma2008,kren_vamm,m_grigore,1GA,nettoo,Layba,fag07
1.00;2.00;34.00;3.00;2315643.00;408.06;31694.71;65168.86;40556.00;27.98
------CLUSTER------
percent:0.19
size:6
narkotikmax,goblin2078,flint77,Alisa121,ilya44,Effion
1.00;1.00;21.83;3.00;349779.48;89.29;6589.00;36746.67;6767.17;25.82
------CLUSTER------
percent:0.19
size:6
Inna2010,Austa,Vimarster,Llevella,Gekon2001,rustuk
0.00;2.00;40.50;3.00;961164.36;531.38;106393.33;58795.00;20693.33;10.26
------CLUSTER------
percent:0.19
size:6
BlackseaClown,rijaya03,Kanbera,gooddraiv,hazer888,Alexeyxxx2
0.00;1.00;17.00;3.00;337774.35;9.20;1208.00;20597.33;7654.00;22.67
------CLUSTER------
percent:0.19
size:6
koss1988,97serega2009,KortesTitan,catmad,barbasins,Yurge
0.00;2.00;18.33;2.00;364621.17;6.34;1366.17;31077.00;4712.83;3.69
------CLUSTER------
percent:0.19
size:6
gosha5_55,lobadur,lisodav,rww67,nash_48277,RAKSHAZ
0.00;2.00;39.83;3.00;1480667.20;1039.61;32286.83;92963.17;22203.17;16.92
------CLUSTER------
percent:0.16
size:5
Solarees,DrLightman,Shezar,markuson,osmin
1.00;0.00;12.40;1.00;175404.81;0.00;312.60;11311.80;2093.20;19.82
------CLUSTER------
percent:0.16
size:5
TinkyWinky,susaninsv,Alhulav,DeadEjig,tis1
1.00;3.00;67.80;3.00;5687799.44;4342.44;48062.40;94414.20;28619.80;34.83
------CLUSTER------
percent:0.16
size:5
141087,Colt943,biperch,baka_umka,jakatau
1.00;3.00;31.20;3.00;1509925.67;258.97;11118.40;89926.00;15766.00;24.62
------CLUSTER------
percent:0.13
size:4
KorvinCW,fora_d,_3mey_,Get_It
0.00;2.00;44.50;3.00;900626.74;1821.44;11331.50;97434.25;12124.00;4.12
------CLUSTER------
percent:0.13
size:4
Glyants,Macedonyus,roman723,Ssang
1.00;2.00;48.75;3.00;2397044.51;1524.17;48209.00;101264.25;40393.25;3.31
------CLUSTER------
percent:0.13
size:4
Zelenaya8,vldimirpetrenk,able75,Ferling
1.00;3.00;60.25;3.00;6628893.27;2945.29;54329.75;131314.50;17795.00;36.77
------CLUSTER------
percent:0.10
size:3
DemonSDN,ZakopateL,rozhik
1.00;2.00;42.00;3.00;1993627.64;537.80;86354.67;65950.00;46318.00;1.85
------CLUSTER------
percent:0.10
size:3
Daine,Mc_DEN,iskdir
0.00;2.00;42.33;3.00;3313577.48;955.27;60697.67;61348.67;47680.00;31.89
------CLUSTER------
percent:0.10
size:3
mmisher,oldvolk1,Great_World
1.00;2.00;18.67;2.00;582788.30;0.25;2342.00;30184.33;4012.33;26.16
------CLUSTER------
percent:0.10
size:3
xxDRONxx,DJABA_2,stop_mult
0.00;2.00;60.33;3.00;4573102.65;3306.13;12189.00;114208.01;19773.67;35.34
------CLUSTER------
percent:0.10
size:3
LoneWolf2004,kolera,Vasilisk_
1.00;2.00;42.00;3.00;2665585.19;616.96;69580.00;55230.00;82315.33;12.77
------CLUSTER------
percent:0.10
size:3
nataha_22,vern2,niko_samara
1.00;3.00;50.67;3.00;3375327.84;1805.11;62479.66;105087.67;23056.00;41.64
------CLUSTER------
percent:0.10
size:3
nuBac,hatredworld,mif_ugra
1.00;3.00;40.33;3.00;2212446.88;604.07;46833.67;122008.33;24916.33;29.85
------CLUSTER------
percent:0.10
size:3
ElectS,NextL1fe,Raptor32
1.00;0.00;8.67;1.00;71281.34;0.00;1.33;4945.00;761.00;65.17
------CLUSTER------
percent:0.06
size:2
Sergeysesssss,Stydent32
0.00;0.00;3.00;1.00;3205.50;0.00;0.00;571.00;136.50;48.98
------CLUSTER------
percent:0.06
size:2
DrMika88,Digerr
1.00;0.00;8.50;1.00;62518.00;0.00;30.00;4602.50;816.50;48.69
------CLUSTER------
percent:0.06
size:2
lapik810,konan_volk
1.00;3.00;41.00;3.00;2775851.95;660.90;69610.50;83102.50;37273.50;27.00
------CLUSTER------
percent:0.06
size:2
morkovko2010,Starcros
1.00;3.00;49.50;3.00;2405140.37;370.89;175871.51;96123.50;15870.50;42.15
------CLUSTER------
percent:0.06
size:2
Draiv_t,Morrr
1.00;3.00;35.00;3.00;972576.53;420.52;46632.50;75203.50;23743.50;5.16
------CLUSTER------
percent:0.06
size:2
hoNchi,ZhekaSH
0.00;2.00;75.50;3.00;1393476.06;5640.32;47218.50;74052.50;33545.50;1.54
------CLUSTER------
percent:0.06
size:2
Vadyuxa,erehbi
1.00;2.00;45.50;3.00;2551618.06;331.98;152719.99;63185.50;36314.00;25.93
------CLUSTER------
percent:0.06
size:2
veeroshek,Ziker
1.00;3.00;92.50;3.00;5626578.63;8069.20;80548.00;88712.50;28197.50;37.84
------CLUSTER------
percent:0.06
size:2
kisskisa,Dorca_Forbarra
1.00;2.00;38.50;3.00;1159579.04;701.46;22991.50;107896.00;20574.00;27.00
------CLUSTER------
percent:0.06
size:2
Akhinaton,OLEG_KRUTOY1
1.00;2.00;38.50;3.00;389245.99;13.69;136993.51;58495.50;11936.00;3.54
------CLUSTER------
percent:0.06
size:2
urhon,AndVarVar
1.00;3.00;61.50;3.00;4313111.82;1688.79;182135.00;87069.00;47713.50;35.30
------CLUSTER------
percent:0.06
size:2
185014,13lena
1.00;3.00;36.50;3.00;1956484.99;600.56;44923.50;86025.50;10651.00;41.15
------CLUSTER------
percent:0.06
size:2
tayno,Kerk_
1.00;2.00;42.50;3.00;1882004.52;882.37;73431.50;101528.50;10908.00;37.54
------CLUSTER------
percent:0.06
size:2
Vestring,Besitzerin
1.00;1.00;18.00;2.00;350518.52;16.30;3148.00;23277.50;4285.00;36.07
------CLUSTER------
percent:0.06
size:2
Nerrzool,vladimirmvmu
0.00;2.00;46.50;3.00;3331768.86;551.24;114674.00;103625.01;32170.00;32.23
------CLUSTER------
percent:0.06
size:2
imperationne,Kulikov10341
1.00;2.00;70.00;3.00;5561007.01;4393.39;58881.00;78219.50;41214.50;33.70
------CLUSTER------
percent:0.06
size:2
shmaks007,Prince_Zart_Arn
0.00;3.00;42.50;3.00;2083011.89;882.90;64159.00;92954.00;28059.50;29.30
------CLUSTER------
percent:0.06
size:2
Samuraij,BierMeister
0.00;2.00;99.00;3.00;1903898.42;9987.63;69188.50;69315.50;42698.00;5.00
------CLUSTER------
percent:0.06
size:2
tsef666,APOHAP
1.00;2.00;41.50;3.00;2335743.18;778.41;47910.50;78055.00;50338.00;12.00
------CLUSTER------
percent:0.06
size:2
Zomba_Inc,__sid__
1.00;2.00;59.00;3.00;2603229.93;1616.17;186598.00;83396.50;19016.50;32.77
------CLUSTER------
percent:0.03
size:1
narkommax
0.00;3.00;146.00;3.00;57949777.00;58068.90;174578.00;156785.00;21445.00;37.38
------CLUSTER------
percent:0.03
size:1
serg4100
1.00;3.00;145.00;3.00;35044761.64;49318.80;102222.00;134180.00;31036.00;41.69
------CLUSTER------
percent:0.03
size:1
sevilla135
1.00;3.00;99.00;3.00;18504664.55;9264.94;48523.00;95050.00;87398.00;37.38
------CLUSTER------
percent:0.03
size:1
XXxLLlll
1.00;3.00;118.00;3.00;17058916.40;17256.20;39914.00;167123.00;26069.00;50.77
------CLUSTER------
percent:0.03
size:1
abkbys
1.00;3.00;127.00;3.00;9710106.09;24387.00;96914.00;139585.00;14837.00;47.23
------CLUSTER------
percent:0.03
size:1
ploher1
1.00;2.00;135.00;3.00;9249032.33;32856.30;110578.00;84122.00;47862.00;18.92
------CLUSTER------
percent:0.03
size:1
yura111
1.00;3.00;114.00;3.00;7926236.15;14999.90;75669.00;135858.00;20887.00;37.38
------CLUSTER------
percent:0.03
size:1
nicknh
1.00;3.00;108.00;3.00;6236239.85;10707.00;185210.00;72274.00;88549.00;33.38
------CLUSTER------
percent:0.03
size:1
Michelok
1.00;2.00;39.00;3.00;5349182.86;0.04;32921.00;48302.00;148051.00;26.00
------CLUSTER------
percent:0.03
size:1
yurhome
1.00;3.00;31.00;3.00;5307919.96;70.93;736.00;135925.00;8905.00;43.54
------CLUSTER------
percent:0.03
size:1
wikzai
1.00;2.00;66.00;3.00;5052599.86;3799.69;44480.00;55060.00;83779.00;34.46
------CLUSTER------
percent:0.03
size:1
sanya88
0.00;3.00;51.00;3.00;5048422.19;2309.27;15166.00;125945.00;25321.00;35.08
------CLUSTER------
percent:0.03
size:1
wadicaz
1.00;2.00;95.00;3.00;4814296.99;9216.16;32928.00;80650.00;28868.00;53.54
------CLUSTER------
percent:0.03
size:1
OlinVolk
1.00;2.00;39.00;3.00;4710236.93;96.39;25916.00;39540.00;173399.00;7.38
------CLUSTER------
percent:0.03
size:1
Scvoch_Master
1.00;3.00;42.00;3.00;4661623.82;309.91;58171.00;91611.00;71177.00;30.62
------CLUSTER------
percent:0.03
size:1
oleg731389
0.00;3.00;43.00;3.00;4522781.08;1039.98;31124.00;91875.00;65244.00;30.00
------CLUSTER------
percent:0.03
size:1
krestnik98
1.00;3.00;98.00;3.00;3702499.87;9445.52;54929.00;100664.00;64831.00;6.15
------CLUSTER------
percent:0.03
size:1
Kolokolnik
0.00;3.00;64.00;3.00;3699336.83;3998.92;13355.00;124762.00;15590.00;24.15
------CLUSTER------
percent:0.03
size:1
pnpnick
1.00;2.00;77.00;3.00;3411793.94;5448.45;61641.00;49525.00;74961.00;22.46
------CLUSTER------
percent:0.03
size:1
Mic
0.00;2.00;36.00;3.00;3234005.96;0.02;14689.00;45221.00;141407.00;18.62
------CLUSTER------
percent:0.03
size:1
_knopka_
0.00;2.00;93.00;3.00;3187316.97;7959.62;75536.00;117253.00;16098.00;32.31
------CLUSTER------
percent:0.03
size:1
Fuori
1.00;2.00;45.00;3.00;2791633.06;1012.54;29950.00;96845.00;76316.00;32.92
------CLUSTER------
percent:0.03
size:1
jeesus
0.00;3.00;113.00;3.00;2463828.93;15558.00;18250.00;92800.00;19370.00;32.31
------CLUSTER------
percent:0.03
size:1
GoldenFish
0.00;2.00;43.00;3.00;2446031.96;917.15;61398.00;54198.00;79300.00;24.62
------CLUSTER------
percent:0.03
size:1
Encephalon
1.00;3.00;41.00;3.00;2312960.93;0.90;64288.00;81510.00;114796.00;3.08
------CLUSTER------
percent:0.03
size:1
Gefard
1.00;2.00;89.00;3.00;2292702.95;101.10;706271.00;71695.00;14009.00;10.31
------CLUSTER------
percent:0.03
size:1
red_panda
0.00;2.00;69.00;3.00;2234062.09;4576.76;28238.00;51713.00;63771.00;9.38
------CLUSTER------
percent:0.03
size:1
xXxRAWENxXx
1.00;3.00;39.00;3.00;2151860.97;458.73;26026.00;149810.00;20400.00;7.38
------CLUSTER------
percent:0.03
size:1
lheu4
1.00;2.00;110.00;3.00;2132210.03;13558.30;43816.00;148619.00;21059.00;47.23
------CLUSTER------
percent:0.03
size:1
moer
0.00;2.00;61.00;3.00;1902561.06;3808.70;25655.00;79985.00;31361.00;28.31
------CLUSTER------
percent:0.03
size:1
HTML2k
1.00;2.00;83.00;3.00;1871943.10;5186.39;157214.00;104834.00;19526.00;1.08
------CLUSTER------
percent:0.03
size:1
SmallGoblin
0.00;3.00;31.00;3.00;1769653.99;398.05;10690.00;67262.00;28836.00;26.31
------CLUSTER------
percent:0.03
size:1
mdkChaos
0.00;2.00;41.00;3.00;1713970.01;561.11;30574.00;126615.00;28359.00;21.69
------CLUSTER------
percent:0.03
size:1
A_nti_P
1.00;2.00;79.00;3.00;1519577.03;551.36;527886.01;60260.00;12604.00;38.15
------CLUSTER------
percent:0.03
size:1
Pogrebspivom
1.00;2.00;72.00;3.00;1416257.00;5287.87;46520.00;44559.00;31327.00;0.77
------CLUSTER------
percent:0.03
size:1
oleoleola
0.00;2.00;130.00;3.00;1377526.02;27866.90;51423.00;66352.00;37035.00;34.31
------CLUSTER------
percent:0.03
size:1
LEXA6P9HCK
1.00;2.00;25.00;3.00;1347105.05;4.16;817.00;26231.00;56101.00;2.00
------CLUSTER------
percent:0.03
size:1
darik
1.00;2.00;33.00;3.00;1342482.02;604.64;22103.00;80351.00;6195.00;56.15
------CLUSTER------
percent:0.03
size:1
indau
0.00;2.00;49.00;3.00;1209929.97;2772.14;27177.00;46090.00;15409.00;27.38
------CLUSTER------
percent:0.03
size:1
Warrioriss
0.00;2.00;74.00;3.00;1026338.98;5329.33;50597.00;100600.00;13407.00;1.08
------CLUSTER------
percent:0.03
size:1
CoHbKo
1.00;2.00;21.00;2.00;752409.99;5.26;1974.00;46901.00;3117.00;64.15
------CLUSTER------
percent:0.03
size:1
Fantom1990
1.00;2.00;107.00;3.00;544650.01;13748.70;0.00;56962.00;6377.00;4.00
------CLUSTER------
percent:0.03
size:1
TANKER
1.00;0.00;18.00;2.00;473821.01;0.00;0.00;1440.00;34117.00;3.69
------CLUSTER------
percent:0.03
size:1
SVMinotavr
1.00;2.00;18.00;2.00;417916.00;0.00;1329.00;27345.00;3202.00;49.69
------CLUSTER------
percent:0.03
size:1
auto223
0.00;2.00;28.00;3.00;398909.01;68.73;13224.00;92395.00;9740.00;40.46
------CLUSTER------
percent:0.03
size:1
kapa74
1.00;1.00;16.00;2.00;335508.01;11.63;4.00;18686.00;4702.00;21.23
------CLUSTER------
percent:0.03
size:1
Tue_MihaN
1.00;0.00;16.00;2.00;247339.99;0.00;2567.00;16178.00;3398.00;18.62
------CLUSTER------
percent:0.03
size:1
Tank1981
1.00;0.00;17.00;3.00;124443.99;0.30;10222.00;10380.00;4507.00;28.15
------CLUSTER------
percent:0.03
size:1
Shayle
1.00;0.00;8.00;3.00;2514.00;0.40;412.00;1500.00;2381.00;15.54
