04:11:04 26.12.2011
hierarhy - mst: 89.56
hierarhy - kmeans: 82.52
gate;colony_count;level;liga;rank;bo;archeology;building;science;ra
------CLUSTER------
percent:69.94
size:998
Sanc,aladdinast,AnOoBiSss,nikita31,Erap,CoreGuy,eybutm,denik77,iwan3000,lst213,Smertokriil,KRASHTER,bume28,nikitosik45,xopc51,nitup,Makc2124,Vasyanach,vladvish,kotyazin,oks22,habor,dima456,odessey,Zombie646,x6x6x6x,nikitos1990,topate,777Blad777,Weepingangel,AZER8692,M_Christya,GODZlLLA,soldatdolga,phantom1309,11052000,ujgghjrc,nikila,Darkaurum,13Serega13,DaoKakao,Golovorez13,artorius14,NFD,gerosssss,128egik,ivak,narminator,Bayas_,dfvdf,hudeyjas,danil12199,Ruslan25,maksimusment02,KittiV,gatyz,snyder,Putnik2836,ushome1941,foks85,Lineholt,12212112,qwerty_1977,Nikolaparovoz,PATRICIY,BROK,vesferm,kpacada,kirill09,spiller01,NodanRU,slavaslava1999,niltel,Ferkis,ZigVarxaid,Zergoot,yura_immortal,Robotmac,Simplejke,Spock,lbyfvj,benzin01,bardoo,den141002,dan008,Allorna,Rochelle,SuperBERSERKER,1962472,liteyshik,vinnikovn,MartinRAIN,nikitapolt,79520298471,Kristalino,banga,bolgar,InkenT,armagedon2007,lkjhgg,Romka527,fafyonok,marat00714,Anton4ik13,Simpson_H,Emfast,vlad520,Kolotuschka,Anaqan,XdimanX,anvarsa,Galats,Strateg88,Bozhyk,fuckkkkkk,CHEMBERS,DIMA90765,yarmosha,yurko76,Joshik,droyz,alexandr94,anton501,RIFARD,Torvald_Nord,Anybis3,incone,greben,UrfinDzhus,DJUFIN81,polivod,Selfish,Flakoson,rerreree,White_Mit9l,qpxFESTUxqp,1234sasha4321,dreadful,mexekanez,parsus,Segoon,gheneck,malinna_zm,Burt74,sapsan5,m666,NahaRaha962,DEELES,jjuuju,Android2,viktor066,berdnikovsa,1sergej,sportak1,FrancLeo,shuric,ytuhjd,MaestroTV,fice,irinan07,alexwin1,211,DeNTer,stivdavis,lehiy93,16091975,zagarcheg,schsindrom,dester6565,LasTik007,chudilo,arikgev27,Kiriilll,Storona,dezari,akademikpavlov2,FpaHcy3,Nasuwalker,Catgun,Norton63,xxxHOUKxxxx,lelj9995,recnbycrbq,Mih66,Destiny_Hero,mihachipkov,cronfy,MINOR_,vasyaya,assassin1289,LaRcHiK,SIDMORT,denissimo16,shamuratov,eduardverzlov,StariPerdyn,veti1998,leoxan,eFFecT,CRYSISS,human2000,Any69,MIXAmag,samplegko,n141987,blondin1984,zyikas_265,mastrenkov2008,DenDeTot,Vovabeca,GyGy,JimmiWest,L1on001,heltin,stas260302,Glerius,st_lucka,naemik325,Ratio,KeParis,vlad9,warcraft98,arkan99,AndreyLi,toxa1602,Artaniz,huhrik2011,ksenia259,koliya,KennY1DeatH,FBI951,dorokhov,Nekomimi,tsar45,zagorodneff,lfneelpl,fiftifive,olya200,WightKnight,fasterdnb,Timirlan,Valter,strelok4s,evgen01_84,ZloyZak,glif,hohage,baggio69,alladin1983,fasteraswdf,leftdead,LordKoc,Kuzymaki,dnb444,Andry2003,79048423684,kamila12,seta11121978,gordeev275012,Spread88,Leizer,bvgjt,Avadog,CyPeH,ValerVp,Ruslan444223,hyneji,Andrei199203,ushakofff,sss555,serg22081977,Slash888,BlackMind,stalkeruga,Witaly80,misa8565,ivanivan00,DarkWint,olegdok,parapa,DarYa,Abai303,TweekeR,5sajmon,wrewrew,blackwood141,PLAF,dimoris,asqwera,Romankonckov,124757474852,Erdan,svet2269,Khalissy,7starkon7,denis81,shnurik,donetsking,vova181,leha33pro,UIN,muhlon,stepanko1,hjvfy,Flos,zarina201233,ForWARd_s,Aleksis11,valentin12,DAGER05,Viper1,Kingun,Undeadlol,den240281,aleksmurkin,0286,GraGO,MoneySQ,georgeq,gogos001,ydgin1983,pozitiv999,said2011,artisdent,zogo,tima23,agent93rus,zhbr29572,JoJO_9,artem20052005,popovmatvei,Roman7043,kiril1325,MihaSamara,orusbekova93,ALEX7450,JIVEC,wFristeRw,lill,BOBko,sujhan,Poteriarh,Zaratustra1,suslov,Mr_Germes,Zest01,mel3300,utjhu78,wampir94,faust45,Jekatd,tolan98,serginick,talismanoff,mio2,shorsha,karkasov,karolito,Smers34,Super8,Reapers,ssssssssss,lokei,GungraveDima,vladdddosik,niskita008,oleg27812,jooz,hellraiser,Specnaz2120,zigmund332,Stervets,seragl139,buratino2011,Poly9,aaa5721,suyhisd,hunterof23,divona,tvoya_AniKA,obychnyichel,Skaiper,Dezember,Hugges,dragon565,BlackVizier,kozancevat,kev,Price,Lazar1999,danngerdan,rezedent85,dDenimb,demonazer,gummers,hriak3,swenn,_ShlepoK_,dimanmsu,ghj4,5241552,tulen,kwnwwod,egor1888,_Green_,leoxanin,AnkaPro,266666665,gospoja06,rejina,mixamk,alex995,roma02021989,EGOR133,kosteglod,iliabin,termoboris,Max21091996,Karrra,denli97,PAWOK,MONSTERKILER,WARgeN,aleckgrigor4uk2012,kaoor,JaGuARrR4ikk,maximus2007,Iris001,bursa80,Fedor007,Rita67,silverbee,Darm,YSAMABENLADEN,tronnnnnn,gushin06,MrG94,Problema95,REXONAMEN7,Sylver,zhivilov00,prototype24,Ambrosias,dyachukigor,crossfare,exviper,luaba,jkjfgfg,klanz1997,azulus,dach_gamer,madkorish,tuthm2,lomm,gonzaa,sanya_sed,Busov,kentrol,aleksdr,Mezmerin,LEXA7654,zx001,kalash918,shtefanovi,tradeluk,isr7,wedmak56,noobster,bnd,madmedik,ckream003,lud_milka99,SuperMax,321dsd,kinder006,Kris2517,gnev1999,Bochok,WonderIce,Nightstalker,DANGER67,NAGIBATOR666,jepao1998,dodzh,1ken96,nikitochec,zaurbek,wishmaster72483,vitalii176,NerzulForces,faga,kitty13,ura1990,smileatme,sssr126,Maxusim,pasic,Cfg,Max59rus,Nic0,Legolil,warl0ck2008,SabOtuR,vikvikvik,artur009999,Klon_z,bayrakvlad,winner_111,Artem198989,Pb_u,andre999,KaDeT96,HEKTAP,Witcherxzx,mufas,dandex,Anton32,boland,84991982691,serega58,Grifon1998,chuper07,vlad1921,nehto19,arturs576,Pyffik,stasayn,Starfall17,exilcccp,Motama,loooool,vano8080,yhyjytjtyj,Danilauskas,aspectom,1000chertei,katebrunette,sany_813,knaz1991,abram111,DEviLlll,Toru,AlfaDog,diesel609,Tochikas,6547788,Askarot,Mrbon,killme,DEATHMEN,minecrafter,pahan109,murali,sekasergeyseka,enemyRUS,Genzel89,Sanchellos,CrazyBOJIK,qwertysdxa,cozhin,yurakmyta,ivgapon,Britva2009,Skiyliyne,Lomol,32111,Elvis161,andrey88,3apa3a,perets,ferondo,moko,Shraybikus,hfh,Dimano09,kemran26,Artemboom,balgaas,betta1,fkxtvbcn,kvinto99,dikabrazik,StasRV,1a1s1d,ZAZU,Bartezz,rod283283,Gladius1000,Nero333,kamanin,Morrokyn,Givi2012,reftik,ArchaicDefender,kostja07,199198,fenixblack,slava001,Fatonid,dante800,GOLCHIK,bepkyt2000,dim0nikus,Killhfnter,CONEVAL,gaw122,alexvh,Killer776,KirillMitin,lesha772,Lemonacs,CJRJK01,red45,maxcrow,Alekasan,makc1777,NECRO71,WebSnake,aferon,byl61,HappyRandom,Eia,bambu4i,diletant,angel2012,Shinyaev,shmul,666marko,lionhead,biklan,riferd137,Argossal,Loreta333,dvs007,sharkcool,oblomov,EvgeshaA,Immolatus,vatslau,tusao,virtuozas,dei40,varron,nikitanka,CeRdCeDKa,Linv,Vergeney,marklevant,demian46,giffon,Vadya159RUS,vikby,380964326493,Fearik,gbodga,utyf90utyf,Dark_GOR,Ket87,WildChild,predo,Paraclete,Anubis21,and123,7349849,dima58,andreww,Egor2802,Hebernot,kazancealeksandr,Lamelia,valera8177,volkonss,disa13131313,mentyra,SASHA9821,wolkosonder,OLEG555,Ramzes7474,kcibark,aciruk,Valdagor,fkvlt,sinerus88,TsubasaMi,GREMBURG59rus,slashkaua,PushEV,VonDorn,Volunteerka,ZeRgIUs,Ramonezz,K_V_A_D_R_A,suhopliev72,sannyboy163,caha999,Aerona,REXONAMEN,Sano14,isayka,vazilin,pupsik10322,BOBK90,Pehon,artem_v,DINOZAVR3,Diego_ramirez,aidosrai,artyom310,levaa17,PNX,RemNeo,piter198,Fylhtq555,vadders,sultan4ik,KADRoid,kolysto,sunnykitten2,Kramsalo,dgNastya,dvb87,bot_13,Arbitrator,FunGame,aleksandroya,Tomas11,tornadinio,olegipnox,sergeyvahr,maxplo,starec23,alximikrt,drovasi,Winamper,Festival,Petronik2103,dyherak,As123,cergnoxrin,Logion,Njarlatotep,alnik2720,Rokeroman,Golam,sashakiller33,killive1990,Gromoboi15ss,Legionys,Volc22,Ziderld,muxolov,zaxzaxs,ZzzerG,drozdofil143,rthz545,pirun,Mapoy,Cubawa,HelixDragonoid,Pocik,VOVIK80,Alex_Croft,faraon10000,Tagil,asakyra90,TIRATORE,Hakypu,Sarracenia,DDumBBaSS,Karhen,Vadimka1ka,mihason,zaxzax,FENIX29,vvulf2011,ssss1111,Anybis9,Therrey,killeromaks,cergeu2011,wenkyy,GTeR,xau,Zlobaa,Mercenaries,CKA3KA,Pianerik,Fantom2079,Krasavcheg,LordPioneR,UDAF,volohh,Kiri3,kol011235,Zaruba,costya,Alex501050,vanovoroneg,20grigorenko20,CTAC29,ghifro,egordrago,aidar19,Shanxaec,Kirsans2,feuerlotos,Manoroh,Arabella,kaspwip,alecse,Fagus,BROKER7,tvisterok,RASTRAS,aisidora,Puritanin,neo_n,leex,ArcGurrenLagann,wirowulf,SergeyS75,Age,arhangellord,donirur,vuvuy,a_angela1988,xSHNAPSx,Raul13,kyrbaka1990,brik,Perikl,sergey1998_555,arghonich,InFlames,WladZ,jinwar,appolonn,seshka,am1ck,mun5,RKMASTER,Skate,boroda71rub,FL0P,olegakimov54,Dinek_KZ,kill23,Snaiper_001,hero220011,rtwfkmrjfnkm1,fletik,Trayton,OXIMINION,genius09,AzaZema,SuChIyPoTrAx,VAINAX,xKAbuTOx,Derevnya,Elhant79,totktonado1,OwnerOfFate,renik,Lisindy,mustafar,1245698,noonan,Mirag70,kanodachi,riddik123,alekzan,pavel30,fugas777,Antares2011,UoPilot,cwarnoi,maklar,Takeda,Tur77,daniel007007,Ckarabey,Steel_Lion,PUSTOTA,kramunys,20002011,Vunder,EmiBow,Pavlin,madhunter13,Darkhuntshan,Falcorn,colohunter,kade,Ozy,SASHA50,Up87,sterling,denys1321,volshebnik31,TERORIO,dinotopli,Facepalmer,Adzel,Bromc,anchik89,renjiaero,SunFade,TheOleg,orin2012,KOt661,LaCross,Oddys,AlanTLT,smait97,rsvsergey,Kapernik,Trion666,xXdemonsXx,minitank,wolc,elisa97,22erty,kisska2307,usedplayer,sonatochka1,gmb,Titbit,devilmaydie1,bespalovser,WkisaW,cingiz8,rasengan,kullerr00,genrihment,dimaaaaaa,Mykhael,DarkValar,Frostworm,invin666,stjopa22,andreikhmuro,SOAD2106,svyazist,spiritoffear,lyapis,DarkGhost666,jetech,gelos7119,PoolShark,Makcim1244,delapro,SPBOMB,sezyk,JohnKiss,ZIP111,mario_prikol,samatron,chubzan,chs,tri4erz,DRUNEC,Barma,djasper,guskonikita,XangelusX,mutabor278,FYLHT145,lusiliu,sasha7004,wbf,DmitryKhomitchuk,zlodei83,Zloss,NAIT,Nalim82,Resistance,semerda1,aserwerten,trumpetC,zverolov,rimcius,NuaFyn,Pozitron,Spacer346,Ta6bl4,chaosit,Volk_E,Croatoan,lehaden,keylogger,Rezandr1,Advan,zu4ka,Volnogorsk,Narkodiller,_Katran_,pepitos,rodiohins
0.00;0.00;1.37;1.00;4128.26;0.00;4.67;159.39;33.07;0.00
------CLUSTER------
percent:6.94
size:99
st689,Sergiy1968,soranet,neveruncle,stalker19772008,nivian,Maks_Anik,prorok36,dhuus,sk1308,shumjuri,stalerserega,Dragon_Keeper,Shimaka,Zanty,yanken,Aladux,satanislovas,koksik666,Master112,vampir117,Amaltea,solo1328,sys777,yarikos24,den1313,kroha71,viplena605,Alitet,izum110,mr_perfect,zezar12,Kronos079,kosmoss,warloc69,Mugen,YosukiSan,ZeSide,CHEBUREK,ShEvA,MAPKC,ujgfhjj,Sneik,tryba5,Nyak,urgin2002,rex_s,sasha5556662,zaklad,nimezidaa,vbhjc,sagatero,Olehka2,valli12,Scion,9691,moridinevgen,nitrog25,ogliki,LUBOMIR1974,Asteroid25,Eternum,XePoH,BORODA7,agent0,kot71,snikers97,brokelmanov,vintfen,IIMMOR,Colony,JimiHendrix,yyk,V8T8V,repz4209,Lexsus111,1tur1,INSTRUCTAG1,Infiltrator,dgon666,kot985,offka,Arkanov,Zalupitel,YadoloV,maks300030,wayder,gari_malii,nonmob3103,James_Bond007,zombie007,alecseq,alanhorn,ORO999,glotovkonstantin,alekslit,bulavochka,arirgo,witaltec
1.00;0.04;8.61;1.00;151242.92;0.32;171.73;5084.27;1133.11;0.00
------CLUSTER------
percent:4.48
size:64
prostolion,KorvinP,kuraneclan,ACCA1,LordAlucard,wwl911,romanandru,666aptom999,A_Makedonka,Gamble,fosfor1999,Bury,nikollai,demoncon,zorge,tango_7,chay,HYMM,zhenja_kgd,ryslanchik2008,Are,Punya,fv1144,geroldin1964,Irdis,alex220174,zoloto2,Lavrentij,vfinogeev,JPS,Hunter,hroerk,AntohA85,sorokin119,Smith_lara,alxan,Ftvkun,uef2,lexa22s,juon85,elidos,evgentino,sansan,Novellino,vitrag,crover,ReyMysterio,VladikBoik,transnn,fomichenko,belozerskaya,straga,hashvis,RUPLERz,fsuomi1,pensioner72,kimstar,vitus78,Harper_Scout,PanteraKL,xxHUNTERxx,amorfia,konan_varvar,Triptophan
1.00;1.00;23.81;3.00;1161476.78;134.70;16087.95;32235.09;9411.30;0.00
------CLUSTER------
percent:2.87
size:41
Slabon,ibrova,ultimate1,sour,Yometsukai,LOB111,tehnolog,EugenAC,Kribs,michadas,sega1980,choff,4kb,Vavilon222,maxdima,Elkora,buginer,instaal,RJzzz,harius666,karatell1,AIIR,Y2009,corcy,pedro1990,strannik100,Nigg,ryzhsergejj,Hunta,skygirl,romahka,moskva3,JMC1,maximus89,Rony,rexston,morze333,Erland,freemen77,sergeypsb,vova_chip
0.00;1.00;22.44;3.00;1258814.73;53.01;11659.00;34889.78;10265.10;0.00
------CLUSTER------
percent:2.45
size:35
FU_SHU,WarWiner,DarkZeal,rubra,vOICe,DogLao,korael,Alexandersem,Lavrij,Deadrustle,Jonny_777,anri100178,gsd_r,trollkill,AlexDragon,valtazar,spiritvos1,EVE_Extrimal,Mangafox,lrez,flast,jekamaster,jekamaster76,lsashka,ojegin,sheddar,NewWayfarer,pqpaq,SVOI,strelesin,kirill1997,nikson76,Uther,Trionix,DirtyCat78
1.00;1.03;18.14;2.00;715639.13;11.96;2126.00;27279.94;3937.29;0.00
------CLUSTER------
percent:2.17
size:31
209087,TheJone,grafarektor,kurod,GadFly,Anarchy,bazzill10,555temik,alqumista,zanzibar2054,seregazyev,19972906,Nuligen,NEMO1234,vbnzq12,araks4422,alekspotapenko,manych1,acdc4098,korolewa,kashtanov19651,pitmoto,mtnigor,fortockin1,htubcnhfwbz25,Nata0790,wakart,davidbakaleynik1998,Accord_plus,Maymai,RAF79
0.00;0.00;4.29;2.00;50287.35;0.01;34.81;1989.58;420.32;0.00
------CLUSTER------
percent:2.17
size:31
mrak9745,Aversis,PonTorez,Dvirus,Nomar,rodikant,SunMarin,gendelf67,loliPedoKun,SlaF,igusik66,Noisia,milaska,ZELLO,vaz21047,diesell,machinist,olegkoz,mikrostov_702,John_Dragon,Podonok2222,dargo,ivo79,Sniff,xexeylhf,uNknownMark,fanton200911,111veser,airi,vovanjatka,140475
1.00;3.00;32.94;3.00;2974370.81;374.89;33933.48;81071.22;15464.90;0.00
------CLUSTER------
percent:1.68
size:24
NHKBN3NTOP,_Lenusichka,Annita,Filonov,virtualboy,igorechek,DIVERSANT4s,laeda1981,Biohazzard,RedOmar,Sigrin,krenbelek,zhy_zhy_,Rerik,sirius_1,Likvidator,SEREGA_63,darkiona,toha_killer,Turchik,uborschica,malyanovalex,ellorin,sokol775
0.00;0.00;11.33;3.00;322139.37;0.88;1352.96;8335.54;3998.13;0.00
------CLUSTER------
percent:1.54
size:22
sargona,rulio,dendi90,west21,ultrahacker1,aragon1971,genochka7,Gektorrus,budulasha,vjaerin,kon823,WERWOLF5011,sanyabessmertnii,aleksandr666,Arestey,Leomon,asks,Fagot99,Gotta,Keyra,Chaplin2011,Rightman
1.00;0.00;9.45;2.00;195944.76;0.96;223.86;6087.14;1815.41;0.00
------CLUSTER------
percent:1.12
size:16
Flout,OliverNight,dada,LmishaA,FROST82,kiiss81,Zuulluus,mikyy,Darckgodx,toxa1241,vezelvul2,LEONID20,KleineKrokodil,azarro627,Cummins,mauricio
1.00;0.00;10.50;3.00;235431.62;1.96;190.87;6740.19;2919.94;0.00
------CLUSTER------
percent:0.70
size:10
VIK_20,Brethrezen,Hidra_rTj,draiver,oma,free_man,Zga,Spirit_GL,KZB,parmalan
0.00;3.00;35.10;3.00;3897249.61;641.83;27946.70;85582.61;17751.70;0.00
------CLUSTER------
percent:0.63
size:9
_Moron_,test1111,novocat,stas1230,Alien3,distortion,dag83,Angryman,EAS1977
1.00;2.00;29.00;3.00;2146969.78;263.69;19393.00;61949.22;15865.11;0.00
------CLUSTER------
percent:0.56
size:8
PSIMM,tarantulMF,pashkin,Rostyslav,kozacok_2,stmaxst,CTPELOK777,Varvar_
1.00;3.00;55.62;3.00;5768482.71;1690.22;134911.38;89968.75;21880.62;0.00
------CLUSTER------
percent:0.49
size:7
Vital82,peha84,geolog,MrSiquel,Maraderihka,Morhf,_nattanfrey_
0.00;1.00;17.86;2.00;566857.18;2.00;2993.00;27199.29;3377.14;0.00
------CLUSTER------
percent:0.28
size:4
KOGAN777,Beliar_MS,Gilgamesh,tyxwn
1.00;3.00;50.75;3.00;5084831.02;110.22;203505.01;69779.00;53489.00;0.00
------CLUSTER------
percent:0.28
size:4
Nrjalathotep,Yesman,NLO_V,nikbrat
0.00;2.00;33.00;3.00;1767712.52;479.49;27594.50;64360.75;11031.25;0.00
------CLUSTER------
percent:0.14
size:2
lost_k,Polerio
1.00;2.00;56.00;3.00;2003775.55;2146.38;108522.99;77632.00;13199.00;0.00
------CLUSTER------
percent:0.14
size:2
dartl,akakash
1.00;3.00;34.50;3.00;5100178.22;352.90;27885.00;79737.50;43649.50;0.00
------CLUSTER------
percent:0.14
size:2
liveandlearn,Gerasim_fa
1.00;3.00;38.00;3.00;8090053.48;1081.14;24833.00;77852.50;18752.50;0.00
------CLUSTER------
percent:0.14
size:2
sav497,4312
0.00;3.00;46.50;3.00;3023527.20;1054.86;125288.50;87822.50;16076.50;0.00
------CLUSTER------
percent:0.14
size:2
vitok,GRECHKA
1.00;3.00;114.00;3.00;10139137.32;12996.35;234973.01;91030.01;34119.00;0.00
------CLUSTER------
percent:0.07
size:1
Enki
0.00;3.00;54.00;3.00;10993260.00;2032.96;23031.00;75715.00;96671.00;0.00
------CLUSTER------
percent:0.07
size:1
neat1ve
0.00;3.00;77.00;3.00;7597245.96;4677.64;97918.00;106865.00;23361.00;0.00
------CLUSTER------
percent:0.07
size:1
orbital
1.00;3.00;88.00;3.00;7162468.10;7967.02;31530.00;89900.00;22518.00;0.00
------CLUSTER------
percent:0.07
size:1
Igougowego
1.00;1.00;116.00;3.00;7148766.08;15499.90;128470.00;60230.00;79836.00;0.00
------CLUSTER------
percent:0.07
size:1
kapengagen2
0.00;3.00;59.00;3.00;6902307.29;2004.58;86078.00;155759.00;21721.00;0.00
------CLUSTER------
percent:0.07
size:1
KRIS100
1.00;3.00;101.00;3.00;5691599.26;7024.19;336081.00;97198.00;19274.00;0.00
------CLUSTER------
percent:0.07
size:1
fatinya
1.00;3.00;73.00;3.00;5205932.03;1821.60;306040.00;99916.00;22764.00;0.00
------CLUSTER------
percent:0.07
size:1
Azzazelo
0.00;3.00;100.00;3.00;4014566.89;9670.27;86280.00;103565.00;27571.00;0.00
------CLUSTER------
percent:0.07
size:1
geraklit
0.00;1.00;44.00;3.00;3311169.04;1112.71;35290.00;73736.00;17486.00;0.00
------CLUSTER------
percent:0.07
size:1
Softly
0.00;2.00;61.00;3.00;2988414.84;0.51;344839.00;71927.00;18054.00;0.00
------CLUSTER------
percent:0.07
size:1
bbuucchhaa
1.00;3.00;55.00;3.00;1825666.01;2840.13;19794.00;124283.00;8467.00;0.00
------CLUSTER------
percent:0.07
size:1
_Heo_
1.00;1.00;74.00;3.00;1627532.01;5876.04;17230.00;40495.00;18958.00;0.00
------CLUSTER------
percent:0.07
size:1
sergaaa
1.00;1.00;69.00;3.00;1443552.93;3544.82;147991.00;38070.00;19254.00;0.00
------CLUSTER------
percent:0.07
size:1
OnePiece
0.00;1.00;13.00;1.00;314196.00;0.00;363.00;11078.00;1933.00;0.00
